<?xml version="1.0" encoding="UTF-8" standalone="yes"?>
<dataStoreHaul xmlns:a="http://www.appian.com/ae/types/2009">
    <versionUuid>_a-0000ede7-4583-8000-9c23-011c48011c48_11427831</versionUuid>
    <dataStore>
        <uuid>_a-0000e4cd-1af4-8000-5255-1bef901bef90_85222</uuid>
        <name>EAP Run Config DS</name>
        <description>Primary Data Store for EAP Run Configuration Tables</description>
        <dataSourceKey>jdbc/Appian</dataSourceKey>
        <adaptingExplicitSqlNames>false</adaptingExplicitSqlNames>
        <autoUpdateSchema>false</autoUpdateSchema>
        <entities>
            <entity>
                <uuid>cc91b3bd-7731-4dff-8ed4-d19aa2722bb7</uuid>
                <name>EAP_T_RefCluster</name>
                <type>{urn:com:appian:types:EAP}EAP_T_RefCluster</type>
            </entity>
            <entity>
                <uuid>5b87eb10-659d-4297-80fb-ddf854cede42</uuid>
                <name>EAP_T_RefSubCluster</name>
                <type>{urn:com:appian:types:EAP}EAP_T_RefSubCluster</type>
            </entity>
            <entity>
                <uuid>eeb20b64-a25c-42e7-b504-b474e5df8ef2</uuid>
                <name>EAP_T_RefProcess</name>
                <type>{urn:com:appian:types:eap}EAP_T_RefProcess</type>
            </entity>
            <entity>
                <uuid>a6056a2b-0899-4b86-92ee-1685a5b298a7</uuid>
                <name>EAP_T_RefRunConfig</name>
                <type>{urn:com:appian:types:eap}EAP_T_RefRunConfig</type>
            </entity>
            <entity>
                <uuid>be200b1a-f764-497c-827d-c6e87d049b34</uuid>
                <name>EAP_T_RefProcessGroup</name>
                <type>{urn:com:appian:types:eap}EAP_T_RefProcessGroup</type>
            </entity>
            <entity>
                <uuid>ee00267f-4c42-482c-9688-a16f809f427a</uuid>
                <name>EAP_T_RefProcessUsers</name>
                <type>{urn:com:appian:types:EAP}EAP_T_RefProcessUsers</type>
            </entity>
            <entity>
                <uuid>ee7d2107-3d2b-4fb7-bff4-7c517f759965</uuid>
                <name>EAP_T_RefCalendarCountryDetails</name>
                <type>{urn:com:appian:types:eap}EAP_T_RefCalendarCountryDetails</type>
            </entity>
            <entity>
                <uuid>bdc68723-fb1a-4c54-8139-fa49f00ff2ee</uuid>
                <name>EAP_T_RefCalendarNonWorkingDay</name>
                <type>{urn:com:appian:types:eap}EAP_T_RefCalendarNonWorkingDay</type>
            </entity>
            <entity>
                <uuid>1d4cef47-a182-4c20-81c8-41e19a787579</uuid>
                <name>EAP_T_RefCalendarExceptionWorkingDay</name>
                <type>{urn:com:appian:types:eap}EAP_T_RefCalendarExceptionWorkingDay</type>
            </entity>
            <entity>
                <uuid>12c24bfc-4fd9-4d14-8b62-a69bc12f8876</uuid>
                <name>EAP_T_RefCalendarHoliday</name>
                <type>{urn:com:appian:types:eap}EAP_T_RefCalendarHoliday</type>
            </entity>
            <entity>
                <uuid>434657ad-06aa-4ada-b574-dff79205c588</uuid>
                <name>EAP_T_RunTimeSchedulerDetail</name>
                <type>{urn:com:appian:types:eap}EAP_T_RunTimeSchedulerDetail</type>
            </entity>
            <entity>
                <uuid>b3312c41-3551-4011-aaeb-13f6bc0e569e</uuid>
                <name>EAP_T_SimulatorAudit</name>
                <type>{urn:com:appian:types:eap}EAP_T_SimulatorAudit</type>
            </entity>
            <entity>
                <uuid>a9a15f7e-09ec-4c1c-84c8-28c7a5f6e16f</uuid>
                <name>EAP_V_RunTimeSchedulerDetail</name>
                <type>{urn:com:appian:types:eap}EAP_V_RunTimeSchedulerDetail</type>
            </entity>
            <entity>
                <uuid>c74eb198-4b03-4c04-a520-1eb148f0c08f</uuid>
                <name>EAP_T_CenterSegmentMapping</name>
                <type>{urn:com:appian:types:eap}EAP_T_CenterSegmentMapping</type>
            </entity>
            <entity>
                <uuid>d9b1b3f6-d86b-45ea-bd11-a51e98535d0e</uuid>
                <name>EAP_T_Center</name>
                <type>{urn:com:appian:types:eap}EAP_T_Center</type>
            </entity>
            <entity>
                <uuid>cca212b5-50ad-4d21-a908-e83d4ec76852</uuid>
                <name>EAP_T_MgdSegmentL8</name>
                <type>{urn:com:appian:types:eap}EAP_T_MgdSegmentL8</type>
            </entity>
            <entity>
                <uuid>caa9bf8f-ff97-4785-9682-a5d6f27ab85f</uuid>
                <name>EAP_T_MgdSegmentL7</name>
                <type>{urn:com:appian:types:eap}EAP_T_MgdSegmentL7</type>
            </entity>
            <entity>
                <uuid>b1287ddf-94f0-4879-ba3c-749c21437ab2</uuid>
                <name>EAP_PROCESS_EXTENSION</name>
                <type>{urn:com:appian:types:eap}EAP_T_PROCESS_EXTENSION</type>
            </entity>
        </entities>
    </dataStore>
    <isPublished>true</isPublished>
    <roleMap>
        <role inherit="false" allowForAll="false" name="administrators">
            <users/>
            <groups>
                <groupUuid>_e-0000e4c3-ab68-8000-5250-1b1e941b1e94_46</groupUuid>
            </groups>
        </role>
        <role inherit="false" allowForAll="false" name="authors">
            <users/>
            <groups/>
        </role>
        <role inherit="false" allowForAll="false" name="denyAdministrators">
            <users/>
            <groups/>
        </role>
        <role inherit="false" allowForAll="false" name="denyAuthors">
            <users/>
            <groups/>
        </role>
        <role inherit="false" allowForAll="false" name="denyReaders">
            <users/>
            <groups/>
        </role>
        <role inherit="false" allowForAll="false" name="readers">
            <users/>
            <groups>
                <groupUuid>_e-0000e4c3-ab68-8000-5250-1b1e941b1e94_43</groupUuid>
            </groups>
        </role>
    </roleMap>
    <history>
        <historyInfo versionUuid="_a-0000e4cd-1af4-8000-5255-1bef901bef90_85263"/>
        <historyInfo versionUuid="_a-0000e4cd-1af4-8000-5255-1bef901bef90_86170"/>
        <historyInfo versionUuid="_a-0000e4cd-1af4-8000-5255-1bef901bef90_93969"/>
        <historyInfo versionUuid="_a-0000e4cd-1af4-8000-5255-1bef901bef90_94443"/>
        <historyInfo versionUuid="_a-0000e4cd-1af4-8000-5255-1bef901bef90_98054"/>
        <historyInfo versionUuid="_a-0000e4cd-1af4-8000-5255-1bef901bef90_166662"/>
        <historyInfo versionUuid="_a-0000e4cd-1af4-8000-5255-1bef901bef90_191519"/>
        <historyInfo versionUuid="_a-0000e4cd-1af4-8000-5255-1bef901bef90_192863"/>
        <historyInfo versionUuid="_a-0000e4cd-1af4-8000-5255-1bef901bef90_198857"/>
        <historyInfo versionUuid="_a-0000e4e9-ef8d-8000-5259-1bef901bef90_319016"/>
        <historyInfo versionUuid="_a-0000e505-ae05-8000-525c-1bef901bef90_411365"/>
        <historyInfo versionUuid="_a-0000e505-ae05-8000-525c-1bef901bef90_419202"/>
        <historyInfo versionUuid="_a-0000e518-940a-8000-525e-1bef901bef90_559345"/>
        <historyInfo versionUuid="_a-0000e56b-0831-8000-5261-1bef901bef90_667092"/>
        <historyInfo versionUuid="_a-0000e9e9-0626-8000-9bb3-011c48011c48_33566"/>
        <historyInfo versionUuid="_a-0000ed9a-d049-8000-9c18-011c48011c48_10372204"/>
        <historyInfo versionUuid="_a-0000ede7-4583-8000-9c23-011c48011c48_11427831"/>
    </history>
</dataStoreHaul>
