<?xml version="1.0" encoding="UTF-8" standalone="yes"?>
<dataStoreHaul xmlns:a="http://www.appian.com/ae/types/2009">
    <versionUuid>_a-0000ed70-c987-8000-9c16-011c48011c48_9954531</versionUuid>
    <dataStore>
        <uuid>_a-0000e4cd-1af4-8000-5255-1bef901bef90_85240</uuid>
        <name>EAP Transformation Config DS</name>
        <description>Primary Data Store for EAP Transformation Configuration Tables</description>
        <dataSourceKey>jdbc/Appian</dataSourceKey>
        <adaptingExplicitSqlNames>false</adaptingExplicitSqlNames>
        <autoUpdateSchema>false</autoUpdateSchema>
        <entities>
            <entity>
                <uuid>7ac2d32d-f1e6-4fbe-b969-c8f212b83cee</uuid>
                <name>EAP_T_RefProcessWfTemplateConfig</name>
                <type>{urn:com:appian:types:eap}EAP_T_RefProcessWfTemplateConfig</type>
            </entity>
            <entity>
                <uuid>a36b295d-9c7d-45b4-9b8f-b0435177a823</uuid>
                <name>EAP_T_RefProcessWfTemplateVersions</name>
                <type>{urn:com:appian:types:eap}EAP_T_RefProcessWfTemplateVersions</type>
            </entity>
            <entity>
                <uuid>dfce746c-355b-4e6a-96a9-5f4d2392e9f0</uuid>
                <name>EAP_T_RefProcessWfActions</name>
                <type>{urn:com:appian:types:eap}EAP_T_RefProcessWfActions</type>
            </entity>
            <entity>
                <uuid>b8d2a451-043a-4121-ac5e-50f6637d602c</uuid>
                <name>EAP_T_RefProcessWfInputCopy</name>
                <type>{urn:com:appian:types:eap}EAP_T_RefProcessWfInputCopy</type>
            </entity>
            <entity>
                <uuid>58579647-7ee8-483d-b7c7-e369af8fa227</uuid>
                <name>EAP_T_RefProcessWfEntitySheetMapping</name>
                <type>{urn:com:appian:types:eap}EAP_T_RefProcessWfEntitySheetMapping</type>
            </entity>
            <entity>
                <uuid>d5721deb-2ef5-4fc1-a62d-305be5642072</uuid>
                <name>EAP_T_WFEntitySheetFilters</name>
                <type>{urn:com:appian:types:eap}EAP_T_WFEntitySheetFilters</type>
            </entity>
            <entity>
                <uuid>65c81098-516d-43cb-8882-2a2aa0fdfbbc</uuid>
                <name>EAP_T_RefProcessWfFixedCells</name>
                <type>{urn:com:appian:types:eap}EAP_T_RefProcessWfFixedCells</type>
            </entity>
            <entity>
                <uuid>a9e0ad92-2a48-47bb-b515-fd816b9184ef</uuid>
                <name>EAP_T_RefProcessWfRefreshPivot</name>
                <type>{urn:com:appian:types:eap}EAP_T_RefProcessWfRefreshPivot</type>
            </entity>
            <entity>
                <uuid>79fe1daa-d832-447b-bbce-cf717c359245</uuid>
                <name>EAP_T_RefProcessWfSheetFilters</name>
                <type>{urn:com:appian:types:eap}EAP_T_RefProcessWfSheetFilters</type>
            </entity>
            <entity>
                <uuid>276d03b6-7c8d-4e4f-8914-97d1c36d9f86</uuid>
                <name>EAP_T_RefProcessWfSheetCopy</name>
                <type>{urn:com:appian:types:eap}EAP_T_RefProcessWfSheetCopy</type>
            </entity>
            <entity>
                <uuid>c26829dd-45ce-47dd-a811-c2ba28afb027</uuid>
                <name>EAP_T_RefProcessWfSheetCopyMapping</name>
                <type>{urn:com:appian:types:eap}EAP_T_RefProcessWfSheetCopyMapping</type>
            </entity>
            <entity>
                <uuid>6d77d613-f7dc-4e97-9441-5c43a7286df9</uuid>
                <name>EAP_T_RefProcessWfOutputCopy</name>
                <type>{urn:com:appian:types:eap}EAP_T_RefProcessWfOutputCopy</type>
            </entity>
            <entity>
                <uuid>a2f529d2-5064-45c4-818b-51d41d03ce11</uuid>
                <name>EAP_T_RefProcessWfSheetEntityMapping</name>
                <type>{urn:com:appian:types:eap}EAP_T_RefProcessWfSheetEntityMapping</type>
            </entity>
            <entity>
                <uuid>6cabb2d2-7c93-4b3b-9352-933b9ed545b5</uuid>
                <name>EAP_T_RefProcessWfCustomAction</name>
                <type>{urn:com:appian:types:eap}EAP_T_RefProcessWfCustomAction</type>
            </entity>
            <entity>
                <uuid>243d3ef6-0dd0-4f35-a791-59a69991c435</uuid>
                <name>EAP_T_RefProcessWfCustomActionMapping</name>
                <type>{urn:com:appian:types:eap}EAP_T_RefProcessWfCustomActionMapping</type>
            </entity>
            <entity>
                <uuid>74aaed55-aa2b-4cd8-b9ff-42811fb93ff2</uuid>
                <name>EAP_T_RefProcessWfCallBackProcessModels</name>
                <type>{urn:com:appian:types:eap}EAP_T_RefProcessWfCallBackProcessModels</type>
            </entity>
            <entity>
                <uuid>d05c6b45-9631-4177-9799-ced29e83e5f1</uuid>
                <name>EAP_T_RequestWfTransformTrans</name>
                <type>{urn:com:appian:types:eap}EAP_T_RequestWfTransformTrans</type>
            </entity>
            <entity>
                <uuid>c44e11f2-538e-4342-81c7-44006279f3cd</uuid>
                <name>EAP_T_WfRuntimeFixedCells</name>
                <type>{urn:com:appian:types:EAP}EAP_T_WfRuntimeFixedCells</type>
            </entity>
            <entity>
                <uuid>3a52e62d-b82c-4b38-a1dc-99f812aa395b</uuid>
                <name>EAP_T_PivotFilter</name>
                <type>{urn:com:appian:types:eap}EAP_T_PivotFilter</type>
            </entity>
            <entity>
                <uuid>254bfd21-c66e-4273-a857-9f584a9de23d</uuid>
                <name>EAP_T_PivotFilterMapping</name>
                <type>{urn:com:appian:types:eap}EAP_T_PivotFilterMapping</type>
            </entity>
            <entity>
                <uuid>874da47f-cad0-4bfa-bc5b-39eff5448707</uuid>
                <name>EAP_T_WfTransposeConfig</name>
                <type>{urn:com:appian:types:eap}EAP_T_WfTransposeConfig</type>
            </entity>
            <entity>
                <uuid>f0fe02b3-0199-42c3-a09d-ed7ada9369d2</uuid>
                <name>EAP_T_WfTransposeMapping</name>
                <type>{urn:com:appian:types:eap}EAP_T_WfTransposeMapping</type>
            </entity>
            <entity>
                <uuid>d7ce7ab6-f1fa-415f-85ac-12b15370f204</uuid>
                <name>EAP_T_WfTransposeFilters</name>
                <type>{urn:com:appian:types:eap}EAP_T_WfTransposeFilters</type>
            </entity>
            <entity>
                <uuid>c4ab3977-912c-456b-a86f-d716b293f0b8</uuid>
                <name>EAP_T_WfMacroExecution</name>
                <type>{urn:com:appian:types:EAP}EAP_T_WfMacroExecution</type>
            </entity>
        </entities>
    </dataStore>
    <isPublished>true</isPublished>
    <roleMap>
        <role inherit="false" allowForAll="false" name="administrators">
            <users/>
            <groups>
                <groupUuid>_e-0000e4c3-ab68-8000-5250-1b1e941b1e94_46</groupUuid>
            </groups>
        </role>
        <role inherit="false" allowForAll="false" name="authors">
            <users/>
            <groups/>
        </role>
        <role inherit="false" allowForAll="false" name="denyAdministrators">
            <users/>
            <groups/>
        </role>
        <role inherit="false" allowForAll="false" name="denyAuthors">
            <users/>
            <groups/>
        </role>
        <role inherit="false" allowForAll="false" name="denyReaders">
            <users/>
            <groups/>
        </role>
        <role inherit="false" allowForAll="false" name="readers">
            <users/>
            <groups>
                <groupUuid>_e-0000e4c3-ab68-8000-5250-1b1e941b1e94_43</groupUuid>
            </groups>
        </role>
    </roleMap>
    <history>
        <historyInfo versionUuid="_a-0000e4cd-1af4-8000-5255-1bef901bef90_85244"/>
        <historyInfo versionUuid="_a-0000e4cd-1af4-8000-5255-1bef901bef90_90359"/>
        <historyInfo versionUuid="_a-0000e4cd-1af4-8000-5255-1bef901bef90_93988"/>
        <historyInfo versionUuid="_a-0000e4cd-1af4-8000-5255-1bef901bef90_170584"/>
        <historyInfo versionUuid="_a-0000e4cd-1af4-8000-5255-1bef901bef90_182948"/>
        <historyInfo versionUuid="_a-0000e4e9-ef8d-8000-5259-1bef901bef90_317717"/>
        <historyInfo versionUuid="_a-0000e4e9-ef8d-8000-5259-1bef901bef90_376455"/>
        <historyInfo versionUuid="_a-0000e505-ae05-8000-525c-1bef901bef90_407605"/>
        <historyInfo versionUuid="_a-0000e505-ae05-8000-525c-1bef901bef90_411358"/>
        <historyInfo versionUuid="_a-0000e505-ae05-8000-525c-1bef901bef90_415858"/>
        <historyInfo versionUuid="_a-0000e505-ae05-8000-525c-1bef901bef90_420263"/>
        <historyInfo versionUuid="_a-0000e518-940a-8000-525e-1bef901bef90_493140"/>
        <historyInfo versionUuid="_a-0000e9e9-0626-8000-9bb3-011c48011c48_33692"/>
        <historyInfo versionUuid="_a-0000ed70-c987-8000-9c16-011c48011c48_9954531"/>
    </history>
</dataStoreHaul>
