<?xml version="1.0" encoding="UTF-8" standalone="yes"?>
<groupTypeHaul xmlns:a="http://www.appian.com/ae/types/2009">
    <versionUuid>_f-0000ed70-c7f1-8000-9b63-01075c01075c_40</versionUuid>
    <groupType>
        <name>EAP Technical Group Type</name>
        <uuid>_f-0000e42a-af2f-8000-d7f7-3b1e943b1e94_27</uuid>
        <description>Technical Group Type</description>
        <attributes/>
    </groupType>
    <history>
        <historyInfo versionUuid="_f-0000e42a-af2f-8000-d7f7-3b1e943b1e94_28"/>
        <historyInfo versionUuid="_f-0000ed70-c7f1-8000-9b63-01075c01075c_40"/>
    </history>
</groupTypeHaul>
