<?xml version="1.0" encoding="UTF-8" standalone="yes"?>
<contentHaul xmlns:a="http://www.appian.com/ae/types/2009">
    <versionUuid>_a-0000e4cd-1af4-8000-5255-1bef901bef90_161279</versionUuid>
    <constant>
        <name>EAP_COLORS_HEX_CODE</name>
        <uuid>_a-0000e4c3-ab68-8000-5250-1bef901bef90_12981</uuid>
        <description>Contains colors hex code
10. Error|
11. Light Red|
12. Error message |</description>
        <parentUuid>_a-0000e4c3-7a1b-8000-524f-1bef901bef90_6586</parentUuid>
        <visibility>
            <advertise>false</advertise>
            <hierarchy>true</hierarchy>
            <indexable>true</indexable>
            <quota>false</quota>
            <searchable>true</searchable>
            <system>false</system>
            <unlogged>false</unlogged>
        </visibility>
        <typedValue>
            <type>
                <name>Text?list</name>
                <namespace>http://www.appian.com/ae/types/2009</namespace>
            </type>
            <value>
                <el>ACCENT</el>
                <el>#E5E7E9</el>
                <el>#CCD1D1</el>
                <el>#F2F4F4</el>
                <el>INFO</el>
                <el>#F4F6F7</el>
                <el>#EBEDEF</el>
                <el>#FBFCFC</el>
                <el>#D5D8DC</el>
                <el>#FF5B33</el>
                <el>#FFD6D6</el>
                <el>#CF0000</el>
                <el>#FF0D0D</el>
            </value>
        </typedValue>
        <isEnvironmentSpecific>false</isEnvironmentSpecific>
    </constant>
    <roleMap public="true">
        <role inherit="true" allowForAll="false" name="readers">
            <users/>
            <groups/>
        </role>
        <role inherit="true" allowForAll="false" name="authors">
            <users/>
            <groups/>
        </role>
        <role inherit="true" allowForAll="false" name="administrators">
            <users/>
            <groups/>
        </role>
        <role inherit="false" allowForAll="false" name="denyReaders">
            <users/>
            <groups/>
        </role>
        <role inherit="false" allowForAll="false" name="denyAuthors">
            <users/>
            <groups/>
        </role>
        <role inherit="false" allowForAll="false" name="denyAdministrators">
            <users/>
            <groups/>
        </role>
    </roleMap>
    <history>
        <historyInfo versionUuid="_a-0000e4cd-1af4-8000-5255-1bef901bef90_83363"/>
        <historyInfo versionUuid="_a-0000e4cd-1af4-8000-5255-1bef901bef90_161279"/>
    </history>
</contentHaul>
