<?xml version="1.0" encoding="UTF-8" standalone="yes"?>
<contentHaul xmlns:a="http://www.appian.com/ae/types/2009">
    <versionUuid>_a-0000ed9a-d049-8000-9c18-011c48011c48_10160496</versionUuid>
    <rule>
        <name>EAP_QE_prDynamicConfDetail</name>
        <uuid>_a-0000e54c-ce50-8000-5260-1bef901bef90_567653</uuid>
        <description>Rule to query data from PR DYNAMIC CONF DETAIL</description>
        <parentUuid>_a-0000e4c3-7a1b-8000-524f-1bef901bef90_6574</parentUuid>
        <visibility>
            <advertise>false</advertise>
            <hierarchy>true</hierarchy>
            <indexable>true</indexable>
            <quota>false</quota>
            <searchable>true</searchable>
            <system>false</system>
            <unlogged>false</unlogged>
        </visibility>
        <definition>#"SYSTEM_SYSRULES_queryEntity_v1"(
  entity: #"_a-0000e54c-ce50-8000-5260-1bef901bef90_567647",
  query: #"SYSTEM_SYSRULES_query"(
    logicalExpression: if(
      and(
        #"_a-0000e4b2-6487-8000-2b63-01ef9001ef90_3233095"(
          ri!eapPrDynamicConfDetailId
        ),
        #"_a-0000e4b2-6487-8000-2b63-01ef9001ef90_3233095"(
          ri!eapPrDynamicConfId
        ),
        #"_a-0000e4b2-6487-8000-2b63-01ef9001ef90_3233095"(
          ri!attributeName
        ),
        #"_a-0000e4b2-6487-8000-2b63-01ef9001ef90_3233095"(
          ri!attributeValue
        ),
        
      ),
      null,
      #"SYSTEM_SYSRULES_queryLogicalExpression"(
        operator: "AND",
        filters: {
          if(
            #"_a-0000e4b2-6487-8000-2b63-01ef9001ef90_3233095"(
              ri!eapPrDynamicConfDetailId
            ),
            {},
            #"SYSTEM_SYSRULES_queryFilter"(
              field: "eap_pr_dynamic_conf_detail_id",
              operator: "IN",
              value: {
                ri!eapPrDynamicConfDetailId
              }
            )
          ),
          if(
            #"_a-0000e4b2-6487-8000-2b63-01ef9001ef90_3233095"(
              ri!eapPrDynamicConfId
            ),
            {},
            #"SYSTEM_SYSRULES_queryFilter"(
              field: "eap_pr_dynamic_conf_id",
              operator: "IN",
              value: {
                ri!eapPrDynamicConfId
              }
            )
          ),
          if(
            #"_a-0000e4b2-6487-8000-2b63-01ef9001ef90_3233095"(
              ri!attributeName
            ),
            {},
            #"SYSTEM_SYSRULES_queryFilter"(
              field: "attribute_name",
              operator: "IN",
              value: {
                ri!attributeName
              }
            )
          ),
          if(
            #"_a-0000e4b2-6487-8000-2b63-01ef9001ef90_3233095"(
              ri!attributeValue
            ),
            {},
            #"SYSTEM_SYSRULES_queryFilter"(
              field: "attribute_value",
              operator: "IN",
              value: {
                ri!attributeValue
              }
            )
          ),
          
        }
      )
    ),
    pagingInfo: if(
      #"_a-0000e4b2-6487-8000-2b63-01ef9001ef90_3233095"(
        ri!pagingInfo
      ),
      #"SYSTEM_SYSRULES_pagingInfo"(
        startIndex: 1,
        batchSize: - 1,
        sort:#"SYSTEM_SYSRULES_sortInfo"(
          "eap_pr_dynamic_conf_detail_id",
          true()
        )
        
      ),
      ri!pagingInfo
    )
  )
).data</definition>
        <namedTypedValue>
            <name>eapPrDynamicConfDetailId</name>
            <type>
                <name>Integer?list</name>
                <namespace>http://www.appian.com/ae/types/2009</namespace>
            </type>
        </namedTypedValue>
        <namedTypedValue>
            <name>eapPrDynamicConfId</name>
            <type>
                <name>Integer?list</name>
                <namespace>http://www.appian.com/ae/types/2009</namespace>
            </type>
        </namedTypedValue>
        <namedTypedValue>
            <name>attributeName</name>
            <type>
                <name>Text?list</name>
                <namespace>http://www.appian.com/ae/types/2009</namespace>
            </type>
        </namedTypedValue>
        <namedTypedValue>
            <name>pagingInfo</name>
            <type>
                <name>PagingInfo</name>
                <namespace>http://www.appian.com/ae/types/2009</namespace>
            </type>
        </namedTypedValue>
        <namedTypedValue>
            <name>attributeValue</name>
            <type>
                <name>Text?list</name>
                <namespace>http://www.appian.com/ae/types/2009</namespace>
            </type>
        </namedTypedValue>
        <preferredEditor>legacy</preferredEditor>
        <offlineEnabled>false</offlineEnabled>
    </rule>
    <roleMap public="true">
        <role inherit="true" allowForAll="false" name="readers">
            <users/>
            <groups/>
        </role>
        <role inherit="true" allowForAll="false" name="authors">
            <users/>
            <groups/>
        </role>
        <role inherit="true" allowForAll="false" name="administrators">
            <users/>
            <groups/>
        </role>
        <role inherit="false" allowForAll="false" name="denyReaders">
            <users/>
            <groups/>
        </role>
        <role inherit="false" allowForAll="false" name="denyAuthors">
            <users/>
            <groups/>
        </role>
        <role inherit="false" allowForAll="false" name="denyAdministrators">
            <users/>
            <groups/>
        </role>
    </roleMap>
    <typedValue>
        <type>
            <name>RuleTestConfig?list</name>
            <namespace>http://www.appian.com/ae/types/2009</namespace>
        </type>
        <value>
            <el>
                <a:name>Valid case</a:name>
                <a:ruleInputTestConfigs>
                    <a:value xmlns:xsi="http://www.w3.org/2001/XMLSchema-instance" xsi:type="a:Expression">{1,2,3}</a:value>
                    <a:nameRef>eapPrDynamicConfDetailId</a:nameRef>
                    <a:id>1</a:id>
                </a:ruleInputTestConfigs>
                <a:ruleInputTestConfigs>
                    <a:value xmlns:xsi="http://www.w3.org/2001/XMLSchema-instance" xsi:type="a:Expression">{1,2,3}</a:value>
                    <a:nameRef>eapPrDynamicConfId</a:nameRef>
                    <a:id>2</a:id>
                </a:ruleInputTestConfigs>
                <a:ruleInputTestConfigs>
                    <a:value xmlns:xsi="http://www.w3.org/2001/XMLSchema-instance" xsi:type="a:Expression">null</a:value>
                    <a:nameRef>attributeName</a:nameRef>
                    <a:id>3</a:id>
                </a:ruleInputTestConfigs>
                <a:ruleInputTestConfigs>
                    <a:value xmlns:xsi="http://www.w3.org/2001/XMLSchema-instance" xsi:type="a:Expression">#"SYSTEM_SYSRULES_pagingInfo"(1, -1)</a:value>
                    <a:nameRef>pagingInfo</a:nameRef>
                    <a:id>4</a:id>
                </a:ruleInputTestConfigs>
                <a:ruleInputTestConfigs>
                    <a:value xmlns:xsi="http://www.w3.org/2001/XMLSchema-instance" xsi:type="a:Expression">null</a:value>
                    <a:nameRef>attributeValue</a:nameRef>
                    <a:id>5</a:id>
                </a:ruleInputTestConfigs>
                <a:assertions xmlns:xsi="http://www.w3.org/2001/XMLSchema-instance" xsi:nil="true"/>
                <a:isDefault>true</a:isDefault>
            </el>
        </value>
    </typedValue>
    <history>
        <historyInfo versionUuid="_a-0000e54c-ce50-8000-5260-1bef901bef90_587899"/>
        <historyInfo versionUuid="_a-0000ed9a-d049-8000-9c18-011c48011c48_10160496"/>
    </history>
</contentHaul>
