<?xml version="1.0" encoding="UTF-8" standalone="yes"?>
<contentHaul xmlns:a="http://www.appian.com/ae/types/2009">
    <versionUuid>_a-0000ed9a-d049-8000-9c18-011c48011c48_10183505</versionUuid>
    <rule>
        <name>EAP_QE_vwAllTablesColumns</name>
        <uuid>_a-0000e4c6-e892-8000-5254-1bef901bef90_25128</uuid>
        <description>Contains query rule for view of all column names</description>
        <parentUuid>_a-0000e4c3-7a1b-8000-524f-1bef901bef90_6574</parentUuid>
        <visibility>
            <advertise>false</advertise>
            <hierarchy>true</hierarchy>
            <indexable>true</indexable>
            <quota>false</quota>
            <searchable>true</searchable>
            <system>false</system>
            <unlogged>false</unlogged>
        </visibility>
        <definition>#"SYSTEM_SYSRULES_queryEntity_v1"(

  entity : #"_a-0000e4c6-e892-8000-5254-1bef901bef90_25887",
  query:#"SYSTEM_SYSRULES_query"(
    logicalExpression :if(
      and(
        #"_a-0000e4b2-6487-8000-2b63-01ef9001ef90_3233095"(ri!tableName),
        #"_a-0000e4b2-6487-8000-2b63-01ef9001ef90_3233095"(ri!id),
        #"_a-0000e4b2-6487-8000-2b63-01ef9001ef90_3233095"(ri!columnName)
        ),
        null,
        #"SYSTEM_SYSRULES_queryLogicalExpression"(
          operator : "AND",
          filters  : {
            if( 
              #"_a-0000e4b2-6487-8000-2b63-01ef9001ef90_3233095"(ri!tableName),
              {},
              #"SYSTEM_SYSRULES_queryFilter"(
                field : "tableName",
                operator: "IN",
                value :  {
                  ri!tableName
                }

              )
            ),
            if( 
              #"_a-0000e4b2-6487-8000-2b63-01ef9001ef90_3233095"(ri!id),
              {},
              #"SYSTEM_SYSRULES_queryFilter"(
                field : "id",
                operator: "IN",
                value :  {
                  ri!id
                }

              )
            ),
            if( 
              #"_a-0000e4b2-6487-8000-2b63-01ef9001ef90_3233095"(ri!columnName),
              {},
              #"SYSTEM_SYSRULES_queryFilter"(
                field : "columnName",
                operator: "IN",
                value :  {
                  ri!columnName
                }

              )
            )
            }
            )
    ),
    pagingInfo: if(
      #"_a-0000e4b2-6487-8000-2b63-01ef9001ef90_3233095"(ri!pagingInfo),
      #"SYSTEM_SYSRULES_pagingInfo"(
        startIndex : 1, 
        batchSize :-1 ,
        sort: #"SYSTEM_SYSRULES_sortInfo"(
          field:"id",
          ascending: true
        )
      ),
      ri!pagingInfo

    )

  )

).data</definition>
        <namedTypedValue>
            <name>tableName</name>
            <type>
                <name>Text?list</name>
                <namespace>http://www.appian.com/ae/types/2009</namespace>
            </type>
        </namedTypedValue>
        <namedTypedValue>
            <name>pagingInfo</name>
            <type>
                <name>PagingInfo</name>
                <namespace>http://www.appian.com/ae/types/2009</namespace>
            </type>
        </namedTypedValue>
        <namedTypedValue>
            <name>id</name>
            <type>
                <name>Integer?list</name>
                <namespace>http://www.appian.com/ae/types/2009</namespace>
            </type>
        </namedTypedValue>
        <namedTypedValue>
            <name>columnName</name>
            <type>
                <name>Text?list</name>
                <namespace>http://www.appian.com/ae/types/2009</namespace>
            </type>
        </namedTypedValue>
        <preferredEditor>legacy</preferredEditor>
        <offlineEnabled>false</offlineEnabled>
    </rule>
    <roleMap public="true">
        <role inherit="true" allowForAll="false" name="readers">
            <users/>
            <groups/>
        </role>
        <role inherit="true" allowForAll="false" name="authors">
            <users/>
            <groups/>
        </role>
        <role inherit="true" allowForAll="false" name="administrators">
            <users/>
            <groups/>
        </role>
        <role inherit="false" allowForAll="false" name="denyReaders">
            <users/>
            <groups/>
        </role>
        <role inherit="false" allowForAll="false" name="denyAuthors">
            <users/>
            <groups/>
        </role>
        <role inherit="false" allowForAll="false" name="denyAdministrators">
            <users/>
            <groups/>
        </role>
    </roleMap>
    <typedValue>
        <type>
            <name>RuleTestConfig?list</name>
            <namespace>http://www.appian.com/ae/types/2009</namespace>
        </type>
        <value>
            <el>
                <a:name>Handles null pagingInfo</a:name>
                <a:ruleInputTestConfigs>
                    <a:value xmlns:xsi="http://www.w3.org/2001/XMLSchema-instance" xsi:type="a:Expression">{}</a:value>
                    <a:nameRef>tableName</a:nameRef>
                    <a:id>1</a:id>
                </a:ruleInputTestConfigs>
                <a:ruleInputTestConfigs>
                    <a:value xmlns:xsi="http://www.w3.org/2001/XMLSchema-instance" xsi:type="a:Expression">null</a:value>
                    <a:nameRef>pagingInfo</a:nameRef>
                    <a:id>2</a:id>
                </a:ruleInputTestConfigs>
                <a:ruleInputTestConfigs>
                    <a:value xmlns:xsi="http://www.w3.org/2001/XMLSchema-instance" xsi:type="a:Expression">{}</a:value>
                    <a:nameRef>id</a:nameRef>
                    <a:id>3</a:id>
                </a:ruleInputTestConfigs>
                <a:ruleInputTestConfigs>
                    <a:value xmlns:xsi="http://www.w3.org/2001/XMLSchema-instance" xsi:type="a:Expression">{}</a:value>
                    <a:nameRef>columnName</a:nameRef>
                    <a:id>4</a:id>
                </a:ruleInputTestConfigs>
                <a:assertions xmlns:xsi="http://www.w3.org/2001/XMLSchema-instance" xsi:nil="true"/>
                <a:isDefault>false</a:isDefault>
            </el>
        </value>
    </typedValue>
    <history>
        <historyInfo versionUuid="_a-0000e4c6-e892-8000-5254-1bef901bef90_41994"/>
        <historyInfo versionUuid="_a-0000e5c3-a65f-8000-5268-1bef901bef90_770274"/>
        <historyInfo versionUuid="_a-0000ed9a-d049-8000-9c18-011c48011c48_10183505"/>
    </history>
</contentHaul>
