<?xml version="1.0" encoding="UTF-8" standalone="yes"?>
<contentHaul xmlns:a="http://www.appian.com/ae/types/2009">
    <versionUuid>_a-0000ed9a-d049-8000-9c18-011c48011c48_10190279</versionUuid>
    <rule>
        <name>EAP_calendarHolidayGridRowLayout</name>
        <uuid>_a-0000e4cd-1af4-8000-5255-1bef901bef90_129362</uuid>
        <description>Holds gridRowLayout for calendar holiday editable grid</description>
        <parentUuid>_a-0000e4c3-7a1b-8000-524f-1bef901bef90_6574</parentUuid>
        <visibility>
            <advertise>false</advertise>
            <hierarchy>true</hierarchy>
            <indexable>true</indexable>
            <quota>false</quota>
            <searchable>true</searchable>
            <system>false</system>
            <unlogged>false</unlogged>
        </visibility>
        <definition>#"SYSTEM_SYSRULES_gridRowLayout"(
  contents: {
    if(
      contains(
        ri!isReadOnly,
        true()
      ),
      #"_a-0000e4e9-ef8d-8000-5259-1bef901bef90_285963"(
        value: index(
          ri!refCalendarHoliday[ri!index],
          "name",
          {}
        ),
        readOnly: ri!isReadOnly
      ),
      #"_a-0000e4e9-ef8d-8000-5259-1bef901bef90_285963"(
        required: true(),
        value: index(ri!refCalendarHoliday[ri!index],"name",
        {}),
        saveInto: ri!refCalendarHoliday[ri!index].name
      )
    ),
    if(
      contains(
        ri!isReadOnly,
        true()
      ),
      #"_a-0000e4e9-ef8d-8000-5259-1bef901bef90_285963"(
        value: index(
          ri!refCalendarHoliday[ri!index],
          "description",
          {}
        ),
        readOnly: ri!isReadOnly
      ),
      #"_a-0000e4e9-ef8d-8000-5259-1bef901bef90_285963"(
        required: true(),
        value: index(ri!refCalendarHoliday[ri!index],"description",
        {}),
        saveInto: ri!refCalendarHoliday[ri!index].description
      )
    ),
    #"SYSTEM_SYSRULES_dateField"(
      value: index(
        ri!refCalendarHoliday[ri!index],
        "holiday_date",
        {}
      ),
      saveInto: ri!refCalendarHoliday[ri!index].holiday_date,
      readOnly: ri!isReadOnly,
      validations: {
        if(
          #"_a-0000e4b2-6487-8000-2b63-01ef9001ef90_3233095"(
            ri!refCalendarHoliday[ri!index].holiday_date
          ),
          {},

          if(
            contains(
              {                  
                touniformstring(
                  index(remove(ri!refCalendarHoliday,ri!index),"holiday_date",{}))   
              },
              touniformstring(
                index(ri!refCalendarHoliday[ri!index],"holiday_date",{})
              )
            ),
            "Duplicate values found",
            {}

          )  

        ),        
        if(
          or(
            #"_a-0000e4b2-6487-8000-2b63-01ef9001ef90_3233095"(ri!year),
            #"_a-0000e4b2-6487-8000-2b63-01ef9001ef90_3233095"(
              index( ri!refCalendarHoliday[ri!index],  "holiday_date",  {} )
          )
          ),
          {},
          if(
            or(year(index(ri!refCalendarHoliday[ri!index], "holiday_date", {})) = ri!year),
            {},
            "Date should be in selected year"
          )
        )
        
      }
    ),
   
      
      if(
        contains(
          ri!isReadOnly,
          true()
        ),
        /*a!textField(*/
          /*readOnly: ri!isReadOnly,*/
          /*required: true(),*/
          /*value: if(*/
            /*index(*/
              /*ri!refCalendarHoliday[ri!index],*/
              /*"is_active",*/
              /*{}*/
            /*) = 1,*/
            /*"Active",*/
            /*"In-active"*/
          /*)*/
        /*),*/
        #"SYSTEM_SYSRULES_imageField_v1"(
          label: " ",
          images: #"SYSTEM_SYSRULES_documentImage"(
            document: #"SYSTEM_SYSRULES_iconIndicator"(
              "STATUS_OK"
            )

          )
        ),
        #"SYSTEM_SYSRULES_richTextDisplayField"(
          value: {
            if(
              or(
                tointeger(
                  index(
                    ri!refCalendarHoliday[ri!index],
                    "is_active",
                    {}
                  )
                ) = 1
              ),
              #"SYSTEM_SYSRULES_richTextIcon"(
                icon: "toggle-on",
                caption: "Active",
                linkStyle: "STANDALONE",
                link: #"SYSTEM_SYSRULES_dynamicLink"(
                  value: 1,
                  saveInto: a!save(
                    ri!refCalendarHoliday[ri!index].is_active,
                    0
                  )
                ),
                size: "MEDIUM_PLUS"
              ),
              #"SYSTEM_SYSRULES_richTextIcon"(
                icon: "toggle-off",
                caption: "In-active",
                linkStyle: "STANDALONE",
                link: #"SYSTEM_SYSRULES_dynamicLink"(
                  value: 0,
                  saveInto: a!save(
                    ri!refCalendarHoliday[ri!index].is_active,
                    1
                  )
                ),
                size: "MEDIUM_PLUS"
              )
            )
          }
        )
      ),
    #"SYSTEM_SYSRULES_imageField_v1"(
      label: "Remove",
      images: #"SYSTEM_SYSRULES_documentImage"(
        document: #"SYSTEM_SYSRULES_iconIndicator"(
          "REMOVE"
        ),
        altText: "Remove",
        caption: "Remove",
        link: #"SYSTEM_SYSRULES_dynamicLink"(
          value: ri!index,
          saveInto: {
            a!save(
              ri!refCalendarHoliday,
              remove(
                ri!refCalendarHoliday,
                save!value
              )
            ),

          }
        ),
        showWhen: #"_a-0000e4b2-6487-8000-2b63-01ef9001ef90_3233095"(
          ri!refCalendarHoliday[ri!index].calendar_holiday_id
        )
      ),
      size: "ICON",
      showWhen: if(
        contains(
          ri!isReadOnly,
          true()
        ),
        false(),
        true()
        )
    )
  }
)</definition>
        <namedTypedValue>
            <name>index</name>
            <type>
                <name>int</name>
                <namespace>http://www.w3.org/2001/XMLSchema</namespace>
            </type>
        </namedTypedValue>
        <namedTypedValue>
            <name>refCalendarHoliday</name>
            <type>
                <name>EAP_T_RefCalendarHoliday?list</name>
                <namespace>urn:com:appian:types:eap</namespace>
            </type>
        </namedTypedValue>
        <namedTypedValue>
            <name>isReadOnly</name>
            <type>
                <name>boolean</name>
                <namespace>http://www.w3.org/2001/XMLSchema</namespace>
            </type>
        </namedTypedValue>
        <namedTypedValue>
            <name>year</name>
            <type>
                <name>int</name>
                <namespace>http://www.w3.org/2001/XMLSchema</namespace>
            </type>
        </namedTypedValue>
        <preferredEditor>legacy</preferredEditor>
        <offlineEnabled>false</offlineEnabled>
    </rule>
    <roleMap public="true">
        <role inherit="true" allowForAll="false" name="readers">
            <users/>
            <groups/>
        </role>
        <role inherit="true" allowForAll="false" name="authors">
            <users/>
            <groups/>
        </role>
        <role inherit="true" allowForAll="false" name="administrators">
            <users/>
            <groups/>
        </role>
        <role inherit="false" allowForAll="false" name="denyReaders">
            <users/>
            <groups/>
        </role>
        <role inherit="false" allowForAll="false" name="denyAuthors">
            <users/>
            <groups/>
        </role>
        <role inherit="false" allowForAll="false" name="denyAdministrators">
            <users/>
            <groups/>
        </role>
    </roleMap>
    <typedValue>
        <type>
            <name>RuleTestConfig?list</name>
            <namespace>http://www.appian.com/ae/types/2009</namespace>
        </type>
        <value>
            <el>
                <a:name>Valid case</a:name>
                <a:ruleInputTestConfigs>
                    <a:value xmlns:xsi="http://www.w3.org/2001/XMLSchema-instance" xsi:type="a:Expression">1</a:value>
                    <a:nameRef>index</a:nameRef>
                    <a:id>1</a:id>
                </a:ruleInputTestConfigs>
                <a:ruleInputTestConfigs>
                    <a:value xmlns:xsi="http://www.w3.org/2001/XMLSchema-instance" xsi:type="a:Expression">#"_a-0000e4cd-1af4-8000-5255-1bef901bef90_127093"(
  calendarId: 1003
)</a:value>
                    <a:nameRef>refCalendarHoliday</a:nameRef>
                    <a:id>2</a:id>
                </a:ruleInputTestConfigs>
                <a:ruleInputTestConfigs>
                    <a:value xmlns:xsd="http://www.w3.org/2001/XMLSchema" xmlns:xsi="http://www.w3.org/2001/XMLSchema-instance" xsi:type="xsd:boolean">true</a:value>
                    <a:nameRef>isReadOnly</a:nameRef>
                    <a:id>3</a:id>
                </a:ruleInputTestConfigs>
                <a:ruleInputTestConfigs>
                    <a:value xmlns:xsi="http://www.w3.org/2001/XMLSchema-instance" xsi:type="a:Expression">2025</a:value>
                    <a:nameRef>year</a:nameRef>
                    <a:id>4</a:id>
                </a:ruleInputTestConfigs>
                <a:assertions xmlns:xsi="http://www.w3.org/2001/XMLSchema-instance" xsi:nil="true"/>
                <a:isDefault>true</a:isDefault>
            </el>
        </value>
    </typedValue>
    <history>
        <historyInfo versionUuid="_a-0000e4cd-1af4-8000-5255-1bef901bef90_155584"/>
        <historyInfo versionUuid="_a-0000e4cd-1af4-8000-5255-1bef901bef90_186375"/>
        <historyInfo versionUuid="_a-0000e4e9-ef8d-8000-5259-1bef901bef90_323127"/>
        <historyInfo versionUuid="_a-0000ed9a-d049-8000-9c18-011c48011c48_10190279"/>
    </history>
</contentHaul>
