<?xml version="1.0" encoding="UTF-8" standalone="yes"?>
<contentHaul xmlns:a="http://www.appian.com/ae/types/2009">
    <versionUuid>_a-0000ed9a-d049-8000-9c18-011c48011c48_10138042</versionUuid>
    <interface>
        <name>EAP_IntEmailWhitelistMaster</name>
        <uuid>_a-0000e4cd-1af4-8000-5255-1bef901bef90_162454</uuid>
        <description>Contains master form for Email Whitelist</description>
        <parentUuid>_a-0000e4c3-7a1b-8000-524f-1bef901bef90_6580</parentUuid>
        <visibility>
            <advertise>false</advertise>
            <hierarchy>true</hierarchy>
            <indexable>true</indexable>
            <quota>false</quota>
            <searchable>true</searchable>
            <system>false</system>
            <unlogged>false</unlogged>
        </visibility>
        <definition>a!localVariables(
  local!masterLookupData: #"_a-0000e4cd-1af4-8000-5255-1bef901bef90_124946"(
    masterLookUpData: #"_a-0000e4c3-ab68-8000-5250-1bef901bef90_7827"(
      isActive: true()
    ),
    categoryGroup: #"_a-0000e4b2-6487-8000-2b63-01ef9001ef90_3238117"[5]
  ),
  {
    #"SYSTEM_SYSRULES_richTextDisplayField"(
      labelPosition: "COLLAPSED",
      value: {
        #"SYSTEM_SYSRULES_richTextItem_v1"(
          text: "Manage Email Whitelist", 
          style: "STRONG",
          color: "ACCENT",
          size: "MEDIUM_PLUS"
        )
      }
    ),
    #"_a-0000e4cd-1af4-8000-5255-1bef901bef90_79934"(
      emailWhitelist: ri!emailWhitelist,
      isReadOnly: false(),
      masterLookUpData: local!masterLookupData
    ),
    #"SYSTEM_SYSRULES_ButtonLayout"(
      primaryButtons: {
        #"SYSTEM_SYSRULES_ButtonWidget"(
          label: #"_a-0000e4c3-ab68-8000-5250-1bef901bef90_13888"[1],
          style: "PRIMARY",
          submit: true(),
          validate: true(),
          value: #"_a-0000e4c3-ab68-8000-5250-1bef901bef90_13888"[1],
          saveInto: ri!buttonAction
        )
      },
      secondaryButtons: {
        #"SYSTEM_SYSRULES_ButtonWidget"(
          label: #"_a-0000e4c3-ab68-8000-5250-1bef901bef90_13888"[2],
          style: "STANDARD",
          submit: true(),
          validate: false(),
          value: #"_a-0000e4c3-ab68-8000-5250-1bef901bef90_13888"[2],
          saveInto: ri!buttonAction
        )
      }
    )
  }
)</definition>
        <namedTypedValue>
            <name>emailWhitelist</name>
            <type>
                <name>EAP_T_EmailWhitelist?list</name>
                <namespace>urn:com:appian:types:eap</namespace>
            </type>
        </namedTypedValue>
        <namedTypedValue>
            <name>buttonAction</name>
            <type>
                <name>string</name>
                <namespace>http://www.w3.org/2001/XMLSchema</namespace>
            </type>
            <value/>
        </namedTypedValue>
        <preferredEditor>interface</preferredEditor>
        <offlineEnabled>false</offlineEnabled>
        <isCustom>false</isCustom>
    </interface>
    <roleMap public="true">
        <role inherit="true" allowForAll="false" name="readers">
            <users/>
            <groups/>
        </role>
        <role inherit="true" allowForAll="false" name="authors">
            <users/>
            <groups/>
        </role>
        <role inherit="true" allowForAll="false" name="administrators">
            <users/>
            <groups/>
        </role>
        <role inherit="false" allowForAll="false" name="denyReaders">
            <users/>
            <groups/>
        </role>
        <role inherit="false" allowForAll="false" name="denyAuthors">
            <users/>
            <groups/>
        </role>
        <role inherit="false" allowForAll="false" name="denyAdministrators">
            <users/>
            <groups/>
        </role>
    </roleMap>
    <history>
        <historyInfo versionUuid="_a-0000e4cd-1af4-8000-5255-1bef901bef90_167210"/>
        <historyInfo versionUuid="_a-0000ed9a-d049-8000-9c18-011c48011c48_10138042"/>
    </history>
</contentHaul>
