<?xml version="1.0" encoding="UTF-8" standalone="yes"?>
<contentHaul xmlns:a="http://www.appian.com/ae/types/2009">
    <versionUuid>_a-0000ed9a-d049-8000-9c18-011c48011c48_10156375</versionUuid>
    <rule>
        <name>EAP_updateHistoricalDetailsIntegrationTransCall</name>
        <uuid>_a-0000e56b-0831-8000-5261-1bef901bef90_620594</uuid>
        <description>Expression rule to update Historical Details Trans data.</description>
        <parentUuid>_a-0000e4c3-7a1b-8000-524f-1bef901bef90_6574</parentUuid>
        <visibility>
            <advertise>false</advertise>
            <hierarchy>true</hierarchy>
            <indexable>true</indexable>
            <quota>false</quota>
            <searchable>true</searchable>
            <system>false</system>
            <unlogged>false</unlogged>
        </visibility>
        <definition>a!localVariables(
  local!histDetailTransData: if(
    #"_a-0000e4c3-ab68-8000-5250-1bef901bef90_9906"(
      ri!response
    ),
    #"_a-0000e54c-ce50-8000-5260-1bef901bef90_617732"(
      requestId: ri!response.requestId,
      histEntityMappingId: ri!response.entityMappingId,
      parsingHistTransId: ri!response.parsingHistTransId
    ),
    null
  ),
  local!statusCode: index(
    ri!integrationResponse,
    "statusCode",
    null
  ),
  local!body: index(
    ri!integrationResponse,
    "body",
    null
  ),
  if(
    #"_a-0000e4c3-ab68-8000-5250-1bef901bef90_9906"(
      local!histDetailTransData
    ),
    #"SYSTEM_SYSRULES_forEach"(
      items: local!histDetailTransData,
      expression: cast(
        typeof(
          'type!{urn:com:appian:types:eap}EAP_T_RefProcessHistDetailTrans'()
        ),
        updatedictionary(
          fv!item,
          {
            parsing_status: if(
              200 = tointeger(
                local!statusCode
              ),
              #"_a-0000e4cd-1af4-8000-5255-1bef901bef90_86234"[1],
              #"_a-0000e4cd-1af4-8000-5255-1bef901bef90_86234"[3]
            ),
            exception_type: if(
              200 = tointeger(
                local!statusCode
              ),
              "NA",
              "Historic Data integration Error"
            ),
            exception_message: if(
              200 = tointeger(
                local!statusCode
              ),
              "NA",
              local!body
            ),
            
          }
        )
      )
    ),
    {}
  )
)</definition>
        <namedTypedValue>
            <name>response</name>
            <type>
                <name>EAP_Temp_HistoricalDataCallParam?list</name>
                <namespace>urn:com:appian:types</namespace>
            </type>
        </namedTypedValue>
        <namedTypedValue>
            <name>integrationResponse</name>
            <type>
                <name>HttpResponse</name>
                <namespace>http://www.appian.com/ae/types/2009</namespace>
            </type>
        </namedTypedValue>
        <preferredEditor>legacy</preferredEditor>
        <offlineEnabled>false</offlineEnabled>
    </rule>
    <roleMap public="true">
        <role inherit="true" allowForAll="false" name="readers">
            <users/>
            <groups/>
        </role>
        <role inherit="true" allowForAll="false" name="authors">
            <users/>
            <groups/>
        </role>
        <role inherit="true" allowForAll="false" name="administrators">
            <users/>
            <groups/>
        </role>
        <role inherit="false" allowForAll="false" name="denyReaders">
            <users/>
            <groups/>
        </role>
        <role inherit="false" allowForAll="false" name="denyAuthors">
            <users/>
            <groups/>
        </role>
        <role inherit="false" allowForAll="false" name="denyAdministrators">
            <users/>
            <groups/>
        </role>
    </roleMap>
    <typedValue>
        <type>
            <name>RuleTestConfig?list</name>
            <namespace>http://www.appian.com/ae/types/2009</namespace>
        </type>
        <value>
            <el>
                <a:name>Valid case</a:name>
                <a:ruleInputTestConfigs>
                    <a:value xmlns:xsi="http://www.w3.org/2001/XMLSchema-instance" xsi:type="a:Expression">cast(
  typeof(
    'type!{urn:com:appian:types}EAP_Temp_HistoricalDataCallParam'()
  ),
  {}
)</a:value>
                    <a:nameRef>response</a:nameRef>
                    <a:id>1</a:id>
                </a:ruleInputTestConfigs>
                <a:ruleInputTestConfigs>
                    <a:value xmlns:xsi="http://www.w3.org/2001/XMLSchema-instance" xsi:type="a:Expression">null</a:value>
                    <a:nameRef>integrationResponse</a:nameRef>
                    <a:id>2</a:id>
                </a:ruleInputTestConfigs>
                <a:assertions xmlns:xsi="http://www.w3.org/2001/XMLSchema-instance" xsi:nil="true"/>
                <a:isDefault>true</a:isDefault>
            </el>
        </value>
    </typedValue>
    <history>
        <historyInfo versionUuid="_a-0000e56b-0831-8000-5261-1bef901bef90_623402"/>
        <historyInfo versionUuid="_a-0000ed9a-d049-8000-9c18-011c48011c48_10156375"/>
    </history>
</contentHaul>
