<?xml version="1.0" encoding="UTF-8" standalone="yes"?>
<contentHaul xmlns:a="http://www.appian.com/ae/types/2009">
    <versionUuid>_a-0000e4cd-1af4-8000-5255-1bef901bef90_85154</versionUuid>
    <interface>
        <name>EAP_ConfirmationScreen</name>
        <uuid>_a-0000e4cd-1af4-8000-5255-1bef901bef90_85021</uuid>
        <description>Holds confirmation Screen.</description>
        <parentUuid>_a-0000e4c3-7a1b-8000-524f-1bef901bef90_6580</parentUuid>
        <visibility>
            <advertise>false</advertise>
            <hierarchy>true</hierarchy>
            <indexable>true</indexable>
            <quota>false</quota>
            <searchable>true</searchable>
            <system>false</system>
            <unlogged>false</unlogged>
        </visibility>
        <definition>#"SYSTEM_SYSRULES_cardLayout"(
  contents: #"SYSTEM_SYSRULES_richTextDisplayField"(
    value: {
      #"SYSTEM_SYSRULES_richTextIcon"(
        icon: if(
          ri!buttonAction = #"_a-0000e4c3-ab68-8000-5250-1bef901bef90_13888"[1],
          "check-circle",
          "check-circle"
        ),
        color: if(
          ri!buttonAction = #"_a-0000e4c3-ab68-8000-5250-1bef901bef90_13888"[1],
          "POSITIVE",
          "NEGATIVE"
        ),
        size: "EXTRA_LARGE"
      ),
      char(
        10
      ),
      #"SYSTEM_SYSRULES_richTextItem_v1"(
        text: {
          upper(
            if(
              ri!buttonAction = #"_a-0000e4c3-ab68-8000-5250-1bef901bef90_13888"[1],
              "submitted",
              "cancelled"
            )
          )
        },
        size: "MEDIUM_PLUS"
      ),
      char(
        10
      ),
      #"SYSTEM_SYSRULES_richTextItem_v1"(
        text: {
          if(
            ri!buttonAction = #"_a-0000e4c3-ab68-8000-5250-1bef901bef90_13888"[1],
            "Your request successfully submitted.",
            "Your request successfully cancelled."
          )
        },
        color: "SECONDARY"
      )
    },
    align: "CENTER"
  ),
  height: "AUTO",
  marginBelow: "STANDARD",
  style: if(
    ri!buttonAction = #"_a-0000e4c3-ab68-8000-5250-1bef901bef90_13888"[1],
    "SUCCESS",
    if(
      ri!buttonAction = #"_a-0000e4c3-ab68-8000-5250-1bef901bef90_13888"[2],
      "ERROR",
      "INFO"
    )
  ),
  showBorder: false()
)</definition>
        <namedTypedValue>
            <name>buttonAction</name>
            <type>
                <name>string</name>
                <namespace>http://www.w3.org/2001/XMLSchema</namespace>
            </type>
            <value/>
        </namedTypedValue>
        <preferredEditor>interface</preferredEditor>
        <offlineEnabled>false</offlineEnabled>
        <isCustom>false</isCustom>
    </interface>
    <roleMap public="true">
        <role inherit="true" allowForAll="false" name="readers">
            <users/>
            <groups/>
        </role>
        <role inherit="true" allowForAll="false" name="authors">
            <users/>
            <groups/>
        </role>
        <role inherit="true" allowForAll="false" name="administrators">
            <users/>
            <groups/>
        </role>
        <role inherit="false" allowForAll="false" name="denyReaders">
            <users/>
            <groups/>
        </role>
        <role inherit="false" allowForAll="false" name="denyAuthors">
            <users/>
            <groups/>
        </role>
        <role inherit="false" allowForAll="false" name="denyAdministrators">
            <users/>
            <groups/>
        </role>
    </roleMap>
    <typedValue>
        <type>
            <name>RuleTestConfig?list</name>
            <namespace>http://www.appian.com/ae/types/2009</namespace>
        </type>
        <value>
            <el>
                <a:name/>
                <a:ruleInputTestConfigs>
                    <a:value xmlns:xsi="http://www.w3.org/2001/XMLSchema-instance" xsi:type="a:Expression">#"_a-0000e4c3-ab68-8000-5250-1bef901bef90_13888"[2]</a:value>
                    <a:nameRef>buttonAction</a:nameRef>
                    <a:id>1</a:id>
                </a:ruleInputTestConfigs>
                <a:assertions xmlns:xsi="http://www.w3.org/2001/XMLSchema-instance" xsi:nil="true"/>
            </el>
        </value>
    </typedValue>
    <history>
        <historyInfo versionUuid="_a-0000e4cd-1af4-8000-5255-1bef901bef90_85154"/>
    </history>
</contentHaul>
