<?xml version="1.0" encoding="UTF-8" standalone="yes"?>
<contentHaul xmlns:a="http://www.appian.com/ae/types/2009">
    <versionUuid>_a-0000ed9a-d049-8000-9c18-011c48011c48_10138161</versionUuid>
    <interface>
        <name>EAP_RunConfigConfirmationScreen</name>
        <uuid>_a-0000e4dd-0d8b-8000-5257-1bef901bef90_222768</uuid>
        <description>Holds confirmation Screen.</description>
        <parentUuid>_a-0000e4c3-7a1b-8000-524f-1bef901bef90_6580</parentUuid>
        <visibility>
            <advertise>false</advertise>
            <hierarchy>true</hierarchy>
            <indexable>true</indexable>
            <quota>false</quota>
            <searchable>true</searchable>
            <system>false</system>
            <unlogged>false</unlogged>
        </visibility>
        <definition>{#"SYSTEM_SYSRULES_cardLayout"(
  contents: {#"SYSTEM_SYSRULES_richTextDisplayField"(
    value: {
      #"SYSTEM_SYSRULES_richTextIcon"(
        icon:"check-circle",
        color:  "POSITIVE",
        size: "EXTRA_LARGE"
      ),
      char(
        10
      ),
      #"SYSTEM_SYSRULES_richTextItem_v1"(
        text: {
          ri!message
        },
        size: "MEDIUM_PLUS"
      ),
  
    },
    align: "CENTER"
  ),
  #"SYSTEM_SYSRULES_ButtonArrayLayout"(
    align: "CENTER",
    buttons:  {
      #"SYSTEM_SYSRULES_ButtonWidget"(
        label: #"_a-0000e4c3-ab68-8000-5250-1bef901bef90_13888"[6],
        style: "LINK",
        submit: true()
      )
    }
  )},
  height: "AUTO",
  style: "STANDARD",
  marginBelow: "STANDARD",
  showBorder: true()
),
}</definition>
        <namedTypedValue>
            <name>message</name>
            <type>
                <name>string</name>
                <namespace>http://www.w3.org/2001/XMLSchema</namespace>
            </type>
            <value/>
        </namedTypedValue>
        <preferredEditor>interface</preferredEditor>
        <offlineEnabled>false</offlineEnabled>
        <isCustom>false</isCustom>
    </interface>
    <roleMap public="true">
        <role inherit="true" allowForAll="false" name="readers">
            <users/>
            <groups/>
        </role>
        <role inherit="true" allowForAll="false" name="authors">
            <users/>
            <groups/>
        </role>
        <role inherit="true" allowForAll="false" name="administrators">
            <users/>
            <groups/>
        </role>
        <role inherit="false" allowForAll="false" name="denyReaders">
            <users/>
            <groups/>
        </role>
        <role inherit="false" allowForAll="false" name="denyAuthors">
            <users/>
            <groups/>
        </role>
        <role inherit="false" allowForAll="false" name="denyAdministrators">
            <users/>
            <groups/>
        </role>
    </roleMap>
    <typedValue>
        <type>
            <name>RuleTestConfig?list</name>
            <namespace>http://www.appian.com/ae/types/2009</namespace>
        </type>
        <value>
            <el>
                <a:name/>
                <a:ruleInputTestConfigs>
                    <a:value xmlns:xsd="http://www.w3.org/2001/XMLSchema" xmlns:xsi="http://www.w3.org/2001/XMLSchema-instance" xsi:type="xsd:string"/>
                    <a:nameRef>message</a:nameRef>
                    <a:id>1</a:id>
                </a:ruleInputTestConfigs>
                <a:assertions xmlns:xsi="http://www.w3.org/2001/XMLSchema-instance" xsi:nil="true"/>
            </el>
        </value>
    </typedValue>
    <history>
        <historyInfo versionUuid="_a-0000e4dd-0d8b-8000-5257-1bef901bef90_223280"/>
        <historyInfo versionUuid="_a-0000e4e9-ef8d-8000-5259-1bef901bef90_283322"/>
        <historyInfo versionUuid="_a-0000ed9a-d049-8000-9c18-011c48011c48_10138161"/>
    </history>
</contentHaul>
