<?xml version="1.0" encoding="UTF-8" standalone="yes"?>
<contentHaul xmlns:a="http://www.appian.com/ae/types/2009">
    <versionUuid>_a-0000ed9a-d049-8000-9c18-011c48011c48_10184675</versionUuid>
    <rule>
        <name>EAP_QE_dataValidationRefProcessWfSheetEntityMapping</name>
        <uuid>_a-0000e4e9-ef8d-8000-5259-1bef901bef90_381463</uuid>
        <description>Hold query rule for wf sheet entity mapping</description>
        <parentUuid>_a-0000e4c3-7a1b-8000-524f-1bef901bef90_6574</parentUuid>
        <visibility>
            <advertise>false</advertise>
            <hierarchy>true</hierarchy>
            <indexable>true</indexable>
            <quota>false</quota>
            <searchable>true</searchable>
            <system>false</system>
            <unlogged>false</unlogged>
        </visibility>
        <definition>#"SYSTEM_SYSRULES_queryEntity_v1"(

  entity : #"_a-0000e4e9-ef8d-8000-5259-1bef901bef90_377692",
  query:#"SYSTEM_SYSRULES_query"(
    logicalExpression :if(
      and(
        #"_a-0000e4b2-6487-8000-2b63-01ef9001ef90_3233095"(ri!sheetEntityMappingId),
        #"_a-0000e4b2-6487-8000-2b63-01ef9001ef90_3233095"(ri!outputCopyId),
        #"_a-0000e4b2-6487-8000-2b63-01ef9001ef90_3233095"(ri!sheetColumnName),
        #"_a-0000e4b2-6487-8000-2b63-01ef9001ef90_3233095"(ri!sheetNumericColumnName),
        #"_a-0000e4b2-6487-8000-2b63-01ef9001ef90_3233095"(ri!entityColumnName),
        #"_a-0000e4b2-6487-8000-2b63-01ef9001ef90_3233095"(ri!generationType),
        #"_a-0000e4b2-6487-8000-2b63-01ef9001ef90_3233095"(ri!generationFormat),
        #"_a-0000e4b2-6487-8000-2b63-01ef9001ef90_3233095"(ri!isActive),
        #"_a-0000e4b2-6487-8000-2b63-01ef9001ef90_3233095"(ri!createdBy),
        #"_a-0000e4b2-6487-8000-2b63-01ef9001ef90_3233095"(ri!createdOn),
        #"_a-0000e4b2-6487-8000-2b63-01ef9001ef90_3233095"(ri!modifiedBy),
        #"_a-0000e4b2-6487-8000-2b63-01ef9001ef90_3233095"(ri!modifiedOn),
        #"_a-0000e4b2-6487-8000-2b63-01ef9001ef90_3233095"(ri!terminatingPosition),
        #"_a-0000e4b2-6487-8000-2b63-01ef9001ef90_3233095"(ri!terminatingValue)
      ),
      null,
      #"SYSTEM_SYSRULES_queryLogicalExpression"(
        operator : "AND",
        filters  : {
          if( 
            #"_a-0000e4b2-6487-8000-2b63-01ef9001ef90_3233095"(ri!sheetEntityMappingId),
            {},
            #"SYSTEM_SYSRULES_queryFilter"(
              field : "sheet_entity_mapping_id",
              operator: "IN",
              value :  {
                ri!sheetEntityMappingId
              }

            )
          ),
          if( 
            #"_a-0000e4b2-6487-8000-2b63-01ef9001ef90_3233095"(ri!outputCopyId),
            {},
            #"SYSTEM_SYSRULES_queryFilter"(
              field : "output_copy_id",
              operator: "IN",
              value :  {
                ri!outputCopyId
              }

            )
          ),
          if( 
            #"_a-0000e4b2-6487-8000-2b63-01ef9001ef90_3233095"(ri!sheetColumnName),
            {},
            #"SYSTEM_SYSRULES_queryFilter"(
              field : "sheet_column_name",
              operator: "IN",
              value :  {
                ri!sheetColumnName
              }

            )
          ),
          if( 
            #"_a-0000e4b2-6487-8000-2b63-01ef9001ef90_3233095"(ri!sheetNumericColumnName),
            {},
            #"SYSTEM_SYSRULES_queryFilter"(
              field : "sheet_numeric_column_name",
              operator: "IN",
              value :  {
                ri!sheetNumericColumnName
              }

            )
          ),
          if( 
            #"_a-0000e4b2-6487-8000-2b63-01ef9001ef90_3233095"(ri!entityColumnName),
            {},
            #"SYSTEM_SYSRULES_queryFilter"(
              field : "entity_column_name",
              operator: "IN",
              value :  {
                ri!entityColumnName
              }

            )
          ) ,
          if( 
            #"_a-0000e4b2-6487-8000-2b63-01ef9001ef90_3233095"(ri!generationType),
            {},
            #"SYSTEM_SYSRULES_queryFilter"(
              field : "generation_type",
              operator: "IN",
              value :  {
                ri!generationType
              }

            )
          ) ,
          if( 
            #"_a-0000e4b2-6487-8000-2b63-01ef9001ef90_3233095"(ri!generationFormat),
            {},
            #"SYSTEM_SYSRULES_queryFilter"(
              field : "generation_format",
              operator: "IN",
              value :  {
                ri!generationFormat
              }

            )
          ) ,
          if( 
            #"_a-0000e4b2-6487-8000-2b63-01ef9001ef90_3233095"(ri!isActive),
            {},
            #"SYSTEM_SYSRULES_queryFilter"(
              field : "isactive",
              operator: "IN",
              value :  {
                ri!isActive
              }

            )
          ),
          if( 
            #"_a-0000e4b2-6487-8000-2b63-01ef9001ef90_3233095"(ri!createdBy),
            {},
            #"SYSTEM_SYSRULES_queryFilter"(
              field : "created_by",
              operator: "IN",
              value :  {
                ri!createdBy
              }

            )
          ),
          if( 
            #"_a-0000e4b2-6487-8000-2b63-01ef9001ef90_3233095"(ri!createdOn),
            {},
            #"SYSTEM_SYSRULES_queryFilter"(
              field : "created_on",
              operator: "IN",
              value :  {
                ri!createdOn
              }

            )
          ),
          if( 
            #"_a-0000e4b2-6487-8000-2b63-01ef9001ef90_3233095"(ri!modifiedBy),
            {},
            #"SYSTEM_SYSRULES_queryFilter"(
              field : "modified_by",
              operator: "IN",
              value :  {
                ri!modifiedBy
              }

            )
          ),
          if( 
            #"_a-0000e4b2-6487-8000-2b63-01ef9001ef90_3233095"(ri!modifiedOn),
            {},
            #"SYSTEM_SYSRULES_queryFilter"(
              field : "modified_on",
              operator: "IN",
              value :  {
                ri!modifiedOn
              }

            )
          ),
          if( 
            #"_a-0000e4b2-6487-8000-2b63-01ef9001ef90_3233095"(ri!terminatingPosition),
            {},
            #"SYSTEM_SYSRULES_queryFilter"(
              field : "terminating_position",
              operator: "IN",
              value :  {
                ri!terminatingPosition
              }

            )
          ),
          if( 
            #"_a-0000e4b2-6487-8000-2b63-01ef9001ef90_3233095"(ri!terminatingValue),
            {},
            #"SYSTEM_SYSRULES_queryFilter"(
              field : "terminating_value",
              operator: "IN",
              value :  {
                ri!terminatingValue
              }

            )
          )


        }
      )

    ) ,
    pagingInfo: if(
      #"_a-0000e4b2-6487-8000-2b63-01ef9001ef90_3233095"(ri!pagingInfo),
      #"SYSTEM_SYSRULES_pagingInfo"(
        startIndex : 1, 
        batchSize :-1 ,
        sort:#"SYSTEM_SYSRULES_sortInfo"(field:"sheet_entity_mapping_id",ascending: true)
      ),
      ri!pagingInfo

    )

  )

).data</definition>
        <namedTypedValue>
            <name>sheetEntityMappingId</name>
            <type>
                <name>Integer?list</name>
                <namespace>http://www.appian.com/ae/types/2009</namespace>
            </type>
        </namedTypedValue>
        <namedTypedValue>
            <name>outputCopyId</name>
            <type>
                <name>Integer?list</name>
                <namespace>http://www.appian.com/ae/types/2009</namespace>
            </type>
        </namedTypedValue>
        <namedTypedValue>
            <name>sheetColumnName</name>
            <type>
                <name>Text?list</name>
                <namespace>http://www.appian.com/ae/types/2009</namespace>
            </type>
        </namedTypedValue>
        <namedTypedValue>
            <name>sheetNumericColumnName</name>
            <type>
                <name>Text?list</name>
                <namespace>http://www.appian.com/ae/types/2009</namespace>
            </type>
        </namedTypedValue>
        <namedTypedValue>
            <name>entityColumnName</name>
            <type>
                <name>Text?list</name>
                <namespace>http://www.appian.com/ae/types/2009</namespace>
            </type>
        </namedTypedValue>
        <namedTypedValue>
            <name>generationType</name>
            <type>
                <name>Text?list</name>
                <namespace>http://www.appian.com/ae/types/2009</namespace>
            </type>
        </namedTypedValue>
        <namedTypedValue>
            <name>generationFormat</name>
            <type>
                <name>Text?list</name>
                <namespace>http://www.appian.com/ae/types/2009</namespace>
            </type>
        </namedTypedValue>
        <namedTypedValue>
            <name>isActive</name>
            <type>
                <name>Integer?list</name>
                <namespace>http://www.appian.com/ae/types/2009</namespace>
            </type>
        </namedTypedValue>
        <namedTypedValue>
            <name>createdBy</name>
            <type>
                <name>Text?list</name>
                <namespace>http://www.appian.com/ae/types/2009</namespace>
            </type>
        </namedTypedValue>
        <namedTypedValue>
            <name>createdOn</name>
            <type>
                <name>Datetime?list</name>
                <namespace>http://www.appian.com/ae/types/2009</namespace>
            </type>
        </namedTypedValue>
        <namedTypedValue>
            <name>modifiedBy</name>
            <type>
                <name>Text?list</name>
                <namespace>http://www.appian.com/ae/types/2009</namespace>
            </type>
        </namedTypedValue>
        <namedTypedValue>
            <name>modifiedOn</name>
            <type>
                <name>Datetime?list</name>
                <namespace>http://www.appian.com/ae/types/2009</namespace>
            </type>
        </namedTypedValue>
        <namedTypedValue>
            <name>pagingInfo</name>
            <type>
                <name>PagingInfo</name>
                <namespace>http://www.appian.com/ae/types/2009</namespace>
            </type>
        </namedTypedValue>
        <namedTypedValue>
            <name>terminatingValue</name>
            <type>
                <name>Text?list</name>
                <namespace>http://www.appian.com/ae/types/2009</namespace>
            </type>
        </namedTypedValue>
        <namedTypedValue>
            <name>terminatingPosition</name>
            <type>
                <name>Integer?list</name>
                <namespace>http://www.appian.com/ae/types/2009</namespace>
            </type>
        </namedTypedValue>
        <preferredEditor>legacy</preferredEditor>
        <offlineEnabled>false</offlineEnabled>
    </rule>
    <roleMap public="true">
        <role inherit="true" allowForAll="false" name="readers">
            <users/>
            <groups/>
        </role>
        <role inherit="true" allowForAll="false" name="authors">
            <users/>
            <groups/>
        </role>
        <role inherit="true" allowForAll="false" name="administrators">
            <users/>
            <groups/>
        </role>
        <role inherit="false" allowForAll="false" name="denyReaders">
            <users/>
            <groups/>
        </role>
        <role inherit="false" allowForAll="false" name="denyAuthors">
            <users/>
            <groups/>
        </role>
        <role inherit="false" allowForAll="false" name="denyAdministrators">
            <users/>
            <groups/>
        </role>
    </roleMap>
    <typedValue>
        <type>
            <name>RuleTestConfig?list</name>
            <namespace>http://www.appian.com/ae/types/2009</namespace>
        </type>
        <value>
            <el>
                <a:name>Returns data for single entity mapping ID</a:name>
                <a:ruleInputTestConfigs>
                    <a:value xmlns:xsi="http://www.w3.org/2001/XMLSchema-instance" xsi:type="a:Expression">{1}</a:value>
                    <a:nameRef>sheetEntityMappingId</a:nameRef>
                    <a:id>1</a:id>
                </a:ruleInputTestConfigs>
                <a:ruleInputTestConfigs>
                    <a:value xmlns:xsi="http://www.w3.org/2001/XMLSchema-instance" xsi:type="a:Expression">{}</a:value>
                    <a:nameRef>outputCopyId</a:nameRef>
                    <a:id>2</a:id>
                </a:ruleInputTestConfigs>
                <a:ruleInputTestConfigs>
                    <a:value xmlns:xsi="http://www.w3.org/2001/XMLSchema-instance" xsi:type="a:Expression">{}</a:value>
                    <a:nameRef>sheetColumnName</a:nameRef>
                    <a:id>3</a:id>
                </a:ruleInputTestConfigs>
                <a:ruleInputTestConfigs>
                    <a:value xmlns:xsi="http://www.w3.org/2001/XMLSchema-instance" xsi:type="a:Expression">{}</a:value>
                    <a:nameRef>sheetNumericColumnName</a:nameRef>
                    <a:id>4</a:id>
                </a:ruleInputTestConfigs>
                <a:ruleInputTestConfigs>
                    <a:value xmlns:xsi="http://www.w3.org/2001/XMLSchema-instance" xsi:type="a:Expression">{}</a:value>
                    <a:nameRef>entityColumnName</a:nameRef>
                    <a:id>5</a:id>
                </a:ruleInputTestConfigs>
                <a:ruleInputTestConfigs>
                    <a:value xmlns:xsi="http://www.w3.org/2001/XMLSchema-instance" xsi:type="a:Expression">{}</a:value>
                    <a:nameRef>generationType</a:nameRef>
                    <a:id>6</a:id>
                </a:ruleInputTestConfigs>
                <a:ruleInputTestConfigs>
                    <a:value xmlns:xsi="http://www.w3.org/2001/XMLSchema-instance" xsi:type="a:Expression">{}</a:value>
                    <a:nameRef>generationFormat</a:nameRef>
                    <a:id>7</a:id>
                </a:ruleInputTestConfigs>
                <a:ruleInputTestConfigs>
                    <a:value xmlns:xsi="http://www.w3.org/2001/XMLSchema-instance" xsi:type="a:Expression">{}</a:value>
                    <a:nameRef>isActive</a:nameRef>
                    <a:id>8</a:id>
                </a:ruleInputTestConfigs>
                <a:ruleInputTestConfigs>
                    <a:value xmlns:xsi="http://www.w3.org/2001/XMLSchema-instance" xsi:type="a:Expression">{}</a:value>
                    <a:nameRef>createdBy</a:nameRef>
                    <a:id>9</a:id>
                </a:ruleInputTestConfigs>
                <a:ruleInputTestConfigs>
                    <a:value xmlns:xsi="http://www.w3.org/2001/XMLSchema-instance" xsi:type="a:Expression">{}</a:value>
                    <a:nameRef>createdOn</a:nameRef>
                    <a:id>10</a:id>
                </a:ruleInputTestConfigs>
                <a:ruleInputTestConfigs>
                    <a:value xmlns:xsi="http://www.w3.org/2001/XMLSchema-instance" xsi:type="a:Expression">{}</a:value>
                    <a:nameRef>modifiedBy</a:nameRef>
                    <a:id>11</a:id>
                </a:ruleInputTestConfigs>
                <a:ruleInputTestConfigs>
                    <a:value xmlns:xsi="http://www.w3.org/2001/XMLSchema-instance" xsi:type="a:Expression">{}</a:value>
                    <a:nameRef>modifiedOn</a:nameRef>
                    <a:id>12</a:id>
                </a:ruleInputTestConfigs>
                <a:ruleInputTestConfigs>
                    <a:value xmlns:xsi="http://www.w3.org/2001/XMLSchema-instance" xsi:type="a:Expression">null</a:value>
                    <a:nameRef>pagingInfo</a:nameRef>
                    <a:id>13</a:id>
                </a:ruleInputTestConfigs>
                <a:ruleInputTestConfigs>
                    <a:value xmlns:xsi="http://www.w3.org/2001/XMLSchema-instance" xsi:type="a:Expression">{}</a:value>
                    <a:nameRef>terminatingValue</a:nameRef>
                    <a:id>14</a:id>
                </a:ruleInputTestConfigs>
                <a:ruleInputTestConfigs>
                    <a:value xmlns:xsi="http://www.w3.org/2001/XMLSchema-instance" xsi:type="a:Expression">{}</a:value>
                    <a:nameRef>terminatingPosition</a:nameRef>
                    <a:id>15</a:id>
                </a:ruleInputTestConfigs>
                <a:assertions xmlns:xsi="http://www.w3.org/2001/XMLSchema-instance" xsi:nil="true"/>
                <a:isDefault>false</a:isDefault>
            </el>
            <el>
                <a:name>Returns data for multiple filter criteria</a:name>
                <a:ruleInputTestConfigs>
                    <a:value xmlns:xsi="http://www.w3.org/2001/XMLSchema-instance" xsi:type="a:Expression">{1,2}</a:value>
                    <a:nameRef>sheetEntityMappingId</a:nameRef>
                    <a:id>1</a:id>
                </a:ruleInputTestConfigs>
                <a:ruleInputTestConfigs>
                    <a:value xmlns:xsi="http://www.w3.org/2001/XMLSchema-instance" xsi:type="a:Expression">{101,102}</a:value>
                    <a:nameRef>outputCopyId</a:nameRef>
                    <a:id>2</a:id>
                </a:ruleInputTestConfigs>
                <a:ruleInputTestConfigs>
                    <a:value xmlns:xsi="http://www.w3.org/2001/XMLSchema-instance" xsi:type="a:Expression">{"Name","Address"}</a:value>
                    <a:nameRef>sheetColumnName</a:nameRef>
                    <a:id>3</a:id>
                </a:ruleInputTestConfigs>
                <a:ruleInputTestConfigs>
                    <a:value xmlns:xsi="http://www.w3.org/2001/XMLSchema-instance" xsi:type="a:Expression">{"Age"}</a:value>
                    <a:nameRef>sheetNumericColumnName</a:nameRef>
                    <a:id>4</a:id>
                </a:ruleInputTestConfigs>
                <a:ruleInputTestConfigs>
                    <a:value xmlns:xsi="http://www.w3.org/2001/XMLSchema-instance" xsi:type="a:Expression">{"FullName","Location"}</a:value>
                    <a:nameRef>entityColumnName</a:nameRef>
                    <a:id>5</a:id>
                </a:ruleInputTestConfigs>
                <a:ruleInputTestConfigs>
                    <a:value xmlns:xsi="http://www.w3.org/2001/XMLSchema-instance" xsi:type="a:Expression">{"Auto","Manual"}</a:value>
                    <a:nameRef>generationType</a:nameRef>
                    <a:id>6</a:id>
                </a:ruleInputTestConfigs>
                <a:ruleInputTestConfigs>
                    <a:value xmlns:xsi="http://www.w3.org/2001/XMLSchema-instance" xsi:type="a:Expression">{"###","AAA"}</a:value>
                    <a:nameRef>generationFormat</a:nameRef>
                    <a:id>7</a:id>
                </a:ruleInputTestConfigs>
                <a:ruleInputTestConfigs>
                    <a:value xmlns:xsi="http://www.w3.org/2001/XMLSchema-instance" xsi:type="a:Expression">{1,0}</a:value>
                    <a:nameRef>isActive</a:nameRef>
                    <a:id>8</a:id>
                </a:ruleInputTestConfigs>
                <a:ruleInputTestConfigs>
                    <a:value xmlns:xsi="http://www.w3.org/2001/XMLSchema-instance" xsi:type="a:Expression">{"user1","user2"}</a:value>
                    <a:nameRef>createdBy</a:nameRef>
                    <a:id>9</a:id>
                </a:ruleInputTestConfigs>
                <a:ruleInputTestConfigs>
                    <a:value xmlns:xsi="http://www.w3.org/2001/XMLSchema-instance" xsi:type="a:Expression">{}</a:value>
                    <a:nameRef>createdOn</a:nameRef>
                    <a:id>10</a:id>
                </a:ruleInputTestConfigs>
                <a:ruleInputTestConfigs>
                    <a:value xmlns:xsi="http://www.w3.org/2001/XMLSchema-instance" xsi:type="a:Expression">{}</a:value>
                    <a:nameRef>modifiedBy</a:nameRef>
                    <a:id>11</a:id>
                </a:ruleInputTestConfigs>
                <a:ruleInputTestConfigs>
                    <a:value xmlns:xsi="http://www.w3.org/2001/XMLSchema-instance" xsi:type="a:Expression">{}</a:value>
                    <a:nameRef>modifiedOn</a:nameRef>
                    <a:id>12</a:id>
                </a:ruleInputTestConfigs>
                <a:ruleInputTestConfigs>
                    <a:value xmlns:xsi="http://www.w3.org/2001/XMLSchema-instance" xsi:type="a:Expression">null</a:value>
                    <a:nameRef>pagingInfo</a:nameRef>
                    <a:id>13</a:id>
                </a:ruleInputTestConfigs>
                <a:ruleInputTestConfigs>
                    <a:value xmlns:xsi="http://www.w3.org/2001/XMLSchema-instance" xsi:type="a:Expression">{"END"}</a:value>
                    <a:nameRef>terminatingValue</a:nameRef>
                    <a:id>14</a:id>
                </a:ruleInputTestConfigs>
                <a:ruleInputTestConfigs>
                    <a:value xmlns:xsi="http://www.w3.org/2001/XMLSchema-instance" xsi:type="a:Expression">{10}</a:value>
                    <a:nameRef>terminatingPosition</a:nameRef>
                    <a:id>15</a:id>
                </a:ruleInputTestConfigs>
                <a:assertions xmlns:xsi="http://www.w3.org/2001/XMLSchema-instance" xsi:nil="true"/>
                <a:isDefault>false</a:isDefault>
            </el>
            <el>
                <a:name>Handles null or empty filter criteria</a:name>
                <a:ruleInputTestConfigs>
                    <a:value xmlns:xsi="http://www.w3.org/2001/XMLSchema-instance" xsi:type="a:Expression">null</a:value>
                    <a:nameRef>sheetEntityMappingId</a:nameRef>
                    <a:id>1</a:id>
                </a:ruleInputTestConfigs>
                <a:ruleInputTestConfigs>
                    <a:value xmlns:xsi="http://www.w3.org/2001/XMLSchema-instance" xsi:type="a:Expression">null</a:value>
                    <a:nameRef>outputCopyId</a:nameRef>
                    <a:id>2</a:id>
                </a:ruleInputTestConfigs>
                <a:ruleInputTestConfigs>
                    <a:value xmlns:xsi="http://www.w3.org/2001/XMLSchema-instance" xsi:type="a:Expression">null</a:value>
                    <a:nameRef>sheetColumnName</a:nameRef>
                    <a:id>3</a:id>
                </a:ruleInputTestConfigs>
                <a:ruleInputTestConfigs>
                    <a:value xmlns:xsi="http://www.w3.org/2001/XMLSchema-instance" xsi:type="a:Expression">null</a:value>
                    <a:nameRef>sheetNumericColumnName</a:nameRef>
                    <a:id>4</a:id>
                </a:ruleInputTestConfigs>
                <a:ruleInputTestConfigs>
                    <a:value xmlns:xsi="http://www.w3.org/2001/XMLSchema-instance" xsi:type="a:Expression">null</a:value>
                    <a:nameRef>entityColumnName</a:nameRef>
                    <a:id>5</a:id>
                </a:ruleInputTestConfigs>
                <a:ruleInputTestConfigs>
                    <a:value xmlns:xsi="http://www.w3.org/2001/XMLSchema-instance" xsi:type="a:Expression">null</a:value>
                    <a:nameRef>generationType</a:nameRef>
                    <a:id>6</a:id>
                </a:ruleInputTestConfigs>
                <a:ruleInputTestConfigs>
                    <a:value xmlns:xsi="http://www.w3.org/2001/XMLSchema-instance" xsi:type="a:Expression">null</a:value>
                    <a:nameRef>generationFormat</a:nameRef>
                    <a:id>7</a:id>
                </a:ruleInputTestConfigs>
                <a:ruleInputTestConfigs>
                    <a:value xmlns:xsi="http://www.w3.org/2001/XMLSchema-instance" xsi:type="a:Expression">null</a:value>
                    <a:nameRef>isActive</a:nameRef>
                    <a:id>8</a:id>
                </a:ruleInputTestConfigs>
                <a:ruleInputTestConfigs>
                    <a:value xmlns:xsi="http://www.w3.org/2001/XMLSchema-instance" xsi:type="a:Expression">null</a:value>
                    <a:nameRef>createdBy</a:nameRef>
                    <a:id>9</a:id>
                </a:ruleInputTestConfigs>
                <a:ruleInputTestConfigs>
                    <a:value xmlns:xsi="http://www.w3.org/2001/XMLSchema-instance" xsi:type="a:Expression">null</a:value>
                    <a:nameRef>createdOn</a:nameRef>
                    <a:id>10</a:id>
                </a:ruleInputTestConfigs>
                <a:ruleInputTestConfigs>
                    <a:value xmlns:xsi="http://www.w3.org/2001/XMLSchema-instance" xsi:type="a:Expression">null</a:value>
                    <a:nameRef>modifiedBy</a:nameRef>
                    <a:id>11</a:id>
                </a:ruleInputTestConfigs>
                <a:ruleInputTestConfigs>
                    <a:value xmlns:xsi="http://www.w3.org/2001/XMLSchema-instance" xsi:type="a:Expression">null</a:value>
                    <a:nameRef>modifiedOn</a:nameRef>
                    <a:id>12</a:id>
                </a:ruleInputTestConfigs>
                <a:ruleInputTestConfigs>
                    <a:value xmlns:xsi="http://www.w3.org/2001/XMLSchema-instance" xsi:type="a:Expression">null</a:value>
                    <a:nameRef>pagingInfo</a:nameRef>
                    <a:id>13</a:id>
                </a:ruleInputTestConfigs>
                <a:ruleInputTestConfigs>
                    <a:value xmlns:xsi="http://www.w3.org/2001/XMLSchema-instance" xsi:type="a:Expression">null</a:value>
                    <a:nameRef>terminatingValue</a:nameRef>
                    <a:id>14</a:id>
                </a:ruleInputTestConfigs>
                <a:ruleInputTestConfigs>
                    <a:value xmlns:xsi="http://www.w3.org/2001/XMLSchema-instance" xsi:type="a:Expression">null</a:value>
                    <a:nameRef>terminatingPosition</a:nameRef>
                    <a:id>15</a:id>
                </a:ruleInputTestConfigs>
                <a:assertions xmlns:xsi="http://www.w3.org/2001/XMLSchema-instance" xsi:nil="true"/>
                <a:isDefault>false</a:isDefault>
            </el>
        </value>
    </typedValue>
    <history>
        <historyInfo versionUuid="_a-0000e4e9-ef8d-8000-5259-1bef901bef90_383338"/>
        <historyInfo versionUuid="_a-0000e505-ae05-8000-525c-1bef901bef90_408428"/>
        <historyInfo versionUuid="_a-0000ed9a-d049-8000-9c18-011c48011c48_10184675"/>
    </history>
</contentHaul>
