<?xml version="1.0" encoding="UTF-8" standalone="yes"?>
<contentHaul xmlns:a="http://www.appian.com/ae/types/2009">
    <versionUuid>_a-0000e5c3-a65f-8000-5268-1bef901bef90_772683</versionUuid>
    <interface>
        <name>EAP_OutputFileTypeGrid</name>
        <uuid>_a-0000e4cd-1af4-8000-5255-1bef901bef90_204537</uuid>
        <description>Hold interface to fill data to generate output files</description>
        <parentUuid>_a-0000e4c3-7a1b-8000-524f-1bef901bef90_6580</parentUuid>
        <visibility>
            <advertise>false</advertise>
            <hierarchy>true</hierarchy>
            <indexable>true</indexable>
            <quota>false</quota>
            <searchable>true</searchable>
            <system>false</system>
            <unlogged>false</unlogged>
        </visibility>
        <definition>a!localVariables(
  local!dwfConfigData,
  local!configData:if(
    #"_a-0000e4b2-6487-8000-2b63-01ef9001ef90_3233095"(ri!processId),
    {},
    #"_a-0000e4cd-1af4-8000-5255-1bef901bef90_65407"(
      isActive: 1,
      processId: ri!processId
    ) 
  ),
  local!intSys:if(
    #"_a-0000e4b2-6487-8000-2b63-01ef9001ef90_3233095"(index(
      local!configData,
      "system_type_code",
      {}
    )),
    {} ,
    #"_a-0000e518-940a-8000-525e-1bef901bef90_490667"(
      lookupSystemCode: index(
        local!configData,
        "system_type_code",
        {}
      )
    )
  ) ,
  local!targetSystemTypeCode: index(
    index(local!intSys, "lookup_system_type_code", {}),
    wherecontains(
      #"_a-0000e4dd-0d8b-8000-5257-1bef901bef90_214256"[2],
      touniformstring(
        index(
          local!intSys,
          "system_type",
          {}
        )
      )
    ),
    {}
  ),
  local!targetConfigDetail: index(
    local!configData,
    wherecontains(
      touniformstring(
        local!targetSystemTypeCode
      ),
      touniformstring(
        index(
          local!configData,
          "system_type_code",
          {}
        )
      )
    ),
    {}
  ),
  
  local!choiceLabel: index(
    local!targetConfigDetail,
    "config_data_name",
    {}
  ),
  local!choiceValue: index(
    local!targetConfigDetail,
    "config_id",
    {}
  ),
  {
    
    if(
      ri!isReadOnly = true(),
      {},
      #"_a-0000e4cd-1af4-8000-5255-1bef901bef90_192927"(
        processId: ri!processId
      )
    ),
    #"SYSTEM_SYSRULES_richTextDisplayField"(),
    #"SYSTEM_SYSRULES_sectionLayout_v1"(
      label: upper(
        "Output File Type"
      ),
      marginBelow: "NONE"
    ),
 
    #"SYSTEM_SYSRULES_cardLayout"(
      showBorder: false(),
      style: "INFO",
      contents: {
        #"_a-0000e4dd-0d8b-8000-5257-1bef901bef90_247482"(
          outputFileType:ri!outputFileType,
          configChoiceLabel : local!choiceLabel,
          configChoiceValue:local!choiceValue,
          isReadOnly:ri!isReadOnly,
          document:ri!document,
          masterLookUpData: ri!masterLookUpData,
          dwfProcessControllerConfig:local!dwfConfigData
        ),
        
        if(
          ri!isReadOnly = true(),
          {},
          #"SYSTEM_SYSRULES_ButtonLayout"(
            primaryButtons: {
              #"SYSTEM_SYSRULES_ButtonWidget"(
                label: "Save &amp; Next",
                value: #"_a-0000e4c3-ab68-8000-5250-1bef901bef90_13888"[1],
                saveInto: {
                  ri!buttonAction,                  
                  
                },
                submit: true(),
                size: "SMALL",
                style: "STANDARD",
                validate: true,
                showWhen: and(
                  not(
                    #"_a-0000e4b2-6487-8000-2b63-01ef9001ef90_3251951"(
                      ri!outputFileType
                    )
                  ),
                  length(
                    ri!outputFileType
                  ) &gt;= 1,
                  #"_a-0000e4b2-6487-8000-2b63-01ef9001ef90_3233095"(local!dwfConfigData)
                ),
                confirmMessage:if(
                  tointeger(ri!outputFileType.is_active)=0,
                  "Are you sure you want to deactivate this ?",
                  {}
                )
              )
            },
            secondaryButtons: {
              #"SYSTEM_SYSRULES_ButtonWidget"(
                label: #"_a-0000e4c3-ab68-8000-5250-1bef901bef90_13888"[2],
                style: "DESTRUCTIVE",
                value: #"_a-0000e4c3-ab68-8000-5250-1bef901bef90_13888"[2],
                saveInto: ri!buttonAction,
                submit: true(),
                validate: false()
              
              )
            }
          )
        )
      }
    ),
    #"SYSTEM_SYSRULES_richTextDisplayField"(),
    #"SYSTEM_SYSRULES_sectionLayout_v1"(
      contents: {
        
        #"_a-0000e5c3-a65f-8000-5268-1bef901bef90_756378"(
          processControllerConfigData:local!dwfConfigData,
          outputGenerationId:1
        )
      },
      showWhen: if(#"_a-0000e4b2-6487-8000-2b63-01ef9001ef90_3233095"(
        local!dwfConfigData
      ),false(),true())
    )
  }
)</definition>
        <namedTypedValue>
            <name>isReadOnly</name>
            <type>
                <name>boolean</name>
                <namespace>http://www.w3.org/2001/XMLSchema</namespace>
            </type>
        </namedTypedValue>
        <namedTypedValue>
            <name>outputFileType</name>
            <type>
                <name>EAP_T_RefProcessOutFileType</name>
                <namespace>urn:com:appian:types:eap</namespace>
            </type>
        </namedTypedValue>
        <namedTypedValue>
            <name>masterLookUpData</name>
            <type>
                <name>EAP_T_RefMaster?list</name>
                <namespace>urn:com:appian:types:eap</namespace>
            </type>
        </namedTypedValue>
        <namedTypedValue>
            <name>processId</name>
            <type>
                <name>int</name>
                <namespace>http://www.w3.org/2001/XMLSchema</namespace>
            </type>
        </namedTypedValue>
        <namedTypedValue>
            <name>buttonAction</name>
            <type>
                <name>string</name>
                <namespace>http://www.w3.org/2001/XMLSchema</namespace>
            </type>
            <value/>
        </namedTypedValue>
        <namedTypedValue>
            <name>document</name>
            <type>
                <name>CollaborationDocument</name>
                <namespace>http://www.appian.com/ae/types/2009</namespace>
            </type>
        </namedTypedValue>
        <preferredEditor>interface</preferredEditor>
        <offlineEnabled>false</offlineEnabled>
        <isCustom>false</isCustom>
    </interface>
    <roleMap public="true">
        <role inherit="true" allowForAll="false" name="readers">
            <users/>
            <groups/>
        </role>
        <role inherit="true" allowForAll="false" name="authors">
            <users/>
            <groups/>
        </role>
        <role inherit="true" allowForAll="false" name="administrators">
            <users/>
            <groups/>
        </role>
        <role inherit="false" allowForAll="false" name="denyReaders">
            <users/>
            <groups/>
        </role>
        <role inherit="false" allowForAll="false" name="denyAuthors">
            <users/>
            <groups/>
        </role>
        <role inherit="false" allowForAll="false" name="denyAdministrators">
            <users/>
            <groups/>
        </role>
    </roleMap>
    <typedValue>
        <type>
            <name>RuleTestConfig?list</name>
            <namespace>http://www.appian.com/ae/types/2009</namespace>
        </type>
        <value>
            <el>
                <a:name/>
                <a:ruleInputTestConfigs>
                    <a:value xmlns:xsd="http://www.w3.org/2001/XMLSchema" xmlns:xsi="http://www.w3.org/2001/XMLSchema-instance" xsi:nil="true" xsi:type="xsd:boolean"/>
                    <a:nameRef>isReadOnly</a:nameRef>
                    <a:id>1</a:id>
                </a:ruleInputTestConfigs>
                <a:ruleInputTestConfigs>
                    <a:value xmlns:n1="urn:com:appian:types:eap" xmlns:xsi="http://www.w3.org/2001/XMLSchema-instance" xsi:nil="true" xsi:type="n1:EAP_T_RefProcessOutFileType"/>
                    <a:nameRef>outputFileType</a:nameRef>
                    <a:id>2</a:id>
                </a:ruleInputTestConfigs>
                <a:ruleInputTestConfigs>
                    <a:value xmlns:xsi="http://www.w3.org/2001/XMLSchema-instance" xsi:type="a:Expression">#"_a-0000e4c3-ab68-8000-5250-1bef901bef90_7827"(
  isActive: 1
)</a:value>
                    <a:nameRef>masterLookUpData</a:nameRef>
                    <a:id>3</a:id>
                </a:ruleInputTestConfigs>
                <a:ruleInputTestConfigs>
                    <a:value xmlns:xsi="http://www.w3.org/2001/XMLSchema-instance" xsi:type="a:Expression">1</a:value>
                    <a:nameRef>processId</a:nameRef>
                    <a:id>4</a:id>
                </a:ruleInputTestConfigs>
                <a:ruleInputTestConfigs>
                    <a:value xmlns:xsd="http://www.w3.org/2001/XMLSchema" xmlns:xsi="http://www.w3.org/2001/XMLSchema-instance" xsi:type="xsd:string"/>
                    <a:nameRef>buttonAction</a:nameRef>
                    <a:id>5</a:id>
                </a:ruleInputTestConfigs>
                <a:ruleInputTestConfigs>
                    <a:value xmlns:xsi="http://www.w3.org/2001/XMLSchema-instance" xsi:nil="true" xsi:type="a:CollaborationDocument"/>
                    <a:nameRef>document</a:nameRef>
                    <a:id>6</a:id>
                </a:ruleInputTestConfigs>
                <a:assertions xmlns:xsi="http://www.w3.org/2001/XMLSchema-instance" xsi:nil="true"/>
            </el>
        </value>
    </typedValue>
    <history>
        <historyInfo versionUuid="_a-0000e4dd-0d8b-8000-5257-1bef901bef90_229868"/>
        <historyInfo versionUuid="_a-0000e4e9-ef8d-8000-5259-1bef901bef90_279313"/>
        <historyInfo versionUuid="_a-0000e505-ae05-8000-525c-1bef901bef90_395034"/>
        <historyInfo versionUuid="_a-0000e518-940a-8000-525e-1bef901bef90_546912"/>
        <historyInfo versionUuid="_a-0000e53d-835a-8000-d928-a7ef90a7ef90_3834896"/>
        <historyInfo versionUuid="_a-0000e518-940a-8000-525e-1bef901bef90_556252"/>
        <historyInfo versionUuid="_a-0000e54c-ce50-8000-5260-1bef901bef90_596052"/>
        <historyInfo versionUuid="_a-0000e5c3-a65f-8000-5268-1bef901bef90_772683"/>
    </history>
</contentHaul>
