<?xml version="1.0" encoding="UTF-8" standalone="yes"?>
<contentHaul xmlns:a="http://www.appian.com/ae/types/2009">
    <versionUuid>_a-0000ed9a-d049-8000-9c18-011c48011c48_10180606</versionUuid>
    <rule>
        <name>EAP_utilsCheckIsNull</name>
        <uuid>_a-0000e4b2-6487-8000-2b63-01ef9001ef90_3233095</uuid>
        <description>Returns true if list or value is null.</description>
        <parentUuid>_a-0000e4b2-6487-8000-2b63-01ef9001ef90_3251406</parentUuid>
        <visibility>
            <advertise>false</advertise>
            <hierarchy>true</hierarchy>
            <indexable>true</indexable>
            <quota>false</quota>
            <searchable>true</searchable>
            <system>false</system>
            <unlogged>false</unlogged>
        </visibility>
        <definition>/*Returns true() -- if list is empty or null
false() --- list is not empty*/
= if(
  ri!List = "",
  true(),
  if(
    isnull(
      ri!List
    ),
    true(),
    if(
      length(
        ri!List
      ) &gt; 0,
      false(),
      true()
    )
  )
)</definition>
        <namedTypedValue>
            <name>List</name>
            <type>
                <name>Variant</name>
                <namespace>http://www.appian.com/ae/types/2009</namespace>
            </type>
        </namedTypedValue>
        <preferredEditor>legacy</preferredEditor>
        <offlineEnabled>false</offlineEnabled>
    </rule>
    <roleMap public="true">
        <role inherit="false" allowForAll="false" name="readers">
            <users/>
            <groups>
                <groupUuid>_e-0000e4c3-ab68-8000-5250-1b1e941b1e94_43</groupUuid>
            </groups>
        </role>
        <role inherit="false" allowForAll="false" name="authors">
            <users/>
            <groups/>
        </role>
        <role inherit="false" allowForAll="false" name="administrators">
            <users/>
            <groups>
                <groupUuid>_e-0000e4c3-ab68-8000-5250-1b1e941b1e94_46</groupUuid>
            </groups>
        </role>
        <role inherit="false" allowForAll="false" name="denyReaders">
            <users/>
            <groups/>
        </role>
        <role inherit="false" allowForAll="false" name="denyAuthors">
            <users/>
            <groups/>
        </role>
        <role inherit="false" allowForAll="false" name="denyAdministrators">
            <users/>
            <groups/>
        </role>
    </roleMap>
    <typedValue>
        <type>
            <name>RuleTestConfig?list</name>
            <namespace>http://www.appian.com/ae/types/2009</namespace>
        </type>
        <value>
            <el>
                <a:name>Returns true for null value</a:name>
                <a:ruleInputTestConfigs>
                    <a:value xmlns:xsi="http://www.w3.org/2001/XMLSchema-instance" xsi:type="a:Expression">null</a:value>
                    <a:nameRef>List</a:nameRef>
                    <a:id>1</a:id>
                </a:ruleInputTestConfigs>
                <a:assertions>
                    <a:expectedOutput>
                        <a:type a:uuid="{http://www.appian.com/ae/types/2009}Boolean"/>
                        <a:runtimeType a:uuid="{http://www.appian.com/ae/types/2009}Boolean"/>
                        <a:value xmlns:xsd="http://www.w3.org/2001/XMLSchema" xmlns:xsi="http://www.w3.org/2001/XMLSchema-instance" xsi:type="xsd:boolean">true</a:value>
                    </a:expectedOutput>
                </a:assertions>
                <a:isDefault>false</a:isDefault>
            </el>
            <el>
                <a:name>Returns false for non-empty list</a:name>
                <a:ruleInputTestConfigs>
                    <a:value xmlns:xsi="http://www.w3.org/2001/XMLSchema-instance" xsi:type="a:Expression">{1,2,3}</a:value>
                    <a:nameRef>List</a:nameRef>
                    <a:id>1</a:id>
                </a:ruleInputTestConfigs>
                <a:assertions>
                    <a:expectedOutput>
                        <a:type a:uuid="{http://www.appian.com/ae/types/2009}Boolean"/>
                        <a:runtimeType a:uuid="{http://www.appian.com/ae/types/2009}Boolean"/>
                        <a:value xmlns:xsd="http://www.w3.org/2001/XMLSchema" xmlns:xsi="http://www.w3.org/2001/XMLSchema-instance" xsi:type="xsd:boolean">false</a:value>
                    </a:expectedOutput>
                </a:assertions>
                <a:isDefault>false</a:isDefault>
            </el>
            <el>
                <a:name>Returns true for empty list</a:name>
                <a:ruleInputTestConfigs>
                    <a:value xmlns:xsi="http://www.w3.org/2001/XMLSchema-instance" xsi:type="a:Expression">{}</a:value>
                    <a:nameRef>List</a:nameRef>
                    <a:id>1</a:id>
                </a:ruleInputTestConfigs>
                <a:assertions>
                    <a:expectedOutput>
                        <a:type a:uuid="{http://www.appian.com/ae/types/2009}Boolean"/>
                        <a:runtimeType a:uuid="{http://www.appian.com/ae/types/2009}Boolean"/>
                        <a:value xmlns:xsd="http://www.w3.org/2001/XMLSchema" xmlns:xsi="http://www.w3.org/2001/XMLSchema-instance" xsi:type="xsd:boolean">true</a:value>
                    </a:expectedOutput>
                </a:assertions>
                <a:isDefault>false</a:isDefault>
            </el>
            <el>
                <a:name>Returns true for empty string</a:name>
                <a:ruleInputTestConfigs>
                    <a:value xmlns:xsi="http://www.w3.org/2001/XMLSchema-instance" xsi:type="a:Expression">""</a:value>
                    <a:nameRef>List</a:nameRef>
                    <a:id>1</a:id>
                </a:ruleInputTestConfigs>
                <a:assertions>
                    <a:expectedOutput>
                        <a:type a:uuid="{http://www.appian.com/ae/types/2009}Boolean"/>
                        <a:runtimeType a:uuid="{http://www.appian.com/ae/types/2009}Boolean"/>
                        <a:value xmlns:xsd="http://www.w3.org/2001/XMLSchema" xmlns:xsi="http://www.w3.org/2001/XMLSchema-instance" xsi:type="xsd:boolean">true</a:value>
                    </a:expectedOutput>
                </a:assertions>
                <a:isDefault>false</a:isDefault>
            </el>
            <el>
                <a:name>Handles null or empty</a:name>
                <a:ruleInputTestConfigs>
                    <a:value xmlns:xsi="http://www.w3.org/2001/XMLSchema-instance" xsi:type="a:Expression">null</a:value>
                    <a:nameRef>List</a:nameRef>
                    <a:id>1</a:id>
                </a:ruleInputTestConfigs>
                <a:assertions>
                    <a:expectedOutput>
                        <a:type a:uuid="{http://www.appian.com/ae/types/2009}Boolean"/>
                        <a:runtimeType a:uuid="{http://www.appian.com/ae/types/2009}Boolean"/>
                        <a:value xmlns:xsd="http://www.w3.org/2001/XMLSchema" xmlns:xsi="http://www.w3.org/2001/XMLSchema-instance" xsi:type="xsd:boolean">true</a:value>
                    </a:expectedOutput>
                </a:assertions>
                <a:isDefault>false</a:isDefault>
            </el>
            <el>
                <a:name>Returns false for non-empty string</a:name>
                <a:ruleInputTestConfigs>
                    <a:value xmlns:xsi="http://www.w3.org/2001/XMLSchema-instance" xsi:type="a:Expression">"abc"</a:value>
                    <a:nameRef>List</a:nameRef>
                    <a:id>1</a:id>
                </a:ruleInputTestConfigs>
                <a:assertions>
                    <a:expectedOutput>
                        <a:type a:uuid="{http://www.appian.com/ae/types/2009}Boolean"/>
                        <a:runtimeType a:uuid="{http://www.appian.com/ae/types/2009}Boolean"/>
                        <a:value xmlns:xsd="http://www.w3.org/2001/XMLSchema" xmlns:xsi="http://www.w3.org/2001/XMLSchema-instance" xsi:type="xsd:boolean">false</a:value>
                    </a:expectedOutput>
                </a:assertions>
                <a:isDefault>false</a:isDefault>
            </el>
            <el>
                <a:name>Returns false for variant list</a:name>
                <a:ruleInputTestConfigs>
                    <a:value xmlns:xsi="http://www.w3.org/2001/XMLSchema-instance" xsi:type="a:Expression">{1, "a", true}</a:value>
                    <a:nameRef>List</a:nameRef>
                    <a:id>1</a:id>
                </a:ruleInputTestConfigs>
                <a:assertions>
                    <a:expectedOutput>
                        <a:type a:uuid="{http://www.appian.com/ae/types/2009}Boolean"/>
                        <a:runtimeType a:uuid="{http://www.appian.com/ae/types/2009}Boolean"/>
                        <a:value xmlns:xsd="http://www.w3.org/2001/XMLSchema" xmlns:xsi="http://www.w3.org/2001/XMLSchema-instance" xsi:type="xsd:boolean">false</a:value>
                    </a:expectedOutput>
                </a:assertions>
                <a:isDefault>false</a:isDefault>
            </el>
        </value>
    </typedValue>
    <history>
        <historyInfo versionUuid="_a-0000e4b2-6487-8000-2b63-01ef9001ef90_3253170"/>
        <historyInfo versionUuid="_a-0000e4cd-1af4-8000-5255-1bef901bef90_82810"/>
        <historyInfo versionUuid="_a-0000e4e9-ef8d-8000-5259-1bef901bef90_277522"/>
        <historyInfo versionUuid="_a-0000ed9a-d049-8000-9c18-011c48011c48_10180606"/>
    </history>
</contentHaul>
