<?xml version="1.0" encoding="UTF-8" standalone="yes"?>
<contentHaul xmlns:a="http://www.appian.com/ae/types/2009">
    <versionUuid>_a-0000ed9a-d049-8000-9c18-011c48011c48_10186714</versionUuid>
    <rule>
        <name>EAP_getStaticDataSrc</name>
        <uuid>_a-0000ec54-f04b-8000-9bf7-011c48011c48_320694</uuid>
        <description>Static data expression rule</description>
        <parentUuid>_a-0000e4c3-7a1b-8000-524f-1bef901bef90_6574</parentUuid>
        <visibility>
            <advertise>false</advertise>
            <hierarchy>true</hierarchy>
            <indexable>true</indexable>
            <quota>false</quota>
            <searchable>true</searchable>
            <system>false</system>
            <unlogged>false</unlogged>
        </visibility>
        <definition>#"SYSTEM_SYSRULES_queryEntity_v2"(
  entity: #"_a-0000ec54-f04b-8000-9bf7-011c48011c48_320871",
  query: #"SYSTEM_SYSRULES_query"(
    logicalExpression: #"SYSTEM_SYSRULES_queryLogicalExpression"(
      operator: "AND",
      filters: {
        #"SYSTEM_SYSRULES_queryFilter"(
          field: "requestId",
          operator: "=",
          value: ri!requestId
        )
      },
      ignoreFiltersWithEmptyValues: true
    ),
    pagingInfo: #"SYSTEM_SYSRULES_pagingInfo"(
      startIndex: 1,
      batchSize: 1
    )
  ),
  fetchTotalCount: false
).data</definition>
        <namedTypedValue>
            <name>requestId</name>
            <type>
                <name>int</name>
                <namespace>http://www.w3.org/2001/XMLSchema</namespace>
            </type>
        </namedTypedValue>
        <preferredEditor>legacy</preferredEditor>
        <offlineEnabled>false</offlineEnabled>
    </rule>
    <roleMap public="true">
        <role inherit="true" allowForAll="false" name="readers">
            <users/>
            <groups/>
        </role>
        <role inherit="true" allowForAll="false" name="authors">
            <users/>
            <groups/>
        </role>
        <role inherit="true" allowForAll="false" name="administrators">
            <users/>
            <groups/>
        </role>
        <role inherit="false" allowForAll="false" name="denyReaders">
            <users/>
            <groups/>
        </role>
        <role inherit="false" allowForAll="false" name="denyAuthors">
            <users/>
            <groups/>
        </role>
        <role inherit="false" allowForAll="false" name="denyAdministrators">
            <users/>
            <groups/>
        </role>
    </roleMap>
    <typedValue>
        <type>
            <name>RuleTestConfig?list</name>
            <namespace>http://www.appian.com/ae/types/2009</namespace>
        </type>
        <value>
            <el>
                <a:name>Happy path test with valid requestId</a:name>
                <a:ruleInputTestConfigs>
                    <a:value xmlns:xsi="http://www.w3.org/2001/XMLSchema-instance" xsi:type="a:Expression">1</a:value>
                    <a:nameRef>requestId</a:nameRef>
                    <a:id>1</a:id>
                </a:ruleInputTestConfigs>
                <a:assertions xmlns:xsi="http://www.w3.org/2001/XMLSchema-instance" xsi:nil="true"/>
                <a:isDefault>false</a:isDefault>
            </el>
            <el>
                <a:name>Test with zero requestId</a:name>
                <a:ruleInputTestConfigs>
                    <a:value xmlns:xsi="http://www.w3.org/2001/XMLSchema-instance" xsi:type="a:Expression">0</a:value>
                    <a:nameRef>requestId</a:nameRef>
                    <a:id>1</a:id>
                </a:ruleInputTestConfigs>
                <a:assertions xmlns:xsi="http://www.w3.org/2001/XMLSchema-instance" xsi:nil="true"/>
                <a:isDefault>false</a:isDefault>
            </el>
            <el>
                <a:name>Test with null requestId</a:name>
                <a:ruleInputTestConfigs>
                    <a:value xmlns:xsd="http://www.w3.org/2001/XMLSchema" xmlns:xsi="http://www.w3.org/2001/XMLSchema-instance" xsi:nil="true" xsi:type="xsd:int"/>
                    <a:nameRef>requestId</a:nameRef>
                    <a:id>1</a:id>
                </a:ruleInputTestConfigs>
                <a:assertions xmlns:xsi="http://www.w3.org/2001/XMLSchema-instance" xsi:nil="true"/>
                <a:isDefault>false</a:isDefault>
            </el>
        </value>
    </typedValue>
    <history>
        <historyInfo versionUuid="_a-0000ec54-f04b-8000-9bf7-011c48011c48_321373"/>
        <historyInfo versionUuid="_a-0000ed9a-d049-8000-9c18-011c48011c48_10186714"/>
    </history>
</contentHaul>
