<?xml version="1.0" encoding="UTF-8" standalone="yes"?>
<contentHaul xmlns:a="http://www.appian.com/ae/types/2009">
    <versionUuid>_a-0000ed9a-d049-8000-9c18-011c48011c48_10137664</versionUuid>
    <interface>
        <name>EAP_UiNasConfiguration</name>
        <uuid>_a-0000e5f4-e010-8000-526a-1bef901bef90_775397</uuid>
        <description>Interface to configure NAS based approach</description>
        <parentUuid>_a-0000e4c3-7a1b-8000-524f-1bef901bef90_6580</parentUuid>
        <visibility>
            <advertise>false</advertise>
            <hierarchy>true</hierarchy>
            <indexable>true</indexable>
            <quota>false</quota>
            <searchable>true</searchable>
            <system>false</system>
            <unlogged>false</unlogged>
        </visibility>
        <definition>#"SYSTEM_SYSRULES_formLayout_v1"(
  label: "",
  contents: {
    #"SYSTEM_SYSRULES_richTextDisplayField"(
      labelPosition: "COLLAPSED",
      value: {
        #"SYSTEM_SYSRULES_richTextItem_v1"(
          text: "Manage NAS Configuration",
          style: "STRONG",
          color: "ACCENT",
          size: "MEDIUM_PLUS"
        )
      }
    ),
    #"SYSTEM_SYSRULES_radioButtonField"(
      label: "Follow NAS Based File Sharing Mechanism",
      choiceLabels: {
        "Yes",
        "No"
      },
      choiceValues: {
        1,
        0
      },
      choiceLayout: "COMPACT",
      value: ri!isNasBased,
      saveInto: ri!isNasBased
    )
  },
  buttons: {
    #"SYSTEM_SYSRULES_ButtonLayout"(
      primaryButtons: {
        #"SYSTEM_SYSRULES_ButtonWidget"(
          label: #"_a-0000e4c3-ab68-8000-5250-1bef901bef90_13888"[1],
          style: "PRIMARY",
          submit: true(),
          validate: true(),
          value: #"_a-0000e4c3-ab68-8000-5250-1bef901bef90_13888"[1],
          saveInto: ri!buttonAction
        )
      },
      secondaryButtons: {
        #"SYSTEM_SYSRULES_ButtonWidget"(
          label: #"_a-0000e4c3-ab68-8000-5250-1bef901bef90_13888"[2],
          style: "STANDARD",
          submit: true(),
          validate: false(),
          value: #"_a-0000e4c3-ab68-8000-5250-1bef901bef90_13888"[2],
          saveInto: ri!buttonAction
        )
      }
    )
  }
)</definition>
        <namedTypedValue>
            <name>buttonAction</name>
            <type>
                <name>string</name>
                <namespace>http://www.w3.org/2001/XMLSchema</namespace>
            </type>
            <value/>
        </namedTypedValue>
        <namedTypedValue>
            <name>isNasBased</name>
            <type>
                <name>int</name>
                <namespace>http://www.w3.org/2001/XMLSchema</namespace>
            </type>
        </namedTypedValue>
        <preferredEditor>interface</preferredEditor>
        <offlineEnabled>false</offlineEnabled>
        <isCustom>false</isCustom>
    </interface>
    <roleMap public="true">
        <role inherit="true" allowForAll="false" name="readers">
            <users/>
            <groups/>
        </role>
        <role inherit="true" allowForAll="false" name="authors">
            <users/>
            <groups/>
        </role>
        <role inherit="true" allowForAll="false" name="administrators">
            <users/>
            <groups/>
        </role>
        <role inherit="false" allowForAll="false" name="denyReaders">
            <users/>
            <groups/>
        </role>
        <role inherit="false" allowForAll="false" name="denyAuthors">
            <users/>
            <groups/>
        </role>
        <role inherit="false" allowForAll="false" name="denyAdministrators">
            <users/>
            <groups/>
        </role>
    </roleMap>
    <history>
        <historyInfo versionUuid="_a-0000e5f4-e010-8000-526a-1bef901bef90_775415"/>
        <historyInfo versionUuid="_a-0000ed9a-d049-8000-9c18-011c48011c48_10137664"/>
    </history>
</contentHaul>
