<?xml version="1.0" encoding="UTF-8" standalone="yes"?>
<contentHaul xmlns:a="http://www.appian.com/ae/types/2009">
    <versionUuid>_a-0000ed9a-d049-8000-9c18-011c48011c48_10191805</versionUuid>
    <rule>
        <name>EAP_QE_gtSheetFixedCellsConfig</name>
        <uuid>_a-0000e4dd-0d8b-8000-5257-1bef901bef90_214662</uuid>
        <description>Rule to fetch data for gt sheet fixed cells config.</description>
        <parentUuid>_a-0000e4c3-7a1b-8000-524f-1bef901bef90_6574</parentUuid>
        <visibility>
            <advertise>false</advertise>
            <hierarchy>true</hierarchy>
            <indexable>true</indexable>
            <quota>false</quota>
            <searchable>true</searchable>
            <system>false</system>
            <unlogged>false</unlogged>
        </visibility>
        <definition>#"SYSTEM_SYSRULES_queryEntity_v1"(

  entity : #"_a-0000e4dd-0d8b-8000-5257-1bef901bef90_214656",
  query:#"SYSTEM_SYSRULES_query"(
    logicalExpression :if(
      and(
        #"_a-0000e4b2-6487-8000-2b63-01ef9001ef90_3233095"(ri!gtOutFixedCellConfigId),
        #"_a-0000e4b2-6487-8000-2b63-01ef9001ef90_3233095"(ri!processId),
        #"_a-0000e4b2-6487-8000-2b63-01ef9001ef90_3233095"(ri!outFileTypeMappingId),
        #"_a-0000e4b2-6487-8000-2b63-01ef9001ef90_3233095"(ri!mappingType),
        #"_a-0000e4b2-6487-8000-2b63-01ef9001ef90_3233095"(ri!mappingValue),
        #"_a-0000e4b2-6487-8000-2b63-01ef9001ef90_3233095"(ri!entityColumnName),
        #"_a-0000e4b2-6487-8000-2b63-01ef9001ef90_3233095"(ri!cellPosition),
        #"_a-0000e4b2-6487-8000-2b63-01ef9001ef90_3233095"(ri!generationType),
        #"_a-0000e4b2-6487-8000-2b63-01ef9001ef90_3233095"(ri!generationFormat),
        #"_a-0000e4b2-6487-8000-2b63-01ef9001ef90_3233095"(ri!isActive),
        #"_a-0000e4b2-6487-8000-2b63-01ef9001ef90_3233095"(ri!createdBy),
        #"_a-0000e4b2-6487-8000-2b63-01ef9001ef90_3233095"(ri!createdOn),
        #"_a-0000e4b2-6487-8000-2b63-01ef9001ef90_3233095"(ri!modifiedBy),
        #"_a-0000e4b2-6487-8000-2b63-01ef9001ef90_3233095"(ri!modifiedOn)
      ),
      null,
      #"SYSTEM_SYSRULES_queryLogicalExpression"(
        operator : "AND",
        filters  : {
          if( 
            #"_a-0000e4b2-6487-8000-2b63-01ef9001ef90_3233095"(ri!gtOutFixedCellConfigId),
            {},
            #"SYSTEM_SYSRULES_queryFilter"(
              field : "gt_out_fixed_cell_config_id",
              operator: "IN",
              value :  {
                ri!gtOutFixedCellConfigId
              }

            )
          ),
          if( 
            #"_a-0000e4b2-6487-8000-2b63-01ef9001ef90_3233095"(ri!processId),
            {},
            #"SYSTEM_SYSRULES_queryFilter"(
              field : "process_id",
              operator: "IN",
              value :  {
                ri!processId
              }

            )
          ),
          if( 
            #"_a-0000e4b2-6487-8000-2b63-01ef9001ef90_3233095"(ri!outFileTypeMappingId),
            {},
            #"SYSTEM_SYSRULES_queryFilter"(
              field : "out_file_entity_mapping_id",
              operator: "IN",
              value :  {
                ri!outFileTypeMappingId
              }

            )
          ),
          if( 
            #"_a-0000e4b2-6487-8000-2b63-01ef9001ef90_3233095"(ri!mappingType),
            {},
            #"SYSTEM_SYSRULES_queryFilter"(
              field : "mapping_type",
              operator: "IN",
              value :  {
                ri!mappingType
              }

            )
          ),
          if( 
            #"_a-0000e4b2-6487-8000-2b63-01ef9001ef90_3233095"(ri!mappingValue),
            {},
            #"SYSTEM_SYSRULES_queryFilter"(
              field : "mapping_value",
              operator: "IN",
              value :  {
                ri!mappingValue
              }

            )
          ),
          if( 
            #"_a-0000e4b2-6487-8000-2b63-01ef9001ef90_3233095"(ri!entityColumnName),
            {},
            #"SYSTEM_SYSRULES_queryFilter"(
              field : "entity_column_name",
              operator: "IN",
              value :  {
                ri!entityColumnName
              }

            )
          ),
          if( 
            #"_a-0000e4b2-6487-8000-2b63-01ef9001ef90_3233095"(ri!cellPosition),
            {},
            #"SYSTEM_SYSRULES_queryFilter"(
              field : "cell_position",
              operator: "IN",
              value :  {
                ri!cellPosition
              }

            )
          ),
          if( 
            #"_a-0000e4b2-6487-8000-2b63-01ef9001ef90_3233095"(ri!generationType),
            {},
            #"SYSTEM_SYSRULES_queryFilter"(
              field : "generation_type",
              operator: "IN",
              value :  {
                ri!generationType
              }

            )
          ),
          if( 
            #"_a-0000e4b2-6487-8000-2b63-01ef9001ef90_3233095"(ri!generationFormat),
            {},
            #"SYSTEM_SYSRULES_queryFilter"(
              field : "generation_format",
              operator: "IN",
              value :  {
                ri!generationFormat
              }

            )
          ),
          if( 
            #"_a-0000e4b2-6487-8000-2b63-01ef9001ef90_3233095"(ri!isActive),
            {},
            #"SYSTEM_SYSRULES_queryFilter"(
              field : "is_active",
              operator: "IN",
              value :  {
                ri!isActive
              }

            )
          ),
          if( 
            #"_a-0000e4b2-6487-8000-2b63-01ef9001ef90_3233095"(ri!createdBy),
            {},
            #"SYSTEM_SYSRULES_queryFilter"(
              field : "created_by",
              operator: "IN",
              value :  {
                ri!createdBy
              }

            )
          ),
          if( 
            #"_a-0000e4b2-6487-8000-2b63-01ef9001ef90_3233095"(ri!createdOn),
            {},
            #"SYSTEM_SYSRULES_queryFilter"(
              field : "created_on",
              operator: "IN",
              value :  {
                ri!createdOn
              }

            )
          ),
          if( 
            #"_a-0000e4b2-6487-8000-2b63-01ef9001ef90_3233095"(ri!modifiedBy),
            {},
            #"SYSTEM_SYSRULES_queryFilter"(
              field : "modified_by",
              operator: "IN",
              value :  {
                ri!modifiedBy
              }

            )
          ),
          if( 
            #"_a-0000e4b2-6487-8000-2b63-01ef9001ef90_3233095"(ri!modifiedOn),
            {},
            #"SYSTEM_SYSRULES_queryFilter"(
              field : "modified_on",
              operator: "IN",
              value :  {
                ri!modifiedOn
              }

            )
          )
        }
      )

    ) ,
    pagingInfo: if(
      #"_a-0000e4b2-6487-8000-2b63-01ef9001ef90_3233095"(ri!pagingInfo),
      #"SYSTEM_SYSRULES_pagingInfo"(
        startIndex : 1, 
        batchSize :1000
      ),
      ri!pagingInfo

    )

  )

).data</definition>
        <namedTypedValue>
            <name>gtOutFixedCellConfigId</name>
            <type>
                <name>Integer?list</name>
                <namespace>http://www.appian.com/ae/types/2009</namespace>
            </type>
        </namedTypedValue>
        <namedTypedValue>
            <name>processId</name>
            <type>
                <name>Integer?list</name>
                <namespace>http://www.appian.com/ae/types/2009</namespace>
            </type>
        </namedTypedValue>
        <namedTypedValue>
            <name>outFileTypeMappingId</name>
            <type>
                <name>Integer?list</name>
                <namespace>http://www.appian.com/ae/types/2009</namespace>
            </type>
        </namedTypedValue>
        <namedTypedValue>
            <name>mappingType</name>
            <type>
                <name>Text?list</name>
                <namespace>http://www.appian.com/ae/types/2009</namespace>
            </type>
        </namedTypedValue>
        <namedTypedValue>
            <name>mappingValue</name>
            <type>
                <name>Text?list</name>
                <namespace>http://www.appian.com/ae/types/2009</namespace>
            </type>
        </namedTypedValue>
        <namedTypedValue>
            <name>entityColumnName</name>
            <type>
                <name>Text?list</name>
                <namespace>http://www.appian.com/ae/types/2009</namespace>
            </type>
        </namedTypedValue>
        <namedTypedValue>
            <name>cellPosition</name>
            <type>
                <name>Text?list</name>
                <namespace>http://www.appian.com/ae/types/2009</namespace>
            </type>
        </namedTypedValue>
        <namedTypedValue>
            <name>generationType</name>
            <type>
                <name>Text?list</name>
                <namespace>http://www.appian.com/ae/types/2009</namespace>
            </type>
        </namedTypedValue>
        <namedTypedValue>
            <name>generationFormat</name>
            <type>
                <name>Text?list</name>
                <namespace>http://www.appian.com/ae/types/2009</namespace>
            </type>
        </namedTypedValue>
        <namedTypedValue>
            <name>isActive</name>
            <type>
                <name>Integer?list</name>
                <namespace>http://www.appian.com/ae/types/2009</namespace>
            </type>
        </namedTypedValue>
        <namedTypedValue>
            <name>createdBy</name>
            <type>
                <name>Text?list</name>
                <namespace>http://www.appian.com/ae/types/2009</namespace>
            </type>
        </namedTypedValue>
        <namedTypedValue>
            <name>createdOn</name>
            <type>
                <name>Datetime?list</name>
                <namespace>http://www.appian.com/ae/types/2009</namespace>
            </type>
        </namedTypedValue>
        <namedTypedValue>
            <name>modifiedBy</name>
            <type>
                <name>Text?list</name>
                <namespace>http://www.appian.com/ae/types/2009</namespace>
            </type>
        </namedTypedValue>
        <namedTypedValue>
            <name>modifiedOn</name>
            <type>
                <name>Datetime?list</name>
                <namespace>http://www.appian.com/ae/types/2009</namespace>
            </type>
        </namedTypedValue>
        <namedTypedValue>
            <name>pagingInfo</name>
            <type>
                <name>PagingInfo</name>
                <namespace>http://www.appian.com/ae/types/2009</namespace>
            </type>
        </namedTypedValue>
        <preferredEditor>legacy</preferredEditor>
        <offlineEnabled>false</offlineEnabled>
    </rule>
    <roleMap public="true">
        <role inherit="true" allowForAll="false" name="readers">
            <users/>
            <groups/>
        </role>
        <role inherit="true" allowForAll="false" name="authors">
            <users/>
            <groups/>
        </role>
        <role inherit="true" allowForAll="false" name="administrators">
            <users/>
            <groups/>
        </role>
        <role inherit="false" allowForAll="false" name="denyReaders">
            <users/>
            <groups/>
        </role>
        <role inherit="false" allowForAll="false" name="denyAuthors">
            <users/>
            <groups/>
        </role>
        <role inherit="false" allowForAll="false" name="denyAdministrators">
            <users/>
            <groups/>
        </role>
    </roleMap>
    <typedValue>
        <type>
            <name>RuleTestConfig?list</name>
            <namespace>http://www.appian.com/ae/types/2009</namespace>
        </type>
        <value>
            <el>
                <a:name>Query with null or empty values</a:name>
                <a:ruleInputTestConfigs>
                    <a:value xmlns:xsi="http://www.w3.org/2001/XMLSchema-instance" xsi:type="a:Expression">null</a:value>
                    <a:nameRef>gtOutFixedCellConfigId</a:nameRef>
                    <a:id>1</a:id>
                </a:ruleInputTestConfigs>
                <a:ruleInputTestConfigs>
                    <a:value xmlns:xsi="http://www.w3.org/2001/XMLSchema-instance" xsi:type="a:Expression">{}</a:value>
                    <a:nameRef>processId</a:nameRef>
                    <a:id>2</a:id>
                </a:ruleInputTestConfigs>
                <a:ruleInputTestConfigs>
                    <a:value xmlns:xsi="http://www.w3.org/2001/XMLSchema-instance" xsi:type="a:Expression">{}</a:value>
                    <a:nameRef>outFileTypeMappingId</a:nameRef>
                    <a:id>3</a:id>
                </a:ruleInputTestConfigs>
                <a:ruleInputTestConfigs>
                    <a:value xmlns:xsi="http://www.w3.org/2001/XMLSchema-instance" xsi:type="a:Expression">null</a:value>
                    <a:nameRef>mappingType</a:nameRef>
                    <a:id>4</a:id>
                </a:ruleInputTestConfigs>
                <a:ruleInputTestConfigs>
                    <a:value xmlns:xsi="http://www.w3.org/2001/XMLSchema-instance" xsi:type="a:Expression">{}</a:value>
                    <a:nameRef>mappingValue</a:nameRef>
                    <a:id>5</a:id>
                </a:ruleInputTestConfigs>
                <a:ruleInputTestConfigs>
                    <a:value xmlns:xsi="http://www.w3.org/2001/XMLSchema-instance" xsi:type="a:Expression">{}</a:value>
                    <a:nameRef>entityColumnName</a:nameRef>
                    <a:id>6</a:id>
                </a:ruleInputTestConfigs>
                <a:ruleInputTestConfigs>
                    <a:value xmlns:xsi="http://www.w3.org/2001/XMLSchema-instance" xsi:type="a:Expression">null</a:value>
                    <a:nameRef>cellPosition</a:nameRef>
                    <a:id>7</a:id>
                </a:ruleInputTestConfigs>
                <a:ruleInputTestConfigs>
                    <a:value xmlns:xsi="http://www.w3.org/2001/XMLSchema-instance" xsi:type="a:Expression">{}</a:value>
                    <a:nameRef>generationType</a:nameRef>
                    <a:id>8</a:id>
                </a:ruleInputTestConfigs>
                <a:ruleInputTestConfigs>
                    <a:value xmlns:xsi="http://www.w3.org/2001/XMLSchema-instance" xsi:type="a:Expression">null</a:value>
                    <a:nameRef>generationFormat</a:nameRef>
                    <a:id>9</a:id>
                </a:ruleInputTestConfigs>
                <a:ruleInputTestConfigs>
                    <a:value xmlns:xsi="http://www.w3.org/2001/XMLSchema-instance" xsi:type="a:Expression">{}</a:value>
                    <a:nameRef>isActive</a:nameRef>
                    <a:id>10</a:id>
                </a:ruleInputTestConfigs>
                <a:ruleInputTestConfigs>
                    <a:value xmlns:xsi="http://www.w3.org/2001/XMLSchema-instance" xsi:type="a:Expression">{}</a:value>
                    <a:nameRef>createdBy</a:nameRef>
                    <a:id>11</a:id>
                </a:ruleInputTestConfigs>
                <a:ruleInputTestConfigs>
                    <a:value xmlns:xsi="http://www.w3.org/2001/XMLSchema-instance" xsi:type="a:Expression">{}</a:value>
                    <a:nameRef>createdOn</a:nameRef>
                    <a:id>12</a:id>
                </a:ruleInputTestConfigs>
                <a:ruleInputTestConfigs>
                    <a:value xmlns:xsi="http://www.w3.org/2001/XMLSchema-instance" xsi:type="a:Expression">null</a:value>
                    <a:nameRef>modifiedBy</a:nameRef>
                    <a:id>13</a:id>
                </a:ruleInputTestConfigs>
                <a:ruleInputTestConfigs>
                    <a:value xmlns:xsi="http://www.w3.org/2001/XMLSchema-instance" xsi:type="a:Expression">{}</a:value>
                    <a:nameRef>modifiedOn</a:nameRef>
                    <a:id>14</a:id>
                </a:ruleInputTestConfigs>
                <a:ruleInputTestConfigs>
                    <a:value xmlns:xsi="http://www.w3.org/2001/XMLSchema-instance" xsi:type="a:Expression">null</a:value>
                    <a:nameRef>pagingInfo</a:nameRef>
                    <a:id>15</a:id>
                </a:ruleInputTestConfigs>
                <a:assertions xmlns:xsi="http://www.w3.org/2001/XMLSchema-instance" xsi:nil="true"/>
                <a:isDefault>false</a:isDefault>
            </el>
        </value>
    </typedValue>
    <history>
        <historyInfo versionUuid="_a-0000e4dd-0d8b-8000-5257-1bef901bef90_214693"/>
        <historyInfo versionUuid="_a-0000ed9a-d049-8000-9c18-011c48011c48_10191805"/>
    </history>
</contentHaul>
