<?xml version="1.0" encoding="UTF-8" standalone="yes"?>
<contentHaul xmlns:a="http://www.appian.com/ae/types/2009">
    <versionUuid>_a-0000e518-940a-8000-525e-1bef901bef90_526021</versionUuid>
    <interface>
        <name>EAP_IntEmailWhitelistEditableGrid</name>
        <uuid>_a-0000e4cd-1af4-8000-5255-1bef901bef90_79934</uuid>
        <description>Contains editable grid for creating email whitelist.</description>
        <parentUuid>_a-0000e4c3-7a1b-8000-524f-1bef901bef90_6580</parentUuid>
        <visibility>
            <advertise>false</advertise>
            <hierarchy>true</hierarchy>
            <indexable>true</indexable>
            <quota>false</quota>
            <searchable>true</searchable>
            <system>false</system>
            <unlogged>false</unlogged>
        </visibility>
        <definition>{
  #"SYSTEM_SYSRULES_sectionLayout_v1"(
    contents: {
      #"_a-0000e518-940a-8000-525e-1bef901bef90_524783"(
        label: "Email Whitelist",
        color: "ACCENT",
        icon: "envelope"
      )
    },
    divider: "BELOW"
  ),
  #"SYSTEM_SYSRULES_gridLayout"(
    borderStyle: "LIGHT",
    headerCells: {
      #"SYSTEM_SYSRULES_gridLayoutHeaderCell"(
        label: "Messaging Type",
        align: "LEFT"
      ),
      #"SYSTEM_SYSRULES_gridLayoutHeaderCell"(
        label: "User Email Address",
        align: "LEFT"
      ),
      #"SYSTEM_SYSRULES_gridLayoutHeaderCell"(
        label: "Is Active",
        align: "CENTER"
      ),
      #"SYSTEM_SYSRULES_gridLayoutHeaderCell"(
        label: "",
        align: "CENTER",
        showWhen: if(
          ri!isReadOnly = true(),
          false(),
          true()
        )
      ),
      
    },
    columnConfigs: {
      #"SYSTEM_SYSRULES_gridLayoutColumnConfig"(
        width: "DISTRIBUTE"
      ),
      #"SYSTEM_SYSRULES_gridLayoutColumnConfig"(
        width: "DISTRIBUTE"
      ),
      #"SYSTEM_SYSRULES_gridLayoutColumnConfig"(
        width: "DISTRIBUTE"
      ),
      #"SYSTEM_SYSRULES_gridLayoutColumnConfig"(
        width: "ICON",
        showWhen: if(
          ri!isReadOnly = true(),
          false(),
          true()
        )
      ),
      
    },
    rows: {
      #"SYSTEM_SYSRULES_applyComponents"(
        function: #"_a-0000e4cd-1af4-8000-5255-1bef901bef90_79835"(
          index: _,
          emailWhitelist: ri!emailWhitelist,
          isReadOnly: ri!isReadOnly,
          masterLookUpData: ri!masterLookUpData
        ),
        array: if(
          or(
            #"_a-0000e4b2-6487-8000-2b63-01ef9001ef90_3233095"(
              ri!emailWhitelist
            ),
            count(
              ri!emailWhitelist
            ) = 0
          ),
          null,
          tointeger(
            enumerate(
              count(
                ri!emailWhitelist
              )
            ) + 1
          )
        )
      )
    },
    selectionSaveInto: {},
    addRowLink: if(
      ri!isReadOnly,
      {},
      #"SYSTEM_SYSRULES_dynamicLink"(
        label: "Add line items",
        value: 'type!{urn:com:appian:types:eap}EAP_T_EmailWhitelist'(
          is_active: 1,
          created_by: loggedInUser(),
          created_on: now(),
          modified_by: loggedInUser(),
          modified_on: now()
        ),
        saveInto: a!save(
          ri!emailWhitelist,
          append(
            ri!emailWhitelist,
            save!value
          )
        ),
        showWhen: ri!isReadOnly = false()
      )
    ),
    spacing: #"_a-0000e4c6-e892-8000-5254-1bef901bef90_40702"
  )
}</definition>
        <namedTypedValue>
            <name>emailWhitelist</name>
            <type>
                <name>EAP_T_EmailWhitelist?list</name>
                <namespace>urn:com:appian:types:eap</namespace>
            </type>
        </namedTypedValue>
        <namedTypedValue>
            <name>isReadOnly</name>
            <type>
                <name>boolean</name>
                <namespace>http://www.w3.org/2001/XMLSchema</namespace>
            </type>
        </namedTypedValue>
        <namedTypedValue>
            <name>masterLookUpData</name>
            <type>
                <name>Variant</name>
                <namespace>http://www.appian.com/ae/types/2009</namespace>
            </type>
        </namedTypedValue>
        <preferredEditor>interface</preferredEditor>
        <offlineEnabled>false</offlineEnabled>
        <isCustom>false</isCustom>
    </interface>
    <roleMap public="true">
        <role inherit="true" allowForAll="false" name="readers">
            <users/>
            <groups/>
        </role>
        <role inherit="true" allowForAll="false" name="authors">
            <users/>
            <groups/>
        </role>
        <role inherit="true" allowForAll="false" name="administrators">
            <users/>
            <groups/>
        </role>
        <role inherit="false" allowForAll="false" name="denyReaders">
            <users/>
            <groups/>
        </role>
        <role inherit="false" allowForAll="false" name="denyAuthors">
            <users/>
            <groups/>
        </role>
        <role inherit="false" allowForAll="false" name="denyAdministrators">
            <users/>
            <groups/>
        </role>
    </roleMap>
    <typedValue>
        <type>
            <name>RuleTestConfig?list</name>
            <namespace>http://www.appian.com/ae/types/2009</namespace>
        </type>
        <value>
            <el>
                <a:name/>
                <a:ruleInputTestConfigs>
                    <a:value xmlns:xsi="http://www.w3.org/2001/XMLSchema-instance" xsi:type="a:Expression">{'type!{urn:com:appian:types:eap}EAP_T_EmailWhitelist'('messaging_type': "IN", 'user_email_address': "adityag1@appcino.com", 'is_active': 1, 'created_by': "AD41727T", 'created_on': fn!datetime(2020, 7, 17, 12, 43, 17, 390), 'modified_by': "AD41727T", 'modified_on': fn!datetime(2020, 7, 17, 12, 43, 17, 390))}</a:value>
                    <a:nameRef>emailWhitelist</a:nameRef>
                    <a:id>1</a:id>
                </a:ruleInputTestConfigs>
                <a:ruleInputTestConfigs>
                    <a:value xmlns:xsd="http://www.w3.org/2001/XMLSchema" xmlns:xsi="http://www.w3.org/2001/XMLSchema-instance" xsi:type="xsd:boolean">false</a:value>
                    <a:nameRef>isReadOnly</a:nameRef>
                    <a:id>2</a:id>
                </a:ruleInputTestConfigs>
                <a:ruleInputTestConfigs>
                    <a:value xmlns:xsd="http://www.w3.org/2001/XMLSchema" xmlns:xsi="http://www.w3.org/2001/XMLSchema-instance" xsi:type="xsd:string"/>
                    <a:nameRef>masterLookUpData</a:nameRef>
                    <a:id>3</a:id>
                </a:ruleInputTestConfigs>
                <a:assertions xmlns:xsi="http://www.w3.org/2001/XMLSchema-instance" xsi:nil="true"/>
            </el>
        </value>
    </typedValue>
    <history>
        <historyInfo versionUuid="_a-0000e4cd-1af4-8000-5255-1bef901bef90_80147"/>
        <historyInfo versionUuid="_a-0000e4cd-1af4-8000-5255-1bef901bef90_168233"/>
        <historyInfo versionUuid="_a-0000e518-940a-8000-525e-1bef901bef90_526021"/>
    </history>
</contentHaul>
