<?xml version="1.0" encoding="UTF-8" standalone="yes"?>
<contentHaul xmlns:a="http://www.appian.com/ae/types/2009">
    <versionUuid>_a-0000ed9a-d049-8000-9c18-011c48011c48_10186055</versionUuid>
    <rule>
        <name>EAP_setValueForRefChecklist</name>
        <uuid>_a-0000e4dd-0d8b-8000-5257-1bef901bef90_214516</uuid>
        <description>Hold set value rule for Ref Checklist</description>
        <parentUuid>_a-0000e4c3-7a1b-8000-524f-1bef901bef90_6574</parentUuid>
        <visibility>
            <advertise>false</advertise>
            <hierarchy>true</hierarchy>
            <indexable>true</indexable>
            <quota>false</quota>
            <searchable>true</searchable>
            <system>false</system>
            <unlogged>false</unlogged>
        </visibility>
        <definition>if(
  #"_a-0000e4b2-6487-8000-2b63-01ef9001ef90_3233095"(
    ri!refChecklist
  ),
  null,
  #"SYSTEM_SYSRULES_forEach"(
    items: ri!refChecklist,
    expression: #"_a-0000e4dd-0d8b-8000-5257-1bef901bef90_214522"(
      checklistId:if(
        #"_a-0000e4b2-6487-8000-2b63-01ef9001ef90_3233095"(
          ri!checklistId
        ),
        ri!refChecklist[fv!index].checklistId,
        ri!checklistId
      ),
      processId:if(
        #"_a-0000e4b2-6487-8000-2b63-01ef9001ef90_3233095"(
          ri!processId
        ),
        ri!refChecklist[fv!index].processId,
        ri!processId
      ),
      checklistDesc:if(
        #"_a-0000e4b2-6487-8000-2b63-01ef9001ef90_3233095"(
          ri!checklistDesc
        ),
        ri!refChecklist[fv!index].checklistDesc,
        ri!checklistDesc
      ),
      checklistType:if(
        #"_a-0000e4b2-6487-8000-2b63-01ef9001ef90_3233095"(
          ri!checklistType
        ),
        ri!refChecklist[fv!index].checklistType,
        ri!checklistType
      ),
      sortOrder:if(
        #"_a-0000e4b2-6487-8000-2b63-01ef9001ef90_3233095"(
          ri!sortOrder
        ),
        ri!refChecklist[fv!index].sortOrder,
        ri!sortOrder
      ),
      isActive:if(
        #"_a-0000e4b2-6487-8000-2b63-01ef9001ef90_3233095"(
          ri!isActive
        ),
        ri!refChecklist[fv!index].isActive,
        ri!isActive
      ),
      createdBy:if(
        #"_a-0000e4b2-6487-8000-2b63-01ef9001ef90_3233095"(
          ri!createdBy
        ),
        ri!refChecklist[fv!index].createdBy,
        ri!createdBy
      ),
      createdOn:if(
        #"_a-0000e4b2-6487-8000-2b63-01ef9001ef90_3233095"(
          ri!createdOn
        ),
        ri!refChecklist[fv!index].createdOn,
        ri!createdOn
      ),
      modifiedBy:if(
        #"_a-0000e4b2-6487-8000-2b63-01ef9001ef90_3233095"(
          ri!modifiedBy
        ),
        ri!refChecklist[fv!index].modifiedBy,
        ri!modifiedBy
      ),
      modifiedOn:if(
        #"_a-0000e4b2-6487-8000-2b63-01ef9001ef90_3233095"(
          ri!modifiedOn
        ),
        ri!refChecklist[fv!index].modifiedOn,
        ri!modifiedOn
      )
    )
  )
)</definition>
        <namedTypedValue>
            <name>checklistId</name>
            <type>
                <name>Integer?list</name>
                <namespace>http://www.appian.com/ae/types/2009</namespace>
            </type>
        </namedTypedValue>
        <namedTypedValue>
            <name>processId</name>
            <type>
                <name>Integer?list</name>
                <namespace>http://www.appian.com/ae/types/2009</namespace>
            </type>
        </namedTypedValue>
        <namedTypedValue>
            <name>checklistDesc</name>
            <type>
                <name>Text?list</name>
                <namespace>http://www.appian.com/ae/types/2009</namespace>
            </type>
        </namedTypedValue>
        <namedTypedValue>
            <name>sortOrder</name>
            <type>
                <name>Integer?list</name>
                <namespace>http://www.appian.com/ae/types/2009</namespace>
            </type>
        </namedTypedValue>
        <namedTypedValue>
            <name>isActive</name>
            <type>
                <name>Integer?list</name>
                <namespace>http://www.appian.com/ae/types/2009</namespace>
            </type>
        </namedTypedValue>
        <namedTypedValue>
            <name>createdBy</name>
            <type>
                <name>Text?list</name>
                <namespace>http://www.appian.com/ae/types/2009</namespace>
            </type>
        </namedTypedValue>
        <namedTypedValue>
            <name>createdOn</name>
            <type>
                <name>Datetime?list</name>
                <namespace>http://www.appian.com/ae/types/2009</namespace>
            </type>
        </namedTypedValue>
        <namedTypedValue>
            <name>modifiedBy</name>
            <type>
                <name>Text?list</name>
                <namespace>http://www.appian.com/ae/types/2009</namespace>
            </type>
        </namedTypedValue>
        <namedTypedValue>
            <name>modifiedOn</name>
            <type>
                <name>Datetime?list</name>
                <namespace>http://www.appian.com/ae/types/2009</namespace>
            </type>
        </namedTypedValue>
        <namedTypedValue>
            <name>checklistType</name>
            <type>
                <name>Text?list</name>
                <namespace>http://www.appian.com/ae/types/2009</namespace>
            </type>
        </namedTypedValue>
        <namedTypedValue>
            <name>refChecklist</name>
            <type>
                <name>EAP_T_RefChecklist?list</name>
                <namespace>urn:com:appian:types:EAP</namespace>
            </type>
        </namedTypedValue>
        <preferredEditor>legacy</preferredEditor>
        <offlineEnabled>false</offlineEnabled>
    </rule>
    <roleMap public="true">
        <role inherit="true" allowForAll="false" name="readers">
            <users/>
            <groups/>
        </role>
        <role inherit="true" allowForAll="false" name="authors">
            <users/>
            <groups/>
        </role>
        <role inherit="true" allowForAll="false" name="administrators">
            <users/>
            <groups/>
        </role>
        <role inherit="false" allowForAll="false" name="denyReaders">
            <users/>
            <groups/>
        </role>
        <role inherit="false" allowForAll="false" name="denyAuthors">
            <users/>
            <groups/>
        </role>
        <role inherit="false" allowForAll="false" name="denyAdministrators">
            <users/>
            <groups/>
        </role>
    </roleMap>
    <typedValue>
        <type>
            <name>RuleTestConfig?list</name>
            <namespace>http://www.appian.com/ae/types/2009</namespace>
        </type>
        <value>
            <el>
                <a:name>Returns empty list for null refChecklist</a:name>
                <a:ruleInputTestConfigs>
                    <a:value xmlns:xsi="http://www.w3.org/2001/XMLSchema-instance" xsi:type="a:Expression">{1}</a:value>
                    <a:nameRef>checklistId</a:nameRef>
                    <a:id>1</a:id>
                </a:ruleInputTestConfigs>
                <a:ruleInputTestConfigs>
                    <a:value xmlns:xsi="http://www.w3.org/2001/XMLSchema-instance" xsi:type="a:Expression">{2}</a:value>
                    <a:nameRef>processId</a:nameRef>
                    <a:id>2</a:id>
                </a:ruleInputTestConfigs>
                <a:ruleInputTestConfigs>
                    <a:value xmlns:xsi="http://www.w3.org/2001/XMLSchema-instance" xsi:type="a:Expression">{"desc"}</a:value>
                    <a:nameRef>checklistDesc</a:nameRef>
                    <a:id>3</a:id>
                </a:ruleInputTestConfigs>
                <a:ruleInputTestConfigs>
                    <a:value xmlns:xsi="http://www.w3.org/2001/XMLSchema-instance" xsi:type="a:Expression">{3}</a:value>
                    <a:nameRef>sortOrder</a:nameRef>
                    <a:id>4</a:id>
                </a:ruleInputTestConfigs>
                <a:ruleInputTestConfigs>
                    <a:value xmlns:xsi="http://www.w3.org/2001/XMLSchema-instance" xsi:type="a:Expression">{1}</a:value>
                    <a:nameRef>isActive</a:nameRef>
                    <a:id>5</a:id>
                </a:ruleInputTestConfigs>
                <a:ruleInputTestConfigs>
                    <a:value xmlns:xsi="http://www.w3.org/2001/XMLSchema-instance" xsi:type="a:Expression">{"user"}</a:value>
                    <a:nameRef>createdBy</a:nameRef>
                    <a:id>6</a:id>
                </a:ruleInputTestConfigs>
                <a:ruleInputTestConfigs>
                    <a:value xmlns:xsi="http://www.w3.org/2001/XMLSchema-instance" xsi:type="a:Expression">{now()}</a:value>
                    <a:nameRef>createdOn</a:nameRef>
                    <a:id>7</a:id>
                </a:ruleInputTestConfigs>
                <a:ruleInputTestConfigs>
                    <a:value xmlns:xsi="http://www.w3.org/2001/XMLSchema-instance" xsi:type="a:Expression">{"user"}</a:value>
                    <a:nameRef>modifiedBy</a:nameRef>
                    <a:id>8</a:id>
                </a:ruleInputTestConfigs>
                <a:ruleInputTestConfigs>
                    <a:value xmlns:xsi="http://www.w3.org/2001/XMLSchema-instance" xsi:type="a:Expression">{now()}</a:value>
                    <a:nameRef>modifiedOn</a:nameRef>
                    <a:id>9</a:id>
                </a:ruleInputTestConfigs>
                <a:ruleInputTestConfigs>
                    <a:value xmlns:xsi="http://www.w3.org/2001/XMLSchema-instance" xsi:type="a:Expression">{"type"}</a:value>
                    <a:nameRef>checklistType</a:nameRef>
                    <a:id>10</a:id>
                </a:ruleInputTestConfigs>
                <a:ruleInputTestConfigs>
                    <a:value xmlns:xsi="http://www.w3.org/2001/XMLSchema-instance" xsi:type="a:Expression">null</a:value>
                    <a:nameRef>refChecklist</a:nameRef>
                    <a:id>11</a:id>
                </a:ruleInputTestConfigs>
                <a:assertions>
                    <a:expectedOutput>
                        <a:type a:uuid="{http://www.appian.com/ae/types/2009}Null"/>
                        <a:runtimeType a:uuid="{http://www.appian.com/ae/types/2009}Null"/>
                    </a:expectedOutput>
                </a:assertions>
                <a:isDefault>false</a:isDefault>
            </el>
        </value>
    </typedValue>
    <history>
        <historyInfo versionUuid="_a-0000e4dd-0d8b-8000-5257-1bef901bef90_214622"/>
        <historyInfo versionUuid="_a-0000ed9a-d049-8000-9c18-011c48011c48_10186055"/>
    </history>
</contentHaul>
