<?xml version="1.0" encoding="UTF-8" standalone="yes"?>
<contentHaul xmlns:a="http://www.appian.com/ae/types/2009">
    <versionUuid>_a-0000ed9a-d049-8000-9c18-011c48011c48_10191826</versionUuid>
    <rule>
        <name>EAP_QE_refProcessWfSheetCopyMapping</name>
        <uuid>_a-0000e4c3-ab68-8000-5250-1bef901bef90_11049</uuid>
        <description>Hold query rule for wf sheet copy mapping</description>
        <parentUuid>_a-0000e4c3-7a1b-8000-524f-1bef901bef90_6574</parentUuid>
        <visibility>
            <advertise>false</advertise>
            <hierarchy>true</hierarchy>
            <indexable>true</indexable>
            <quota>false</quota>
            <searchable>true</searchable>
            <system>false</system>
            <unlogged>false</unlogged>
        </visibility>
        <definition>#"SYSTEM_SYSRULES_queryEntity_v1"(
  entity: #"_a-0000e4c3-ab68-8000-5250-1bef901bef90_11055",
  query: #"SYSTEM_SYSRULES_query"(
    logicalExpression: if(
      and(
        #"_a-0000e4b2-6487-8000-2b63-01ef9001ef90_3233095"(
          ri!sheetCopyMappingId
        ),
        #"_a-0000e4b2-6487-8000-2b63-01ef9001ef90_3233095"(
          ri!sheetCopyId
        ),
        #"_a-0000e4b2-6487-8000-2b63-01ef9001ef90_3233095"(
          ri!fromSheetColumnIndex
        ),
        #"_a-0000e4b2-6487-8000-2b63-01ef9001ef90_3233095"(
          ri!toSheetColumnIndex
        ),
        #"_a-0000e4b2-6487-8000-2b63-01ef9001ef90_3233095"(
          ri!fromCellPosition
        ),
        #"_a-0000e4b2-6487-8000-2b63-01ef9001ef90_3233095"(
          ri!toCellPosition
        ),
        #"_a-0000e4b2-6487-8000-2b63-01ef9001ef90_3233095"(
          ri!isActive
        ),
        #"_a-0000e4b2-6487-8000-2b63-01ef9001ef90_3233095"(
          ri!createdBy
        ),
        #"_a-0000e4b2-6487-8000-2b63-01ef9001ef90_3233095"(
          ri!createdOn
        ),
        #"_a-0000e4b2-6487-8000-2b63-01ef9001ef90_3233095"(
          ri!modifiedBy
        ),
        #"_a-0000e4b2-6487-8000-2b63-01ef9001ef90_3233095"(
          ri!modifiedOn
        ),
        #"_a-0000e4b2-6487-8000-2b63-01ef9001ef90_3233095"(
          ri!terminatingPosition
        ),
        #"_a-0000e4b2-6487-8000-2b63-01ef9001ef90_3233095"(
          ri!terminatingValue
        )
      ),
      null,
      #"SYSTEM_SYSRULES_queryLogicalExpression"(
        operator: "AND",
        filters: {
          if(
            #"_a-0000e4b2-6487-8000-2b63-01ef9001ef90_3233095"(
              ri!sheetCopyMappingId
            ),
            {},
            #"SYSTEM_SYSRULES_queryFilter"(
              field: "sheet_copy_mapping_id",
              operator: "IN",
              value: {
                ri!sheetCopyMappingId
              }
            )
          ),
          if(
            #"_a-0000e4b2-6487-8000-2b63-01ef9001ef90_3233095"(
              ri!sheetCopyId
            ),
            {},
            #"SYSTEM_SYSRULES_queryFilter"(
              field: "sheet_copy_id",
              operator: "IN",
              value: {
                ri!sheetCopyId
              }
            )
          ),
          if(
            #"_a-0000e4b2-6487-8000-2b63-01ef9001ef90_3233095"(
              ri!fromSheetColumnIndex
            ),
            {},
            #"SYSTEM_SYSRULES_queryFilter"(
              field: "from_sheet_column_index",
              operator: "IN",
              value: {
                ri!fromSheetColumnIndex
              }
            )
          ),
          if(
            #"_a-0000e4b2-6487-8000-2b63-01ef9001ef90_3233095"(
              ri!toSheetColumnIndex
            ),
            {},
            #"SYSTEM_SYSRULES_queryFilter"(
              field: "to_sheet_column_index",
              operator: "IN",
              value: {
                ri!toSheetColumnIndex
              }
            )
          ),
          if(
            #"_a-0000e4b2-6487-8000-2b63-01ef9001ef90_3233095"(
              ri!fromCellPosition
            ),
            {},
            #"SYSTEM_SYSRULES_queryFilter"(
              field: "from_cell_position",
              operator: "IN",
              value: {
                ri!fromCellPosition
              }
            )
          ),
          if(
            #"_a-0000e4b2-6487-8000-2b63-01ef9001ef90_3233095"(
              ri!toCellPosition
            ),
            {},
            #"SYSTEM_SYSRULES_queryFilter"(
              field: "to_cell_position",
              operator: "IN",
              value: {
                ri!toCellPosition
              }
            )
          ),
          if(
            #"_a-0000e4b2-6487-8000-2b63-01ef9001ef90_3233095"(
              ri!isActive
            ),
            {},
            #"SYSTEM_SYSRULES_queryFilter"(
              field: "isactive",
              operator: "IN",
              value: {
                ri!isActive
              }
            )
          ),
          if(
            #"_a-0000e4b2-6487-8000-2b63-01ef9001ef90_3233095"(
              ri!createdBy
            ),
            {},
            #"SYSTEM_SYSRULES_queryFilter"(
              field: "created_by",
              operator: "IN",
              value: {
                ri!createdBy
              }
            )
          ),
          if(
            #"_a-0000e4b2-6487-8000-2b63-01ef9001ef90_3233095"(
              ri!createdOn
            ),
            {},
            #"SYSTEM_SYSRULES_queryFilter"(
              field: "created_on",
              operator: "IN",
              value: {
                ri!createdOn
              }
            )
          ),
          if(
            #"_a-0000e4b2-6487-8000-2b63-01ef9001ef90_3233095"(
              ri!modifiedBy
            ),
            {},
            #"SYSTEM_SYSRULES_queryFilter"(
              field: "modified_by",
              operator: "IN",
              value: {
                ri!modifiedBy
              }
            )
          ),
          if(
            #"_a-0000e4b2-6487-8000-2b63-01ef9001ef90_3233095"(
              ri!modifiedOn
            ),
            {},
            #"SYSTEM_SYSRULES_queryFilter"(
              field: "modified_on",
              operator: "IN",
              value: {
                ri!modifiedOn
              }
            )
          ),
          if(
            #"_a-0000e4b2-6487-8000-2b63-01ef9001ef90_3233095"(
              ri!terminatingValue
            ),
            {},
            #"SYSTEM_SYSRULES_queryFilter"(
              field: "terminating_value",
              operator: "IN",
              value: {
                ri!terminatingValue
              }
            )
          ),
          if(
            #"_a-0000e4b2-6487-8000-2b63-01ef9001ef90_3233095"(
              ri!terminatingPosition
            ),
            {},
            #"SYSTEM_SYSRULES_queryFilter"(
              field: "terminating_position",
              operator: "IN",
              value: {
                ri!terminatingPosition
              }
            )
          )
        }
      )
    ),
    pagingInfo: if(
      #"_a-0000e4b2-6487-8000-2b63-01ef9001ef90_3233095"(
        ri!pagingInfo
      ),
      #"SYSTEM_SYSRULES_pagingInfo"(
        startIndex: 1,
        batchSize: - 1,
        sort: #"SYSTEM_SYSRULES_sortInfo"(
          field: "sheet_copy_mapping_id",
          ascending: true
        )
      ),
      ri!pagingInfo
    )
  )
).data</definition>
        <namedTypedValue>
            <name>sheetCopyMappingId</name>
            <type>
                <name>Integer?list</name>
                <namespace>http://www.appian.com/ae/types/2009</namespace>
            </type>
        </namedTypedValue>
        <namedTypedValue>
            <name>sheetCopyId</name>
            <type>
                <name>Integer?list</name>
                <namespace>http://www.appian.com/ae/types/2009</namespace>
            </type>
        </namedTypedValue>
        <namedTypedValue>
            <name>fromSheetColumnIndex</name>
            <type>
                <name>Text?list</name>
                <namespace>http://www.appian.com/ae/types/2009</namespace>
            </type>
        </namedTypedValue>
        <namedTypedValue>
            <name>toSheetColumnIndex</name>
            <type>
                <name>Text?list</name>
                <namespace>http://www.appian.com/ae/types/2009</namespace>
            </type>
        </namedTypedValue>
        <namedTypedValue>
            <name>fromCellPosition</name>
            <type>
                <name>Text?list</name>
                <namespace>http://www.appian.com/ae/types/2009</namespace>
            </type>
        </namedTypedValue>
        <namedTypedValue>
            <name>toCellPosition</name>
            <type>
                <name>Text?list</name>
                <namespace>http://www.appian.com/ae/types/2009</namespace>
            </type>
        </namedTypedValue>
        <namedTypedValue>
            <name>isActive</name>
            <type>
                <name>Integer?list</name>
                <namespace>http://www.appian.com/ae/types/2009</namespace>
            </type>
        </namedTypedValue>
        <namedTypedValue>
            <name>createdBy</name>
            <type>
                <name>Text?list</name>
                <namespace>http://www.appian.com/ae/types/2009</namespace>
            </type>
        </namedTypedValue>
        <namedTypedValue>
            <name>createdOn</name>
            <type>
                <name>Datetime?list</name>
                <namespace>http://www.appian.com/ae/types/2009</namespace>
            </type>
        </namedTypedValue>
        <namedTypedValue>
            <name>modifiedBy</name>
            <type>
                <name>Text?list</name>
                <namespace>http://www.appian.com/ae/types/2009</namespace>
            </type>
        </namedTypedValue>
        <namedTypedValue>
            <name>modifiedOn</name>
            <type>
                <name>Datetime?list</name>
                <namespace>http://www.appian.com/ae/types/2009</namespace>
            </type>
        </namedTypedValue>
        <namedTypedValue>
            <name>pagingInfo</name>
            <type>
                <name>PagingInfo</name>
                <namespace>http://www.appian.com/ae/types/2009</namespace>
            </type>
        </namedTypedValue>
        <namedTypedValue>
            <name>terminatingValue</name>
            <type>
                <name>Text?list</name>
                <namespace>http://www.appian.com/ae/types/2009</namespace>
            </type>
        </namedTypedValue>
        <namedTypedValue>
            <name>terminatingPosition</name>
            <type>
                <name>Integer?list</name>
                <namespace>http://www.appian.com/ae/types/2009</namespace>
            </type>
        </namedTypedValue>
        <preferredEditor>legacy</preferredEditor>
        <offlineEnabled>false</offlineEnabled>
    </rule>
    <roleMap public="true">
        <role inherit="true" allowForAll="false" name="readers">
            <users/>
            <groups/>
        </role>
        <role inherit="true" allowForAll="false" name="authors">
            <users/>
            <groups/>
        </role>
        <role inherit="true" allowForAll="false" name="administrators">
            <users/>
            <groups/>
        </role>
        <role inherit="false" allowForAll="false" name="denyReaders">
            <users/>
            <groups/>
        </role>
        <role inherit="false" allowForAll="false" name="denyAuthors">
            <users/>
            <groups/>
        </role>
        <role inherit="false" allowForAll="false" name="denyAdministrators">
            <users/>
            <groups/>
        </role>
    </roleMap>
    <typedValue>
        <type>
            <name>RuleTestConfig?list</name>
            <namespace>http://www.appian.com/ae/types/2009</namespace>
        </type>
        <value>
            <el>
                <a:name>Handles pagingInfo as null</a:name>
                <a:ruleInputTestConfigs>
                    <a:value xmlns:xsi="http://www.w3.org/2001/XMLSchema-instance" xsi:type="a:Expression">{1}</a:value>
                    <a:nameRef>sheetCopyMappingId</a:nameRef>
                    <a:id>1</a:id>
                </a:ruleInputTestConfigs>
                <a:ruleInputTestConfigs>
                    <a:value xmlns:xsi="http://www.w3.org/2001/XMLSchema-instance" xsi:type="a:Expression">{2}</a:value>
                    <a:nameRef>sheetCopyId</a:nameRef>
                    <a:id>2</a:id>
                </a:ruleInputTestConfigs>
                <a:ruleInputTestConfigs>
                    <a:value xmlns:xsi="http://www.w3.org/2001/XMLSchema-instance" xsi:type="a:Expression">{"A"}</a:value>
                    <a:nameRef>fromSheetColumnIndex</a:nameRef>
                    <a:id>3</a:id>
                </a:ruleInputTestConfigs>
                <a:ruleInputTestConfigs>
                    <a:value xmlns:xsi="http://www.w3.org/2001/XMLSchema-instance" xsi:type="a:Expression">{"B"}</a:value>
                    <a:nameRef>toSheetColumnIndex</a:nameRef>
                    <a:id>4</a:id>
                </a:ruleInputTestConfigs>
                <a:ruleInputTestConfigs>
                    <a:value xmlns:xsi="http://www.w3.org/2001/XMLSchema-instance" xsi:type="a:Expression">{"C1"}</a:value>
                    <a:nameRef>fromCellPosition</a:nameRef>
                    <a:id>5</a:id>
                </a:ruleInputTestConfigs>
                <a:ruleInputTestConfigs>
                    <a:value xmlns:xsi="http://www.w3.org/2001/XMLSchema-instance" xsi:type="a:Expression">{"D1"}</a:value>
                    <a:nameRef>toCellPosition</a:nameRef>
                    <a:id>6</a:id>
                </a:ruleInputTestConfigs>
                <a:ruleInputTestConfigs>
                    <a:value xmlns:xsi="http://www.w3.org/2001/XMLSchema-instance" xsi:type="a:Expression">{1}</a:value>
                    <a:nameRef>isActive</a:nameRef>
                    <a:id>7</a:id>
                </a:ruleInputTestConfigs>
                <a:ruleInputTestConfigs>
                    <a:value xmlns:xsi="http://www.w3.org/2001/XMLSchema-instance" xsi:type="a:Expression">{"user1"}</a:value>
                    <a:nameRef>createdBy</a:nameRef>
                    <a:id>8</a:id>
                </a:ruleInputTestConfigs>
                <a:ruleInputTestConfigs>
                    <a:value xmlns:xsi="http://www.w3.org/2001/XMLSchema-instance" xsi:type="a:Expression">{date(2022,1,1)}</a:value>
                    <a:nameRef>createdOn</a:nameRef>
                    <a:id>9</a:id>
                </a:ruleInputTestConfigs>
                <a:ruleInputTestConfigs>
                    <a:value xmlns:xsi="http://www.w3.org/2001/XMLSchema-instance" xsi:type="a:Expression">{"user2"}</a:value>
                    <a:nameRef>modifiedBy</a:nameRef>
                    <a:id>10</a:id>
                </a:ruleInputTestConfigs>
                <a:ruleInputTestConfigs>
                    <a:value xmlns:xsi="http://www.w3.org/2001/XMLSchema-instance" xsi:type="a:Expression">{date(2022,2,1)}</a:value>
                    <a:nameRef>modifiedOn</a:nameRef>
                    <a:id>11</a:id>
                </a:ruleInputTestConfigs>
                <a:ruleInputTestConfigs>
                    <a:value xmlns:xsi="http://www.w3.org/2001/XMLSchema-instance" xsi:type="a:Expression">null</a:value>
                    <a:nameRef>pagingInfo</a:nameRef>
                    <a:id>12</a:id>
                </a:ruleInputTestConfigs>
                <a:ruleInputTestConfigs>
                    <a:value xmlns:xsi="http://www.w3.org/2001/XMLSchema-instance" xsi:type="a:Expression">{"value1"}</a:value>
                    <a:nameRef>terminatingValue</a:nameRef>
                    <a:id>13</a:id>
                </a:ruleInputTestConfigs>
                <a:ruleInputTestConfigs>
                    <a:value xmlns:xsi="http://www.w3.org/2001/XMLSchema-instance" xsi:type="a:Expression">{10}</a:value>
                    <a:nameRef>terminatingPosition</a:nameRef>
                    <a:id>14</a:id>
                </a:ruleInputTestConfigs>
                <a:assertions xmlns:xsi="http://www.w3.org/2001/XMLSchema-instance" xsi:nil="true"/>
                <a:isDefault>false</a:isDefault>
            </el>
        </value>
    </typedValue>
    <history>
        <historyInfo versionUuid="_a-0000e4c6-e892-8000-5254-1bef901bef90_41804"/>
        <historyInfo versionUuid="_a-0000e4cd-1af4-8000-5255-1bef901bef90_91614"/>
        <historyInfo versionUuid="_a-0000e4dd-0d8b-8000-5257-1bef901bef90_231926"/>
        <historyInfo versionUuid="_a-0000ed9a-d049-8000-9c18-011c48011c48_10191826"/>
    </history>
</contentHaul>
