<?xml version="1.0" encoding="UTF-8" standalone="yes"?>
<contentHaul xmlns:a="http://www.appian.com/ae/types/2009">
    <versionUuid>_a-0000ed9a-d049-8000-9c18-011c48011c48_10180651</versionUuid>
    <rule>
        <name>EAP_QE_outEmailProcessTemplateMapping</name>
        <uuid>_a-0000e5ac-f704-8000-5264-1bef901bef90_744204</uuid>
        <description>Hold QE for EAP_T_OutEmailProcessTemplateMapping</description>
        <parentUuid>_a-0000e4c3-7a1b-8000-524f-1bef901bef90_6574</parentUuid>
        <visibility>
            <advertise>false</advertise>
            <hierarchy>true</hierarchy>
            <indexable>true</indexable>
            <quota>false</quota>
            <searchable>true</searchable>
            <system>false</system>
            <unlogged>false</unlogged>
        </visibility>
        <definition>#"SYSTEM_SYSRULES_queryEntity_v1"(
  entity: #"_a-0000e5ac-f704-8000-5264-1bef901bef90_742619",
  query: #"SYSTEM_SYSRULES_query"(
    logicalExpression: if(
      and(
        #"_a-0000e4b2-6487-8000-2b63-01ef9001ef90_3233095"(
          ri!outEmailTemplateConfigId
        ),
        #"_a-0000e4b2-6487-8000-2b63-01ef9001ef90_3233095"(
          ri!processId
        ),
        #"_a-0000e4b2-6487-8000-2b63-01ef9001ef90_3233095"(
          ri!configId
        ),
        #"_a-0000e4b2-6487-8000-2b63-01ef9001ef90_3233095"(
          ri!outEmailProcessTemplateMappingId
        ),
        #"_a-0000e4b2-6487-8000-2b63-01ef9001ef90_3233095"(
          ri!isActive
        )
 
      ),
      null,
      #"SYSTEM_SYSRULES_queryLogicalExpression"(
        operator: "AND",
        filters: {
          if(
            #"_a-0000e4b2-6487-8000-2b63-01ef9001ef90_3233095"(
              ri!outEmailTemplateConfigId
            ),
            {},
            #"SYSTEM_SYSRULES_queryFilter"(
              field: "out_email_template_config_id",
              operator: "IN",
              value: {
                ri!outEmailTemplateConfigId
              }
            )
          ),
          if(
            #"_a-0000e4b2-6487-8000-2b63-01ef9001ef90_3233095"(
              ri!processId
            ),
            {},
            #"SYSTEM_SYSRULES_queryFilter"(
              field: "process_id",
              operator: "in",
              value: {
                ri!processId}
              
            )
          ),
          if(
            #"_a-0000e4b2-6487-8000-2b63-01ef9001ef90_3233095"(
              ri!outEmailProcessTemplateMappingId
            ),
            {},
            #"SYSTEM_SYSRULES_queryFilter"(
              field: "out_email_process_template_mapping_id",
              operator: "IN",
              value: {
                ri!outEmailProcessTemplateMappingId
              }
            )
          ),
          if(
            #"_a-0000e4b2-6487-8000-2b63-01ef9001ef90_3233095"(
              ri!isActive
            ),
            {},
            #"SYSTEM_SYSRULES_queryFilter"(
              field: "is_active",
              operator: "=",
              value: ri!isActive
              
            )
          ),
          if(
            #"_a-0000e4b2-6487-8000-2b63-01ef9001ef90_3233095"(
              ri!configId
            ),
            {},
            #"SYSTEM_SYSRULES_queryFilter"(
              field: "config_id",
              operator: "in",
              value: {
                ri!configId}

            )
          )
        }
      )
    ),
    pagingInfo: if(
      #"_a-0000e4b2-6487-8000-2b63-01ef9001ef90_3233095"(
        ri!pagingInfo
      ),
      #"SYSTEM_SYSRULES_pagingInfo"(
        startIndex: 1,
        batchSize: - 1,
        sort: #"SYSTEM_SYSRULES_sortInfo"(
          field: "out_email_process_template_mapping_id",
          ascending: true()
        )
      ),
      ri!pagingInfo
    )
  )
).data</definition>
        <namedTypedValue>
            <name>outEmailTemplateConfigId</name>
            <type>
                <name>Integer?list</name>
                <namespace>http://www.appian.com/ae/types/2009</namespace>
            </type>
        </namedTypedValue>
        <namedTypedValue>
            <name>processId</name>
            <type>
                <name>Integer?list</name>
                <namespace>http://www.appian.com/ae/types/2009</namespace>
            </type>
        </namedTypedValue>
        <namedTypedValue>
            <name>isActive</name>
            <type>
                <name>int</name>
                <namespace>http://www.w3.org/2001/XMLSchema</namespace>
            </type>
        </namedTypedValue>
        <namedTypedValue>
            <name>pagingInfo</name>
            <type>
                <name>PagingInfo</name>
                <namespace>http://www.appian.com/ae/types/2009</namespace>
            </type>
        </namedTypedValue>
        <namedTypedValue>
            <name>outEmailProcessTemplateMappingId</name>
            <type>
                <name>Integer?list</name>
                <namespace>http://www.appian.com/ae/types/2009</namespace>
            </type>
        </namedTypedValue>
        <namedTypedValue>
            <name>configId</name>
            <type>
                <name>Integer?list</name>
                <namespace>http://www.appian.com/ae/types/2009</namespace>
            </type>
        </namedTypedValue>
        <preferredEditor>legacy</preferredEditor>
        <offlineEnabled>false</offlineEnabled>
    </rule>
    <roleMap public="true">
        <role inherit="true" allowForAll="false" name="readers">
            <users/>
            <groups/>
        </role>
        <role inherit="true" allowForAll="false" name="authors">
            <users/>
            <groups/>
        </role>
        <role inherit="true" allowForAll="false" name="administrators">
            <users/>
            <groups/>
        </role>
        <role inherit="false" allowForAll="false" name="denyReaders">
            <users/>
            <groups/>
        </role>
        <role inherit="false" allowForAll="false" name="denyAuthors">
            <users/>
            <groups/>
        </role>
        <role inherit="false" allowForAll="false" name="denyAdministrators">
            <users/>
            <groups/>
        </role>
    </roleMap>
    <typedValue>
        <type>
            <name>RuleTestConfig?list</name>
            <namespace>http://www.appian.com/ae/types/2009</namespace>
        </type>
        <value>
            <el>
                <a:name>Handles null inputs</a:name>
                <a:ruleInputTestConfigs>
                    <a:value xmlns:xsi="http://www.w3.org/2001/XMLSchema-instance" xsi:type="a:Expression">null</a:value>
                    <a:nameRef>outEmailTemplateConfigId</a:nameRef>
                    <a:id>1</a:id>
                </a:ruleInputTestConfigs>
                <a:ruleInputTestConfigs>
                    <a:value xmlns:xsi="http://www.w3.org/2001/XMLSchema-instance" xsi:type="a:Expression">null</a:value>
                    <a:nameRef>processId</a:nameRef>
                    <a:id>2</a:id>
                </a:ruleInputTestConfigs>
                <a:ruleInputTestConfigs>
                    <a:value xmlns:xsd="http://www.w3.org/2001/XMLSchema" xmlns:xsi="http://www.w3.org/2001/XMLSchema-instance" xsi:nil="true" xsi:type="xsd:int"/>
                    <a:nameRef>isActive</a:nameRef>
                    <a:id>3</a:id>
                </a:ruleInputTestConfigs>
                <a:ruleInputTestConfigs>
                    <a:value xmlns:xsi="http://www.w3.org/2001/XMLSchema-instance" xsi:type="a:Expression">null</a:value>
                    <a:nameRef>pagingInfo</a:nameRef>
                    <a:id>4</a:id>
                </a:ruleInputTestConfigs>
                <a:ruleInputTestConfigs>
                    <a:value xmlns:xsi="http://www.w3.org/2001/XMLSchema-instance" xsi:type="a:Expression">null</a:value>
                    <a:nameRef>outEmailProcessTemplateMappingId</a:nameRef>
                    <a:id>5</a:id>
                </a:ruleInputTestConfigs>
                <a:ruleInputTestConfigs>
                    <a:value xmlns:xsi="http://www.w3.org/2001/XMLSchema-instance" xsi:type="a:Expression">null</a:value>
                    <a:nameRef>configId</a:nameRef>
                    <a:id>6</a:id>
                </a:ruleInputTestConfigs>
                <a:assertions xmlns:xsi="http://www.w3.org/2001/XMLSchema-instance" xsi:nil="true"/>
                <a:isDefault>false</a:isDefault>
            </el>
            <el>
                <a:name>Queries with outEmailTemplateConfigId</a:name>
                <a:ruleInputTestConfigs>
                    <a:value xmlns:xsi="http://www.w3.org/2001/XMLSchema-instance" xsi:type="a:Expression">{1,2,3}</a:value>
                    <a:nameRef>outEmailTemplateConfigId</a:nameRef>
                    <a:id>1</a:id>
                </a:ruleInputTestConfigs>
                <a:ruleInputTestConfigs>
                    <a:value xmlns:xsi="http://www.w3.org/2001/XMLSchema-instance" xsi:type="a:Expression">null</a:value>
                    <a:nameRef>processId</a:nameRef>
                    <a:id>2</a:id>
                </a:ruleInputTestConfigs>
                <a:ruleInputTestConfigs>
                    <a:value xmlns:xsd="http://www.w3.org/2001/XMLSchema" xmlns:xsi="http://www.w3.org/2001/XMLSchema-instance" xsi:nil="true" xsi:type="xsd:int"/>
                    <a:nameRef>isActive</a:nameRef>
                    <a:id>3</a:id>
                </a:ruleInputTestConfigs>
                <a:ruleInputTestConfigs>
                    <a:value xmlns:xsi="http://www.w3.org/2001/XMLSchema-instance" xsi:type="a:Expression">null</a:value>
                    <a:nameRef>pagingInfo</a:nameRef>
                    <a:id>4</a:id>
                </a:ruleInputTestConfigs>
                <a:ruleInputTestConfigs>
                    <a:value xmlns:xsi="http://www.w3.org/2001/XMLSchema-instance" xsi:type="a:Expression">null</a:value>
                    <a:nameRef>outEmailProcessTemplateMappingId</a:nameRef>
                    <a:id>5</a:id>
                </a:ruleInputTestConfigs>
                <a:ruleInputTestConfigs>
                    <a:value xmlns:xsi="http://www.w3.org/2001/XMLSchema-instance" xsi:type="a:Expression">null</a:value>
                    <a:nameRef>configId</a:nameRef>
                    <a:id>6</a:id>
                </a:ruleInputTestConfigs>
                <a:assertions xmlns:xsi="http://www.w3.org/2001/XMLSchema-instance" xsi:nil="true"/>
                <a:isDefault>false</a:isDefault>
            </el>
            <el>
                <a:name>Queries with processId</a:name>
                <a:ruleInputTestConfigs>
                    <a:value xmlns:xsi="http://www.w3.org/2001/XMLSchema-instance" xsi:type="a:Expression">null</a:value>
                    <a:nameRef>outEmailTemplateConfigId</a:nameRef>
                    <a:id>1</a:id>
                </a:ruleInputTestConfigs>
                <a:ruleInputTestConfigs>
                    <a:value xmlns:xsi="http://www.w3.org/2001/XMLSchema-instance" xsi:type="a:Expression">{4,5,6}</a:value>
                    <a:nameRef>processId</a:nameRef>
                    <a:id>2</a:id>
                </a:ruleInputTestConfigs>
                <a:ruleInputTestConfigs>
                    <a:value xmlns:xsd="http://www.w3.org/2001/XMLSchema" xmlns:xsi="http://www.w3.org/2001/XMLSchema-instance" xsi:nil="true" xsi:type="xsd:int"/>
                    <a:nameRef>isActive</a:nameRef>
                    <a:id>3</a:id>
                </a:ruleInputTestConfigs>
                <a:ruleInputTestConfigs>
                    <a:value xmlns:xsi="http://www.w3.org/2001/XMLSchema-instance" xsi:type="a:Expression">null</a:value>
                    <a:nameRef>pagingInfo</a:nameRef>
                    <a:id>4</a:id>
                </a:ruleInputTestConfigs>
                <a:ruleInputTestConfigs>
                    <a:value xmlns:xsi="http://www.w3.org/2001/XMLSchema-instance" xsi:type="a:Expression">null</a:value>
                    <a:nameRef>outEmailProcessTemplateMappingId</a:nameRef>
                    <a:id>5</a:id>
                </a:ruleInputTestConfigs>
                <a:ruleInputTestConfigs>
                    <a:value xmlns:xsi="http://www.w3.org/2001/XMLSchema-instance" xsi:type="a:Expression">null</a:value>
                    <a:nameRef>configId</a:nameRef>
                    <a:id>6</a:id>
                </a:ruleInputTestConfigs>
                <a:assertions xmlns:xsi="http://www.w3.org/2001/XMLSchema-instance" xsi:nil="true"/>
                <a:isDefault>false</a:isDefault>
            </el>
        </value>
    </typedValue>
    <history>
        <historyInfo versionUuid="_a-0000e5ac-f704-8000-5264-1bef901bef90_753983"/>
        <historyInfo versionUuid="_a-0000ed9a-d049-8000-9c18-011c48011c48_10180651"/>
    </history>
</contentHaul>
