<?xml version="1.0" encoding="UTF-8" standalone="yes"?>
<contentHaul xmlns:a="http://www.appian.com/ae/types/2009">
    <versionUuid>_a-0000ed9a-d049-8000-9c18-011c48011c48_10176925</versionUuid>
    <rule>
        <name>EAP_executeStoreProcedureGetScheduledView</name>
        <uuid>_a-0000e56b-0831-8000-5261-1bef901bef90_640628</uuid>
        <description>Execute SP rule for Scheduled View</description>
        <parentUuid>_a-0000e4c3-7a1b-8000-524f-1bef901bef90_6574</parentUuid>
        <visibility>
            <advertise>false</advertise>
            <hierarchy>true</hierarchy>
            <indexable>true</indexable>
            <quota>false</quota>
            <searchable>true</searchable>
            <system>false</system>
            <unlogged>false</unlogged>
        </visibility>
        <definition>/*a!localVariables(*/
  /*local!results:{*/
    /*index(*/
      /*executestoredprocedure(*/
        /*dataSourceName: cons!EAP_DATA_SOURCE,*/
        /*procedureName: cons!EAP_SCHEDULED_DASHBOARD_STORED_PROCEDURE,*/
        /*inputs: {*/
          /*{*/
            /*name: "IS_SUMMARY_VIEW",*/
            /*value: if(*/
              /*rule!EAP_Utils_CheckIsNull(ri!isSummaryView),*/
              /*"",*/
              /*ri!isSummaryView*/
            /*)*/
/**/
          /*},*/
          /*{*/
            /*name: "IS_DETAILED_VIEW",*/
            /*value: if(*/
              /*rule!EAP_Utils_CheckIsNull(ri!isDetailedView),*/
              /*"",*/
              /*ri!isDetailedView*/
            /*)*/
          /*},*/
          /*{*/
            /*name: "PROCESS_ID",*/
            /*value: if(*/
              /*rule!EAP_Utils_CheckIsNull(ri!processId),*/
              /*"",*/
              /*ri!processId*/
            /*)*/
          /*},*/
          /*{*/
            /*name: "RUN_CONFIG_ID",*/
            /*value: if(*/
              /*rule!EAP_Utils_CheckIsNull(ri!runConfigId),*/
              /*"",*/
              /*ri!runConfigId*/
            /*)*/
          /*},*/
          /*{*/
            /*name: "CENTER_ID",*/
            /*value: if(*/
              /*rule!EAP_Utils_CheckIsNull(ri!centerId),*/
              /*"",*/
              /*ri!centerId*/
            /*)*/
          /*},*/
          /*{*/
            /*name: "MGDSEGL7_ID",*/
            /*value: if(*/
              /*rule!EAP_Utils_CheckIsNull(ri!mgdSegL7Id),*/
              /*"",*/
              /*ri!mgdSegL7Id*/
            /*)*/
          /*},*/
          /*{*/
            /*name: "MGDSEGL8_ID",*/
            /*value: if(*/
              /*rule!EAP_Utils_CheckIsNull(ri!mgdSegL8Id),*/
              /*"",*/
              /*ri!mgdSegL8Id*/
            /*)*/
          /*},*/
          /*{*/
            /*name: "PERIOD_FROM",*/
            /*value: if(*/
              /*rule!EAP_Utils_CheckIsNull(ri!periodFrom),*/
              /*"",*/
              /*ri!periodFrom*/
            /*)*/
          /*},*/
          /*{*/
            /*name: "PERIOD_TO",*/
            /*value: if(*/
              /*rule!EAP_Utils_CheckIsNull(ri!periodTo),*/
              /*"",*/
              /*ri!periodTo*/
            /*)*/
          /*},*/
          /*{*/
            /*name: "EUC_NUMBER",*/
            /*value: if(*/
              /*rule!EAP_Utils_CheckIsNull(ri!eucNumber),*/
              /*"",*/
              /*ri!eucNumber*/
            /*)*/
          /*},*/
          /*{*/
            /*name: "CENTER_SEG_MAPPING_ID",*/
            /*value: if(*/
              /*rule!EAP_Utils_CheckIsNull(ri!centerSegMappingId),*/
              /*"",*/
              /*ri!centerSegMappingId*/
            /*)*/
          /*},*/
          /*{*/
            /*name: "MAKERS",*/
            /*value: if(*/
              /*rule!EAP_Utils_CheckIsNull(ri!makers),*/
              /*"",*/
              /*ri!makers*/
            /*)*/
          /*},*/
          /*{*/
            /*name: "CHECKERS",*/
            /*value: if(*/
              /*rule!EAP_Utils_CheckIsNull(ri!checkers),*/
              /*"",*/
              /*ri!checkers*/
            /*)*/
          /*},*/
          /*{*/
            /*name: "RECORD_COUNT",*/
            /*value: if(*/
              /*rule!EAP_Utils_CheckIsNull(ri!rowLimit),*/
              /*"",*/
              /*ri!rowLimit*/
            /*)*/
          /*}*/
        /*}*/
      /*),*/
      /*"parameters",*/
      /*{}*/
    /*)*/
  /*},*/
  /*a!flatten(local!results)*/
/*)*/
/**/
{}</definition>
        <preferredEditor>legacy</preferredEditor>
        <offlineEnabled>false</offlineEnabled>
    </rule>
    <roleMap public="true">
        <role inherit="true" allowForAll="false" name="readers">
            <users/>
            <groups/>
        </role>
        <role inherit="true" allowForAll="false" name="authors">
            <users/>
            <groups/>
        </role>
        <role inherit="true" allowForAll="false" name="administrators">
            <users/>
            <groups/>
        </role>
        <role inherit="false" allowForAll="false" name="denyReaders">
            <users/>
            <groups/>
        </role>
        <role inherit="false" allowForAll="false" name="denyAuthors">
            <users/>
            <groups/>
        </role>
        <role inherit="false" allowForAll="false" name="denyAdministrators">
            <users/>
            <groups/>
        </role>
    </roleMap>
    <typedValue>
        <type>
            <name>RuleTestConfig?list</name>
            <namespace>http://www.appian.com/ae/types/2009</namespace>
        </type>
        <value>
            <el>
                <a:name>Initial test</a:name>
                <a:assertions xmlns:xsi="http://www.w3.org/2001/XMLSchema-instance" xsi:nil="true"/>
            </el>
        </value>
    </typedValue>
    <history>
        <historyInfo versionUuid="_a-0000e56b-0831-8000-5261-1bef901bef90_655452"/>
        <historyInfo versionUuid="_a-0000e56b-0831-8000-5261-1bef901bef90_696061"/>
        <historyInfo versionUuid="_a-0000e595-3324-8000-5263-1bef901bef90_727761"/>
        <historyInfo versionUuid="_a-0000ed9a-d049-8000-9c18-011c48011c48_10176925"/>
    </history>
</contentHaul>
