<?xml version="1.0" encoding="UTF-8" standalone="yes"?>
<contentHaul xmlns:a="http://www.appian.com/ae/types/2009">
    <versionUuid>_a-0000e5c3-a65f-8000-5268-1bef901bef90_769389</versionUuid>
    <interface>
        <name>EAP_ProcessCustomRuntimeConfigEditableGrid</name>
        <uuid>_a-0000e5c3-a65f-8000-5268-1bef901bef90_763590</uuid>
        <description>Contains editable grid for Process Custom Runtime Config</description>
        <parentUuid>_a-0000e4c3-7a1b-8000-524f-1bef901bef90_6580</parentUuid>
        <visibility>
            <advertise>false</advertise>
            <hierarchy>true</hierarchy>
            <indexable>true</indexable>
            <quota>false</quota>
            <searchable>true</searchable>
            <system>false</system>
            <unlogged>false</unlogged>
        </visibility>
        <definition>a!localVariables(
  local!customRuntimeConfig: if(
    #"_a-0000e4b2-6487-8000-2b63-01ef9001ef90_3233095"(
      index(
        ri!customRuntimeConfig,
        "process_id",
        {}
      )
    ),
    {},
    #"_a-0000e5c3-a65f-8000-5268-1bef901bef90_769095"(
      processId: index(
        ri!customRuntimeConfig,
        "process_id",
        {}
      )
    )
  ),
  {
    /*Heading*/
    #"SYSTEM_SYSRULES_richTextDisplayField"(
      labelPosition: "COLLAPSED",
      value: {
        #"SYSTEM_SYSRULES_richTextItem_v1"(
          text: "Manage Process Custom Runtime Filter Keys",
          size: "MEDIUM_PLUS",
          color: "ACCENT",
          style: "STRONG"
        )
      }
    ),
    /*Grid*/
    #"SYSTEM_SYSRULES_gridLayout"(
      label: "",
      shadeAlternateRows: false(),
      headerCells: {
        #"SYSTEM_SYSRULES_gridLayoutHeaderCell"(
          label: "Runtime Filter Key",
          align: "LEFT"
        ),
        #"SYSTEM_SYSRULES_gridLayoutHeaderCell"(
          label: "Is Custom Process",
          align: "CENTER"
        ),
        #"SYSTEM_SYSRULES_gridLayoutHeaderCell"(
          label: "Expression Name",
          align: "LEFT"
        ),
        #"SYSTEM_SYSRULES_gridLayoutHeaderCell"(
          label: "Is Active",
          align: "CENTER"
        ),
        #"SYSTEM_SYSRULES_gridLayoutHeaderCell"(
          align: "LEFT",
          showWhen: if(
            or(
              ri!isReadOnly = true()
            ),
            false(),
            true()
          )
        )
      },
      columnConfigs: {
        #"SYSTEM_SYSRULES_gridLayoutColumnConfig"(
          width: "DISTRIBUTE",
          weight: 4
        ),
        #"SYSTEM_SYSRULES_gridLayoutColumnConfig"(
          width: "DISTRIBUTE",
          weight: 2
        ),
        #"SYSTEM_SYSRULES_gridLayoutColumnConfig"(
          width: "DISTRIBUTE",
          weight: 4
        ),
        #"SYSTEM_SYSRULES_gridLayoutColumnConfig"(
          width: "DISTRIBUTE",
          weight: 1
        ),
        #"SYSTEM_SYSRULES_gridLayoutColumnConfig"(
          width: "ICON",
          showWhen: if(
            or(
              ri!isReadOnly = true()
            ),
            false(),
            true()
          )
        )
      },
      rows: {
        #"SYSTEM_SYSRULES_applyComponents"(
          function: #"_a-0000e5c3-a65f-8000-5268-1bef901bef90_763597"(
            isReadOnly: ri!isReadOnly,
            index: _,
            customRuntimeConfig: local!customRuntimeConfig
          ),
          array: if(
            or(
              #"_a-0000e4b2-6487-8000-2b63-01ef9001ef90_3233095"(
                local!customRuntimeConfig
              ),
              count(
                local!customRuntimeConfig
              ) = 0
            ),
            null,
            tointeger(
              enumerate(
                count(
                  local!customRuntimeConfig
                )
              ) + 1
            )
          )
        )
      },
      selectionSaveInto: {},
      addRowLink: if(
        ri!isReadOnly,
        {},
        #"SYSTEM_SYSRULES_dynamicLink"(
          label: "Add line items",
          value: 'type!{urn:com:appian:types:eap}EAP_T_ProcessCustomRTConfig'(
            process_id: index(
              ri!customRuntimeConfig,
              "process_id",
              {}
            ),
            is_active: 1,
            is_custom_process: 0,
            created_by: loggedInUser(),
            created_on: now(),
            modified_by: loggedInUser(),
            modified_on: now()
          ),
          saveInto: {
            a!save(
              local!customRuntimeConfig,
              append(
                local!customRuntimeConfig,
                save!value
              )
            )
          }
        )
      )
    ),
    #"SYSTEM_SYSRULES_ButtonLayout"(
      primaryButtons: {
        #"SYSTEM_SYSRULES_ButtonWidget"(
          label: "SUBMIT",
          style: "PRIMARY",
          submit: true(),
          saveInto: {
            a!save(
              ri!customRuntimeConfig,
              local!customRuntimeConfig
            ),
            a!save(
              ri!buttonAction,
              #"_a-0000e4c3-ab68-8000-5250-1bef901bef90_13888"[1]
            )
          },
          validate: true()
        )
      },
      secondaryButtons: {
        #"SYSTEM_SYSRULES_ButtonWidget"(
          label: "CANCEL",
          submit: true(),
          validate: false(),
          saveInto: {
            a!save(
              ri!buttonAction,
              #"_a-0000e4c3-ab68-8000-5250-1bef901bef90_13888"[2]
            )
          }
        )
      }
    )
  }
)</definition>
        <namedTypedValue>
            <name>customRuntimeConfig</name>
            <type>
                <name>EAP_T_ProcessCustomRTConfig?list</name>
                <namespace>urn:com:appian:types:eap</namespace>
            </type>
        </namedTypedValue>
        <namedTypedValue>
            <name>isReadOnly</name>
            <type>
                <name>boolean</name>
                <namespace>http://www.w3.org/2001/XMLSchema</namespace>
            </type>
        </namedTypedValue>
        <namedTypedValue>
            <name>buttonAction</name>
            <type>
                <name>string</name>
                <namespace>http://www.w3.org/2001/XMLSchema</namespace>
            </type>
            <value/>
        </namedTypedValue>
        <preferredEditor>interface</preferredEditor>
        <offlineEnabled>false</offlineEnabled>
        <isCustom>false</isCustom>
    </interface>
    <roleMap public="true">
        <role inherit="true" allowForAll="false" name="readers">
            <users/>
            <groups/>
        </role>
        <role inherit="true" allowForAll="false" name="authors">
            <users/>
            <groups/>
        </role>
        <role inherit="true" allowForAll="false" name="administrators">
            <users/>
            <groups/>
        </role>
        <role inherit="false" allowForAll="false" name="denyReaders">
            <users/>
            <groups/>
        </role>
        <role inherit="false" allowForAll="false" name="denyAuthors">
            <users/>
            <groups/>
        </role>
        <role inherit="false" allowForAll="false" name="denyAdministrators">
            <users/>
            <groups/>
        </role>
    </roleMap>
    <typedValue>
        <type>
            <name>RuleTestConfig?list</name>
            <namespace>http://www.appian.com/ae/types/2009</namespace>
        </type>
        <value>
            <el>
                <a:name/>
                <a:ruleInputTestConfigs>
                    <a:value xmlns:xsi="http://www.w3.org/2001/XMLSchema-instance" xsi:nil="true"/>
                    <a:nameRef>customRuntimeConfig</a:nameRef>
                    <a:id>1</a:id>
                </a:ruleInputTestConfigs>
                <a:ruleInputTestConfigs>
                    <a:value xmlns:xsd="http://www.w3.org/2001/XMLSchema" xmlns:xsi="http://www.w3.org/2001/XMLSchema-instance" xsi:type="xsd:boolean">false</a:value>
                    <a:nameRef>isReadOnly</a:nameRef>
                    <a:id>2</a:id>
                </a:ruleInputTestConfigs>
                <a:ruleInputTestConfigs>
                    <a:value xmlns:xsd="http://www.w3.org/2001/XMLSchema" xmlns:xsi="http://www.w3.org/2001/XMLSchema-instance" xsi:type="xsd:string"/>
                    <a:nameRef>buttonAction</a:nameRef>
                    <a:id>3</a:id>
                </a:ruleInputTestConfigs>
                <a:assertions xmlns:xsi="http://www.w3.org/2001/XMLSchema-instance" xsi:nil="true"/>
            </el>
        </value>
    </typedValue>
    <history>
        <historyInfo versionUuid="_a-0000e5c3-a65f-8000-5268-1bef901bef90_769389"/>
    </history>
</contentHaul>
