<?xml version="1.0" encoding="UTF-8" standalone="yes"?>
<contentHaul xmlns:a="http://www.appian.com/ae/types/2009">
    <versionUuid>_a-0000ed9a-d049-8000-9c18-011c48011c48_10179135</versionUuid>
    <rule>
        <name>EAP_dataValidationPivotFilterMappingGridRowLayout</name>
        <uuid>_a-0000e4e9-ef8d-8000-5259-1bef901bef90_379766</uuid>
        <description>Holds pivot filter mapping grid row layout.</description>
        <parentUuid>_a-0000e4c3-7a1b-8000-524f-1bef901bef90_6574</parentUuid>
        <visibility>
            <advertise>false</advertise>
            <hierarchy>true</hierarchy>
            <indexable>true</indexable>
            <quota>false</quota>
            <searchable>true</searchable>
            <system>false</system>
            <unlogged>false</unlogged>
        </visibility>
        <definition>a!localVariables(
  local!data,
  #"SYSTEM_SYSRULES_gridRowLayout"(
    id: ri!index,
    contents: {
      /*Entity filter Column Name*/
      #"_a-0000e4e9-ef8d-8000-5259-1bef901bef90_285963"(
      
        value: index(
          ri!pivotFilterMapping[ri!index],
          "filter_column_name",
          {}
        ),
        saveInto: {a!save(
          ri!pivotFilterMapping[ri!index].filter_column_name,
          save!value
        ),
        a!save(
          ri!pivotFilterMapping[ri!index].modified_by,
          loggedInUser()
        ),
        a!save(
          ri!pivotFilterMapping[ri!index].modified_on,
          now()
        )
        },
    
        readOnly: ri!isReadOnly,
        validations: {
          if(
            ri!isReadOnly,
            {},
            #"_a-0000e4b2-6487-8000-2b63-01ef9001ef90_3251505"(
              value: index(
                ri!pivotFilterMapping[ri!index],
                "filter_column_name",
                {}
              ),
              ValidationLength: #"_a-0000e4c6-e892-8000-5254-1bef901bef90_42536"[8]
            )
          )
        },
        required: if(
          ri!isReadOnly=true(),
          false(),
          true()
        )

      ),
      /*Filter Operator*/
      if(
        ri!isReadOnly = true(),
        #"_a-0000e4e9-ef8d-8000-5259-1bef901bef90_285963"(
          value: index(
            ri!pivotFilterMapping[ri!index],
            "filter_operator",
            {}
          ),
          readOnly: true()
        ),
        #"_a-0000e4e9-ef8d-8000-5259-1bef901bef90_287171"(
          placeholderLabel: "--Select Filter Operator--",
          choiceLabels: if(
            #"_a-0000e4b2-6487-8000-2b63-01ef9001ef90_3233095"(
              ri!masterLookUpData
            ),
            null,
            touniformstring(
              #"_a-0000e4c3-ab68-8000-5250-1bef901bef90_12255"(
                MasterLookup: ri!masterLookUpData,
                UniqueKey: #"_a-0000e4cd-1af4-8000-5255-1bef901bef90_108148"[3],
                Column: #"_a-0000e4c3-ab68-8000-5250-1bef901bef90_16271"[2]
              )
            )
          ),
          choiceValues: if(
            #"_a-0000e4b2-6487-8000-2b63-01ef9001ef90_3233095"(
              ri!masterLookUpData
            ),
            null,
            touniformstring(
              #"_a-0000e4c3-ab68-8000-5250-1bef901bef90_12255"(
                MasterLookup: ri!masterLookUpData,
                UniqueKey: #"_a-0000e4cd-1af4-8000-5255-1bef901bef90_108148"[3],
                Column: #"_a-0000e4c3-ab68-8000-5250-1bef901bef90_16271"[3]
              )
            )
          ),
          value: if(
            #"_a-0000e4c6-e892-8000-5254-1bef901bef90_47169"(
              value: index(
                ri!pivotFilterMapping[ri!index],
                "filter_operator",
                {}
              ),
              choiceValue: if(
                #"_a-0000e4b2-6487-8000-2b63-01ef9001ef90_3233095"(
                  ri!masterLookUpData
                ),
                null,
                touniformstring(
                  #"_a-0000e4c3-ab68-8000-5250-1bef901bef90_12255"(
                    MasterLookup: ri!masterLookUpData,
                    UniqueKey: #"_a-0000e4cd-1af4-8000-5255-1bef901bef90_108148"[3],
                    Column: #"_a-0000e4c3-ab68-8000-5250-1bef901bef90_16271"[3]
                  )
                )
              )
            ),
            index(
              ri!pivotFilterMapping[ri!index],
              "filter_operator",
              {}
            ),
            null
          ),
          saveInto: {a!save(
            ri!pivotFilterMapping[ri!index].filter_operator,
            save!value
          ),
          
          a!save(
            ri!pivotFilterMapping[ri!index].modified_by,
            loggedInUser()
          ),
          a!save(
            ri!pivotFilterMapping[ri!index].modified_on,
            now()
          )},
          validations: {
            if(
              ri!isReadOnly,
              {},
              #"_a-0000e4b2-6487-8000-2b63-01ef9001ef90_3251505"(
                value: index(
                  ri!pivotFilterMapping[ri!index],
                  "filter_operator",
                  {}
                ),
                ValidationLength: #"_a-0000e4c6-e892-8000-5254-1bef901bef90_42536"[5]
              )
            )
          },
          required: if(
            ri!isReadOnly=true(),
            false(),
            true()
          )
         
        )
      ),
      /*Filter Generation*/
      if(
        ri!isReadOnly = true(),
        #"_a-0000e4e9-ef8d-8000-5259-1bef901bef90_285963"(
          value: index(
            ri!pivotFilterMapping[ri!index],
            "filter_generation",
            {}
          ),
          readOnly: true()
        ),
        #"_a-0000e4e9-ef8d-8000-5259-1bef901bef90_287171"(
          placeholderLabel: "--Select Filter Generation--",
          choiceLabels: if(
            #"_a-0000e4b2-6487-8000-2b63-01ef9001ef90_3233095"(
              ri!masterLookUpData
            ),
            null,
            touniformstring(
              #"_a-0000e4c3-ab68-8000-5250-1bef901bef90_12255"(
                MasterLookup: ri!masterLookUpData,
                UniqueKey: #"_a-0000e4cd-1af4-8000-5255-1bef901bef90_108148"[15],
                Column: #"_a-0000e4c3-ab68-8000-5250-1bef901bef90_16271"[2]
              )
            )
          ),
          choiceValues: if(
            #"_a-0000e4b2-6487-8000-2b63-01ef9001ef90_3233095"(
              ri!masterLookUpData
            ),
            null,
            touniformstring(
              #"_a-0000e4c3-ab68-8000-5250-1bef901bef90_12255"(
                MasterLookup: ri!masterLookUpData,
                UniqueKey: #"_a-0000e4cd-1af4-8000-5255-1bef901bef90_108148"[15],
                Column: #"_a-0000e4c3-ab68-8000-5250-1bef901bef90_16271"[3]
              )
            )
          ),
          value: if(
            #"_a-0000e4c6-e892-8000-5254-1bef901bef90_47169"(
              value: index(
                ri!pivotFilterMapping[ri!index],
                "filter_generation",
                {}
              ),
              choiceValue: if(
                #"_a-0000e4b2-6487-8000-2b63-01ef9001ef90_3233095"(
                  ri!masterLookUpData
                ),
                null,
                touniformstring(
                  #"_a-0000e4c3-ab68-8000-5250-1bef901bef90_12255"(
                    MasterLookup: ri!masterLookUpData,
                    UniqueKey: #"_a-0000e4cd-1af4-8000-5255-1bef901bef90_108148"[15],
                    Column: #"_a-0000e4c3-ab68-8000-5250-1bef901bef90_16271"[3]
                  )
                )
              )
            ),
            index(
              ri!pivotFilterMapping[ri!index],
              "filter_generation",
              {}
            ),
            null
          ),
          saveInto: {
            a!save(
              ri!pivotFilterMapping[ri!index].filter_generation,
              save!value
            ),
            a!save(
              ri!pivotFilterMapping[ri!index].filter_value,
              null
            ),
            a!save(
              ri!pivotFilterMapping[ri!index].modified_by,
              loggedInUser()
            ),
            a!save(
              ri!pivotFilterMapping[ri!index].modified_on,
              now()
            )
          },
          validations: {
            if(
              ri!isReadOnly,
              {},
              #"_a-0000e4b2-6487-8000-2b63-01ef9001ef90_3251505"(
                value: index(
                  ri!pivotFilterMapping[ri!index],
                  "filter_generation",
                  {}
                ),
                ValidationLength: #"_a-0000e4c6-e892-8000-5254-1bef901bef90_42536"[7]
              )
            )
          },
          required: if(
            ri!isReadOnly=true(),
            false(),
            true()
          )
         
        )
      ),
      /*Filter Value*/
      if(
        or(
          tostring(
            index(
              ri!pivotFilterMapping[ri!index],
              "filter_generation",
              {}
            )
          ) = #"_a-0000e4cd-1af4-8000-5255-1bef901bef90_99991"[1]
        ),
        #"_a-0000e4e9-ef8d-8000-5259-1bef901bef90_285963"(
          disabled: #"_a-0000e4b2-6487-8000-2b63-01ef9001ef90_3233095"(
            index(
              ri!pivotFilterMapping[ri!index],
              "filter_generation",
              {}
            )
          ),
          value: index(
            ri!pivotFilterMapping[ri!index],
            "filter_value",
            {}
          ),
          saveInto: {a!save(
            ri!pivotFilterMapping[ri!index].filter_value,
            save!value
          ),
          a!save(
            ri!pivotFilterMapping[ri!index].modified_by,
            loggedInUser()
          ),
          a!save(
            ri!pivotFilterMapping[ri!index].modified_on,
            now()
          )
          },
          placeholder: "--Enter Filter Value --",
          readOnly: ri!isReadOnly,
          validations: {
            if(
              ri!isReadOnly,
              {},
              #"_a-0000e4b2-6487-8000-2b63-01ef9001ef90_3251505"(
                value: index(
                  ri!pivotFilterMapping[ri!index],
                  "filter_value",
                  {}
                ),
                ValidationLength: #"_a-0000e4c6-e892-8000-5254-1bef901bef90_42536"[8]
              )
            )
          },
          required: if(
            ri!isReadOnly=true(),
            false(),
            true()
          )

        ),
        if(
          ri!isReadOnly=true(),
          #"_a-0000e4e9-ef8d-8000-5259-1bef901bef90_285963"(

            value: index(
              ri!pivotFilterMapping[ri!index],
              "filter_value",
              {}
            ),

            readOnly: ri!isReadOnly,


          ),
          #"_a-0000e4e9-ef8d-8000-5259-1bef901bef90_287171"(
            disabled: or(
              #"_a-0000e4b2-6487-8000-2b63-01ef9001ef90_3233095"(
                index(
                  ri!pivotFilterMapping[ri!index],
                  "filter_generation",
                  {}
                )
              ),
              ri!isReadOnly = true()
            ),
            placeholderLabel: "--Select Filter Value--",
            choiceLabels:if(#"_a-0000e4b2-6487-8000-2b63-01ef9001ef90_3233095"(ri!runtimeConfigs),
            null,
            touniformstring(ri!runtimeConfigs)
            ),
            choiceValues:if(#"_a-0000e4b2-6487-8000-2b63-01ef9001ef90_3233095"(ri!runtimeConfigs),
            null,
            touniformstring(ri!runtimeConfigs)
            ),
            value: if(
              #"_a-0000e4c6-e892-8000-5254-1bef901bef90_47169"(
                value: index(
                  ri!pivotFilterMapping[ri!index],
                  "filter_value",
                  {}
                ),
                choiceValue: ri!runtimeConfigs
              ),
              index(
                ri!pivotFilterMapping[ri!index],
                "filter_value",
                {}
              ),
              null
            ),
            saveInto: {a!save(
              ri!pivotFilterMapping[ri!index].filter_value,
              save!value
            ),

            a!save(
              ri!pivotFilterMapping[ri!index].modified_by,
              loggedInUser()
            ),
            a!save(
              ri!pivotFilterMapping[ri!index].modified_on,
              now()
            )},
            validations: {
              if(
                ri!isReadOnly,
                {},
                #"_a-0000e4b2-6487-8000-2b63-01ef9001ef90_3251505"(
                  value: index(
                    ri!pivotFilterMapping[ri!index],
                    "filter_value",
                    {}
                  ),
                  ValidationLength: #"_a-0000e4c6-e892-8000-5254-1bef901bef90_42536"[8]
                )
              )
            },
            required: if(
              ri!isReadOnly=true(),
              false(),
              true()
            )
          )
        )

      ),
      /*Status*/
      #"SYSTEM_SYSRULES_richTextDisplayField"(
        align: "CENTER",
        value: {
          if(
            or(
              tointeger(
                index(
                  ri!pivotFilterMapping[ri!index],
                  "isactive",
                  {}
                )
              ) = 1
            ),
            #"SYSTEM_SYSRULES_richTextIcon"(
              icon: "toggle-on",
              caption: "Yes",
              link: #"SYSTEM_SYSRULES_dynamicLink"(
                value: 1,
                saveInto: {a!save(
                  ri!pivotFilterMapping[ri!index].isactive,
                  0
                ), a!save(
                  ri!pivotFilterMapping[ri!index].modified_by,
                  loggedInUser()
                ),
                a!save(
                  ri!pivotFilterMapping[ri!index].modified_on,
                  now()
                )},
                showWhen: not(
                  or(
                    ri!isReadOnly
                  )
                )
              ),
              linkStyle: "STANDALONE",
              size: "MEDIUM_PLUS",
              color: "ACCENT"
            ),
            #"SYSTEM_SYSRULES_richTextIcon"(
              icon: "toggle-off",
              caption: "No",
              linkStyle: "STANDALONE",
              link: #"SYSTEM_SYSRULES_dynamicLink"(
                value: 0,
                saveInto: {a!save(
                  ri!pivotFilterMapping[ri!index].isactive,
                  1
                ), a!save(
                  ri!pivotFilterMapping[ri!index].modified_by,
                  loggedInUser()
                ),
                a!save(
                  ri!pivotFilterMapping[ri!index].modified_on,
                  now()
                )},
                showWhen: not(
                  or(
                    ri!isReadOnly
                  )
                )
              ),
              size: "MEDIUM_PLUS",
              color: "ACCENT"
            )
          )
        }
      ),
      /*Up down*/
      if(
        or(
          ri!isReadonly = true(),
          length(
            wherecontains(
              tointeger(ri!pivotFilterId),
              tointeger(index(ri!pivotFilterMapping,"pivot_filter_id",null))
            )
          ) &lt; 2
        ),
        {},
        #"SYSTEM_SYSRULES_imageField_v1"(
          label: " ",
          images: #"SYSTEM_SYSRULES_documentImage"(
            showWhen: not(
              ri!index = 
              tointeger(
                index(                   
                    wherecontains(
                      tointeger(ri!pivotFilterId),
                      tointeger(index(ri!pivotFilterMapping,"pivot_filter_id",null))
                    
                  ),
                  1,
                  {}
                )
              )            
            ),
            document: #"SYSTEM_SYSRULES_iconIndicator"(
              icon: "MOVE_UP"
            ),
            link:   #"SYSTEM_SYSRULES_dynamicLink"(
                saveInto: {
                  a!save(
                    local!data,
                    ri!pivotFilterMapping[ri!index - 1]
                  ),
                  a!save(
                    ri!pivotFilterMapping[ri!index - 1],
                    ri!pivotFilterMapping[ri!index]
                  ),
                  a!save(
                    ri!pivotFilterMapping[ri!index],
                    local!data
                  )
                }
              )
          )
        )
      ),
      if(
        or(
          ri!isReadonly = true(),
          length(
            wherecontains(
              tointeger(ri!pivotFilterId),
              tointeger(index(ri!pivotFilterMapping,"pivot_filter_id",null))
            )
          ) &lt; 2
        ),
        {},
        #"SYSTEM_SYSRULES_imageField_v1"(
          images: #"SYSTEM_SYSRULES_documentImage"(
            showWhen: not(
              ri!index = 
              tointeger(
                index(
                  reverse( 
                    wherecontains(
                      tointeger(ri!pivotFilterId),
                      tointeger(index(ri!pivotFilterMapping,"pivot_filter_id",null))
                    )
                  ),
                  1,
                  {}
                )
              )            
            ),
            document: #"SYSTEM_SYSRULES_iconIndicator"(
              "MOVE_DOWN"
            ),
            link: #"SYSTEM_SYSRULES_dynamicLink"(
              saveInto: {
                a!save(
                  local!data,
                  ri!pivotFilterMapping[ri!index]
                ),
                a!save(
                  ri!pivotFilterMapping[ri!index],
                  ri!pivotFilterMapping[ri!index + 1],
                  
                ),
                a!save(
                  ri!pivotFilterMapping[ri!index + 1],
                  local!data
                )
              }
            )
          )
        )
      ),
      /*Delete*/
      if(
        #"_a-0000e4b2-6487-8000-2b63-01ef9001ef90_3233095"(
          index(
            ri!pivotFilterMapping[ri!index],
            "pivot_filter_mapping_id",
            {}
          )
        ),
        #"SYSTEM_SYSRULES_imageField_v1"(
          label: "",
          showWhen: if(
            or(
              ri!isReadOnly = true()
            ),
            false(),
            true()
          ),
          images: #"SYSTEM_SYSRULES_documentImage"(
            document: #"SYSTEM_SYSRULES_iconIndicator"(
              "REMOVE"
            ),
            link: #"SYSTEM_SYSRULES_dynamicLink"(
              saveInto: {
                a!save(
                  ri!pivotFilterMapping,
                  remove(
                    ri!pivotFilterMapping,
                    ri!index
                  )
                )
              }
            )
          )
        ),
        if(
          ri!isReadOnly = true(),
          {},
          #"SYSTEM_SYSRULES_richTextDisplayField"()
        )
      )
    }
  )
)</definition>
        <namedTypedValue>
            <name>index</name>
            <type>
                <name>int</name>
                <namespace>http://www.w3.org/2001/XMLSchema</namespace>
            </type>
        </namedTypedValue>
        <namedTypedValue>
            <name>pivotFilterMapping</name>
            <type>
                <name>EAP_T_DVPivotFilterMapping?list</name>
                <namespace>urn:com:appian:types:eap</namespace>
            </type>
        </namedTypedValue>
        <namedTypedValue>
            <name>isReadOnly</name>
            <type>
                <name>boolean</name>
                <namespace>http://www.w3.org/2001/XMLSchema</namespace>
            </type>
        </namedTypedValue>
        <namedTypedValue>
            <name>masterLookUpData</name>
            <type>
                <name>EAP_T_RefMaster?list</name>
                <namespace>urn:com:appian:types:eap</namespace>
            </type>
        </namedTypedValue>
        <namedTypedValue>
            <name>pivotFilterId</name>
            <type>
                <name>int</name>
                <namespace>http://www.w3.org/2001/XMLSchema</namespace>
            </type>
        </namedTypedValue>
        <namedTypedValue>
            <name>runtimeConfigs</name>
            <type>
                <name>Text?list</name>
                <namespace>http://www.appian.com/ae/types/2009</namespace>
            </type>
        </namedTypedValue>
        <preferredEditor>legacy</preferredEditor>
        <offlineEnabled>false</offlineEnabled>
    </rule>
    <roleMap public="true">
        <role inherit="true" allowForAll="false" name="readers">
            <users/>
            <groups/>
        </role>
        <role inherit="true" allowForAll="false" name="authors">
            <users/>
            <groups/>
        </role>
        <role inherit="true" allowForAll="false" name="administrators">
            <users/>
            <groups/>
        </role>
        <role inherit="false" allowForAll="false" name="denyReaders">
            <users/>
            <groups/>
        </role>
        <role inherit="false" allowForAll="false" name="denyAuthors">
            <users/>
            <groups/>
        </role>
        <role inherit="false" allowForAll="false" name="denyAdministrators">
            <users/>
            <groups/>
        </role>
    </roleMap>
    <typedValue>
        <type>
            <name>RuleTestConfig?list</name>
            <namespace>http://www.appian.com/ae/types/2009</namespace>
        </type>
        <value>
            <el>
                <a:name>Disables value field for dynamic generation</a:name>
                <a:ruleInputTestConfigs>
                    <a:value xmlns:xsi="http://www.w3.org/2001/XMLSchema-instance" xsi:type="a:Expression">1</a:value>
                    <a:nameRef>index</a:nameRef>
                    <a:id>1</a:id>
                </a:ruleInputTestConfigs>
                <a:ruleInputTestConfigs>
                    <a:value xmlns:xsi="http://www.w3.org/2001/XMLSchema-instance" xsi:type="a:Expression">{'type!{urn:com:appian:types:eap}EAP_T_DVPivotFilterMapping'(pivot_filter_mapping_id: 1,pivot_filter_id: 1,filter_column_name: "Column1",filter_generation: "Dynamic",filter_operator: "Equals",filter_value: "Value1",isactive: 1)}</a:value>
                    <a:nameRef>pivotFilterMapping</a:nameRef>
                    <a:id>2</a:id>
                </a:ruleInputTestConfigs>
                <a:ruleInputTestConfigs>
                    <a:value xmlns:xsi="http://www.w3.org/2001/XMLSchema-instance" xsi:type="a:Expression">false</a:value>
                    <a:nameRef>isReadOnly</a:nameRef>
                    <a:id>3</a:id>
                </a:ruleInputTestConfigs>
                <a:ruleInputTestConfigs>
                    <a:value xmlns:xsi="http://www.w3.org/2001/XMLSchema-instance" xsi:type="a:Expression">{'type!{urn:com:appian:types:eap}EAP_T_RefMaster'(reference_data_id: 1,type: "Type1",code: "C1",label: "Label1",sort_order: 1,is_active: 1)}</a:value>
                    <a:nameRef>masterLookUpData</a:nameRef>
                    <a:id>4</a:id>
                </a:ruleInputTestConfigs>
                <a:ruleInputTestConfigs>
                    <a:value xmlns:xsi="http://www.w3.org/2001/XMLSchema-instance" xsi:type="a:Expression">1</a:value>
                    <a:nameRef>pivotFilterId</a:nameRef>
                    <a:id>5</a:id>
                </a:ruleInputTestConfigs>
                <a:ruleInputTestConfigs>
                    <a:value xmlns:xsi="http://www.w3.org/2001/XMLSchema-instance" xsi:type="a:Expression">null</a:value>
                    <a:nameRef>runtimeConfigs</a:nameRef>
                    <a:id>6</a:id>
                </a:ruleInputTestConfigs>
                <a:assertions xmlns:xsi="http://www.w3.org/2001/XMLSchema-instance" xsi:nil="true"/>
                <a:isDefault>false</a:isDefault>
            </el>
        </value>
    </typedValue>
    <history>
        <historyInfo versionUuid="_a-0000e4e9-ef8d-8000-5259-1bef901bef90_379770"/>
        <historyInfo versionUuid="_a-0000e505-ae05-8000-525c-1bef901bef90_394714"/>
        <historyInfo versionUuid="_a-0000e505-ae05-8000-525c-1bef901bef90_408514"/>
        <historyInfo versionUuid="_a-0000e505-ae05-8000-525c-1bef901bef90_421158"/>
        <historyInfo versionUuid="_a-0000ed9a-d049-8000-9c18-011c48011c48_10179135"/>
    </history>
</contentHaul>
