<?xml version="1.0" encoding="UTF-8" standalone="yes"?>
<contentHaul xmlns:a="http://www.appian.com/ae/types/2009">
    <versionUuid>_a-0000ed9a-d049-8000-9c18-011c48011c48_10179765</versionUuid>
    <rule>
        <name>EAP_isTransformDetailsFilled</name>
        <uuid>_a-0000e4cd-1af4-8000-5255-1bef901bef90_128534</uuid>
        <description>Rule to check all requied info filled or not in transformation.</description>
        <parentUuid>_a-0000e4c3-7a1b-8000-524f-1bef901bef90_6574</parentUuid>
        <visibility>
            <advertise>false</advertise>
            <hierarchy>true</hierarchy>
            <indexable>true</indexable>
            <quota>false</quota>
            <searchable>true</searchable>
            <system>false</system>
            <unlogged>false</unlogged>
        </visibility>
        <definition>
  #"SYSTEM_SYSRULES_forEach"(
  items: ri!refProcessWfActionType,
  expression: if(
   #"_a-0000e4b2-6487-8000-2b63-01ef9001ef90_3233095"(
     wherecontains(
      tostring(index(fv!item,"action_type",null)),
      #"_a-0000e4c6-e892-8000-5254-1bef901bef90_21929"
    )
    ),
    false(),
    if(
    not(or(index(fv!item,"isactive",null))),
    true(),
    choose(
    wherecontains(
      tostring(index(fv!item,"action_type",null)),
      #"_a-0000e4c6-e892-8000-5254-1bef901bef90_21929"
    ),

    /*1. INPUT_COPY */
    and(
      contains(
      tointeger(index(ri!actionTypeInputCopy,"wf_action_id",null)),
      tointeger(index(fv!item,"wf_action_id",null))
    ),
      not(#"_a-0000e4b2-6487-8000-2b63-01ef9001ef90_3233095"(
        index(
        index(
        ri!actionTypeInputCopy,
        wherecontains(
        tointeger(index(fv!item,"wf_action_id",null)),
        tointeger(index(ri!actionTypeInputCopy,"wf_action_id",null)) 
      ),
      {}),
      "input_copy_id",
      null)
      )),
      contains(
      tointeger(index(ri!inputCopyEntityMapping,"input_copy_id",null)),
      tointeger(index(
        index(
          ri!actionTypeInputCopy,
          wherecontains(
            tointeger(index(fv!item,"wf_action_id",null)),
            tointeger(index(ri!actionTypeInputCopy,"wf_action_id",null)) 
          ),
          {}),
          "input_copy_id",
          null))
    )
    ),
    /*2. REFRESH_PIVOT */
    contains(
      tointeger(index(ri!actionTypeRefreshPivot,"wf_action_id",null)),
      tointeger(index(fv!item,"wf_action_id",null))
    ),
    /*3. INPUT_COPY_TRANSPOSE */
    and(
      contains(
        tointeger(index(ri!transposeConfig,"wf_action_id",null)),
        tointeger(index(fv!item,"wf_action_id",null))
      ),
      not(#"_a-0000e4b2-6487-8000-2b63-01ef9001ef90_3233095"(
        index(
          index(
            ri!transposeConfig,
            wherecontains(
              tointeger(index(fv!item,"wf_action_id",null)),
              tointeger(index(ri!transposeConfig,"wf_action_id",null)) 
            ),
            {}),
            "transpose_config_id",
            null)
      )),
      contains(
        tointeger(index(ri!transposeMapping,"transpose_config_id",null)),
        tointeger(index(
          index(
            ri!transposeConfig,
            wherecontains(
              tointeger(index(fv!item,"wf_action_id",null)),
              tointeger(index(ri!transposeConfig,"wf_action_id",null)) 
            ),
            {}),
            "transpose_config_id",
            null))
      )
    ),
    /*4. SHEET_TO_SHEET_COPY */
    and(
      contains(
      tointeger(index(ri!sheetCopy,"wf_action_id",null)),
      tointeger(index(fv!item,"wf_action_id",null))
      ),
      not(#"_a-0000e4b2-6487-8000-2b63-01ef9001ef90_3233095"(
        index(
          index(
            ri!sheetCopy,
            wherecontains(
              tointeger(index(fv!item,"wf_action_id",null)),
              tointeger(index(ri!sheetCopy,"wf_action_id",null)) 
            ),
            {}),
            "sheet_copy_id",
            null)
      )),
      contains(
        tointeger(index(ri!sheetCopyMapping,"sheet_copy_id",null)),
        tointeger(index(
          index(
            ri!sheetCopy,
            wherecontains(
              tointeger(index(fv!item,"wf_action_id",null)),
              tointeger(index(ri!sheetCopy,"wf_action_id",null)) 
            ),
            {}),
            "sheet_copy_id",
            null))
      )),
    /*5. OUTPUT_COPY */
    and(
      contains(
      tointeger(index(ri!refProcessWfOutputCopy ,"wf_action_id",null)),
      tointeger(index(fv!item,"wf_action_id",null))
      ),
      not(#"_a-0000e4b2-6487-8000-2b63-01ef9001ef90_3233095"(
        index(
          index(
            ri!refProcessWfOutputCopy,
            wherecontains(
              tointeger(index(fv!item,"wf_action_id",null)),
              tointeger(index(ri!refProcessWfOutputCopy,"wf_action_id",null)) 
            ),
            {}),
            "output_copy_id",
            null)
      )),
      contains(
        tointeger(index(ri!sheetEntityMapping,"output_copy_id",null)),
        tointeger(index(
          index(
            ri!refProcessWfOutputCopy,
            wherecontains(
              tointeger(index(fv!item,"wf_action_id",null)),
              tointeger(index(ri!refProcessWfOutputCopy,"wf_action_id",null)) 
            ),
            {}),
            "output_copy_id",
            null))
      )),
    /*6. CUSTOM_ACTION */
    and(
      contains(
      tointeger(index(ri!customAction,"wf_action_id",null)),
      tointeger(index(fv!item,"wf_action_id",null))
      )
      /*,*/
      /*not(rule!EAP_Utils_CheckIsNull(*/
        /*index(*/
          /*index(*/
            /*ri!customAction,*/
            /*wherecontains(*/
              /*tointeger(index(fv!item,"wf_action_id",null)),*/
              /*tointeger(index(ri!customAction,"wf_action_id",null)) */
            /*),*/
            /*{}),*/
            /*"custom_action_id",*/
            /*null)*/
      /*)),*/
      /*contains(*/
        /*tointeger(index(ri!customActionMapping,"custom_action_id",null)),*/
        /*tointeger(index(*/
          /*index(*/
            /*ri!customAction,*/
            /*wherecontains(*/
              /*tointeger(index(fv!item,"wf_action_id",null)),*/
              /*tointeger(index(ri!customAction,"wf_action_id",null)) */
            /*),*/
            /*{}),*/
            /*"custom_action_id",*/
            /*null))*/
      /*)*/
    ),
    /*7. SHEET_FILTERS */
    contains(
      tointeger(index(ri!sheetFilters ,"wf_action_id",null)),
      tointeger(index(fv!item,"wf_action_id",null))
    ),
    /*8. DB_FIXED_COPY */
    contains(
      tointeger(index(ri!fixedCells,"wf_action_id",null)),
      tointeger(index(fv!item,"wf_action_id",null))
    ),
    /*9. RUNTIME_FIXED_COPY */
    contains(
      tointeger(index(ri!runTimeFixedCell,"wfActionId",null)),
      tointeger(index(fv!item,"wf_action_id",null))
    ),
    /*10 pivot filter*/
    and(
      contains(
        tointeger(index(ri!pivotFilter ,"wf_action_id",null)),
        tointeger(index(fv!item,"wf_action_id",null))
      ),
      not(#"_a-0000e4b2-6487-8000-2b63-01ef9001ef90_3233095"(
        index(
          index(
            ri!pivotFilter,
            wherecontains(
              tointeger(index(fv!item,"wf_action_id",null)),
              tointeger(index(ri!pivotFilter,"wf_action_id",null)) 
            ),
            {}),
            "pivot_filter_id",
            null)
      )),
      contains(
        tointeger(index(ri!pivotFilterMapping,"pivot_filter_id",null)),
        tointeger(index(
          index(
            ri!pivotFilter,
            wherecontains(
              tointeger(index(fv!item,"wf_action_id",null)),
              tointeger(index(ri!pivotFilter,"wf_action_id",null)) 
            ),
            {}),
            "pivot_filter_id",
            null))
      )),
      /*11 Macro Execution*/
      contains(
        tointeger(index(ri!macroExecution,"wf_action_id",null)),
        tointeger(index(fv!item,"wf_action_id",null))
      )
  )
  )
  )
)</definition>
        <namedTypedValue>
            <name>refProcessWfActionType</name>
            <type>
                <name>EAP_T_RefProcessWfActions?list</name>
                <namespace>urn:com:appian:types:eap</namespace>
            </type>
        </namedTypedValue>
        <namedTypedValue>
            <name>actionTypeInputCopy</name>
            <type>
                <name>EAP_T_RefProcessWfInputCopy?list</name>
                <namespace>urn:com:appian:types:eap</namespace>
            </type>
        </namedTypedValue>
        <namedTypedValue>
            <name>actionTypeRefreshPivot</name>
            <type>
                <name>EAP_T_RefProcessWfRefreshPivot?list</name>
                <namespace>urn:com:appian:types:eap</namespace>
            </type>
        </namedTypedValue>
        <namedTypedValue>
            <name>sheetCopy</name>
            <type>
                <name>EAP_T_RefProcessWfSheetCopy?list</name>
                <namespace>urn:com:appian:types:eap</namespace>
            </type>
        </namedTypedValue>
        <namedTypedValue>
            <name>refProcessWfOutputCopy</name>
            <type>
                <name>EAP_T_RefProcessWfOutputCopy?list</name>
                <namespace>urn:com:appian:types:eap</namespace>
            </type>
        </namedTypedValue>
        <namedTypedValue>
            <name>customAction</name>
            <type>
                <name>EAP_T_RefProcessWfCustomAction?list</name>
                <namespace>urn:com:appian:types:eap</namespace>
            </type>
        </namedTypedValue>
        <namedTypedValue>
            <name>sheetFilters</name>
            <type>
                <name>EAP_T_RefProcessWfSheetFilters?list</name>
                <namespace>urn:com:appian:types:eap</namespace>
            </type>
        </namedTypedValue>
        <namedTypedValue>
            <name>fixedCells</name>
            <type>
                <name>EAP_T_RefProcessWfFixedCells?list</name>
                <namespace>urn:com:appian:types:eap</namespace>
            </type>
        </namedTypedValue>
        <namedTypedValue>
            <name>runTimeFixedCell</name>
            <type>
                <name>EAP_T_WfRuntimeFixedCells?list</name>
                <namespace>urn:com:appian:types:EAP</namespace>
            </type>
        </namedTypedValue>
        <namedTypedValue>
            <name>inputCopyEntityMapping</name>
            <type>
                <name>EAP_T_RefProcessWfEntitySheetMapping?list</name>
                <namespace>urn:com:appian:types:eap</namespace>
            </type>
        </namedTypedValue>
        <namedTypedValue>
            <name>sheetCopyMapping</name>
            <type>
                <name>EAP_T_RefProcessWfSheetCopyMapping?list</name>
                <namespace>urn:com:appian:types:eap</namespace>
            </type>
        </namedTypedValue>
        <namedTypedValue>
            <name>sheetEntityMapping</name>
            <type>
                <name>EAP_T_RefProcessWfSheetEntityMapping?list</name>
                <namespace>urn:com:appian:types:eap</namespace>
            </type>
        </namedTypedValue>
        <namedTypedValue>
            <name>pivotFilter</name>
            <type>
                <name>EAP_T_PivotFilter?list</name>
                <namespace>urn:com:appian:types:eap</namespace>
            </type>
        </namedTypedValue>
        <namedTypedValue>
            <name>pivotFilterMapping</name>
            <type>
                <name>EAP_T_PivotFilterMapping?list</name>
                <namespace>urn:com:appian:types:eap</namespace>
            </type>
        </namedTypedValue>
        <namedTypedValue>
            <name>transposeConfig</name>
            <type>
                <name>EAP_T_WfTransposeConfig?list</name>
                <namespace>urn:com:appian:types:eap</namespace>
            </type>
        </namedTypedValue>
        <namedTypedValue>
            <name>transposeMapping</name>
            <type>
                <name>EAP_T_WfTransposeMapping?list</name>
                <namespace>urn:com:appian:types:eap</namespace>
            </type>
        </namedTypedValue>
        <namedTypedValue>
            <name>macroExecution</name>
            <type>
                <name>EAP_T_WfMacroExecution?list</name>
                <namespace>urn:com:appian:types:EAP</namespace>
            </type>
        </namedTypedValue>
        <preferredEditor>legacy</preferredEditor>
        <offlineEnabled>false</offlineEnabled>
    </rule>
    <roleMap public="true">
        <role inherit="true" allowForAll="false" name="readers">
            <users/>
            <groups/>
        </role>
        <role inherit="true" allowForAll="false" name="authors">
            <users/>
            <groups/>
        </role>
        <role inherit="true" allowForAll="false" name="administrators">
            <users/>
            <groups/>
        </role>
        <role inherit="false" allowForAll="false" name="denyReaders">
            <users/>
            <groups/>
        </role>
        <role inherit="false" allowForAll="false" name="denyAuthors">
            <users/>
            <groups/>
        </role>
        <role inherit="false" allowForAll="false" name="denyAdministrators">
            <users/>
            <groups/>
        </role>
    </roleMap>
    <typedValue>
        <type>
            <name>RuleTestConfig?list</name>
            <namespace>http://www.appian.com/ae/types/2009</namespace>
        </type>
        <value>
            <el>
                <a:name>Returns true for valid REFRESH_PIVOT action type</a:name>
                <a:ruleInputTestConfigs>
                    <a:value xmlns:xsi="http://www.w3.org/2001/XMLSchema-instance" xsi:type="a:Expression">{'type!{urn:com:appian:types:eap}EAP_T_RefProcessWfActions'(action_type: "REFRESH_PIVOT",wf_action_id: 1,isactive: 1)}</a:value>
                    <a:nameRef>refProcessWfActionType</a:nameRef>
                    <a:id>1</a:id>
                </a:ruleInputTestConfigs>
                <a:ruleInputTestConfigs>
                    <a:value xmlns:xsi="http://www.w3.org/2001/XMLSchema-instance" xsi:type="a:Expression">null</a:value>
                    <a:nameRef>actionTypeInputCopy</a:nameRef>
                    <a:id>2</a:id>
                </a:ruleInputTestConfigs>
                <a:ruleInputTestConfigs>
                    <a:value xmlns:xsi="http://www.w3.org/2001/XMLSchema-instance" xsi:type="a:Expression">{'type!{urn:com:appian:types:eap}EAP_T_RefProcessWfRefreshPivot'(wf_action_id: 1)}</a:value>
                    <a:nameRef>actionTypeRefreshPivot</a:nameRef>
                    <a:id>3</a:id>
                </a:ruleInputTestConfigs>
                <a:ruleInputTestConfigs>
                    <a:value xmlns:xsi="http://www.w3.org/2001/XMLSchema-instance" xsi:type="a:Expression">null</a:value>
                    <a:nameRef>sheetCopy</a:nameRef>
                    <a:id>4</a:id>
                </a:ruleInputTestConfigs>
                <a:ruleInputTestConfigs>
                    <a:value xmlns:xsi="http://www.w3.org/2001/XMLSchema-instance" xsi:type="a:Expression">null</a:value>
                    <a:nameRef>refProcessWfOutputCopy</a:nameRef>
                    <a:id>5</a:id>
                </a:ruleInputTestConfigs>
                <a:ruleInputTestConfigs>
                    <a:value xmlns:xsi="http://www.w3.org/2001/XMLSchema-instance" xsi:type="a:Expression">null</a:value>
                    <a:nameRef>customAction</a:nameRef>
                    <a:id>6</a:id>
                </a:ruleInputTestConfigs>
                <a:ruleInputTestConfigs>
                    <a:value xmlns:xsi="http://www.w3.org/2001/XMLSchema-instance" xsi:type="a:Expression">null</a:value>
                    <a:nameRef>sheetFilters</a:nameRef>
                    <a:id>7</a:id>
                </a:ruleInputTestConfigs>
                <a:ruleInputTestConfigs>
                    <a:value xmlns:xsi="http://www.w3.org/2001/XMLSchema-instance" xsi:type="a:Expression">null</a:value>
                    <a:nameRef>fixedCells</a:nameRef>
                    <a:id>8</a:id>
                </a:ruleInputTestConfigs>
                <a:ruleInputTestConfigs>
                    <a:value xmlns:xsi="http://www.w3.org/2001/XMLSchema-instance" xsi:type="a:Expression">null</a:value>
                    <a:nameRef>runTimeFixedCell</a:nameRef>
                    <a:id>9</a:id>
                </a:ruleInputTestConfigs>
                <a:ruleInputTestConfigs>
                    <a:value xmlns:xsi="http://www.w3.org/2001/XMLSchema-instance" xsi:type="a:Expression">null</a:value>
                    <a:nameRef>inputCopyEntityMapping</a:nameRef>
                    <a:id>10</a:id>
                </a:ruleInputTestConfigs>
                <a:ruleInputTestConfigs>
                    <a:value xmlns:xsi="http://www.w3.org/2001/XMLSchema-instance" xsi:type="a:Expression">null</a:value>
                    <a:nameRef>sheetCopyMapping</a:nameRef>
                    <a:id>11</a:id>
                </a:ruleInputTestConfigs>
                <a:ruleInputTestConfigs>
                    <a:value xmlns:xsi="http://www.w3.org/2001/XMLSchema-instance" xsi:type="a:Expression">null</a:value>
                    <a:nameRef>sheetEntityMapping</a:nameRef>
                    <a:id>12</a:id>
                </a:ruleInputTestConfigs>
                <a:ruleInputTestConfigs>
                    <a:value xmlns:xsi="http://www.w3.org/2001/XMLSchema-instance" xsi:type="a:Expression">null</a:value>
                    <a:nameRef>pivotFilter</a:nameRef>
                    <a:id>13</a:id>
                </a:ruleInputTestConfigs>
                <a:ruleInputTestConfigs>
                    <a:value xmlns:xsi="http://www.w3.org/2001/XMLSchema-instance" xsi:type="a:Expression">null</a:value>
                    <a:nameRef>pivotFilterMapping</a:nameRef>
                    <a:id>14</a:id>
                </a:ruleInputTestConfigs>
                <a:ruleInputTestConfigs>
                    <a:value xmlns:xsi="http://www.w3.org/2001/XMLSchema-instance" xsi:type="a:Expression">null</a:value>
                    <a:nameRef>transposeConfig</a:nameRef>
                    <a:id>15</a:id>
                </a:ruleInputTestConfigs>
                <a:ruleInputTestConfigs>
                    <a:value xmlns:xsi="http://www.w3.org/2001/XMLSchema-instance" xsi:type="a:Expression">null</a:value>
                    <a:nameRef>transposeMapping</a:nameRef>
                    <a:id>16</a:id>
                </a:ruleInputTestConfigs>
                <a:ruleInputTestConfigs>
                    <a:value xmlns:xsi="http://www.w3.org/2001/XMLSchema-instance" xsi:type="a:Expression">null</a:value>
                    <a:nameRef>macroExecution</a:nameRef>
                    <a:id>17</a:id>
                </a:ruleInputTestConfigs>
                <a:assertions>
                    <a:expectedOutput>
                        <a:type a:uuid="{http://www.appian.com/ae/types/2009}Boolean?list"/>
                        <a:runtimeType a:uuid="{http://www.appian.com/ae/types/2009}Boolean?list"/>
                        <a:value xmlns:xsi="http://www.w3.org/2001/XMLSchema-instance" xsi:type="a:Expression">true</a:value>
                    </a:expectedOutput>
                </a:assertions>
                <a:isDefault>false</a:isDefault>
            </el>
            <el>
                <a:name>Returns true for valid INPUT_COPY_TRANSPOSE action type</a:name>
                <a:ruleInputTestConfigs>
                    <a:value xmlns:xsi="http://www.w3.org/2001/XMLSchema-instance" xsi:type="a:Expression">{'type!{urn:com:appian:types:eap}EAP_T_RefProcessWfActions'(action_type: "INPUT_COPY_TRANSPOSE",wf_action_id: 1,isactive: 1)}</a:value>
                    <a:nameRef>refProcessWfActionType</a:nameRef>
                    <a:id>1</a:id>
                </a:ruleInputTestConfigs>
                <a:ruleInputTestConfigs>
                    <a:value xmlns:xsi="http://www.w3.org/2001/XMLSchema-instance" xsi:type="a:Expression">null</a:value>
                    <a:nameRef>actionTypeInputCopy</a:nameRef>
                    <a:id>2</a:id>
                </a:ruleInputTestConfigs>
                <a:ruleInputTestConfigs>
                    <a:value xmlns:xsi="http://www.w3.org/2001/XMLSchema-instance" xsi:type="a:Expression">null</a:value>
                    <a:nameRef>actionTypeRefreshPivot</a:nameRef>
                    <a:id>3</a:id>
                </a:ruleInputTestConfigs>
                <a:ruleInputTestConfigs>
                    <a:value xmlns:xsi="http://www.w3.org/2001/XMLSchema-instance" xsi:type="a:Expression">null</a:value>
                    <a:nameRef>sheetCopy</a:nameRef>
                    <a:id>4</a:id>
                </a:ruleInputTestConfigs>
                <a:ruleInputTestConfigs>
                    <a:value xmlns:xsi="http://www.w3.org/2001/XMLSchema-instance" xsi:type="a:Expression">null</a:value>
                    <a:nameRef>refProcessWfOutputCopy</a:nameRef>
                    <a:id>5</a:id>
                </a:ruleInputTestConfigs>
                <a:ruleInputTestConfigs>
                    <a:value xmlns:xsi="http://www.w3.org/2001/XMLSchema-instance" xsi:type="a:Expression">null</a:value>
                    <a:nameRef>customAction</a:nameRef>
                    <a:id>6</a:id>
                </a:ruleInputTestConfigs>
                <a:ruleInputTestConfigs>
                    <a:value xmlns:xsi="http://www.w3.org/2001/XMLSchema-instance" xsi:type="a:Expression">null</a:value>
                    <a:nameRef>sheetFilters</a:nameRef>
                    <a:id>7</a:id>
                </a:ruleInputTestConfigs>
                <a:ruleInputTestConfigs>
                    <a:value xmlns:xsi="http://www.w3.org/2001/XMLSchema-instance" xsi:type="a:Expression">null</a:value>
                    <a:nameRef>fixedCells</a:nameRef>
                    <a:id>8</a:id>
                </a:ruleInputTestConfigs>
                <a:ruleInputTestConfigs>
                    <a:value xmlns:xsi="http://www.w3.org/2001/XMLSchema-instance" xsi:type="a:Expression">null</a:value>
                    <a:nameRef>runTimeFixedCell</a:nameRef>
                    <a:id>9</a:id>
                </a:ruleInputTestConfigs>
                <a:ruleInputTestConfigs>
                    <a:value xmlns:xsi="http://www.w3.org/2001/XMLSchema-instance" xsi:type="a:Expression">null</a:value>
                    <a:nameRef>inputCopyEntityMapping</a:nameRef>
                    <a:id>10</a:id>
                </a:ruleInputTestConfigs>
                <a:ruleInputTestConfigs>
                    <a:value xmlns:xsi="http://www.w3.org/2001/XMLSchema-instance" xsi:type="a:Expression">null</a:value>
                    <a:nameRef>sheetCopyMapping</a:nameRef>
                    <a:id>11</a:id>
                </a:ruleInputTestConfigs>
                <a:ruleInputTestConfigs>
                    <a:value xmlns:xsi="http://www.w3.org/2001/XMLSchema-instance" xsi:type="a:Expression">null</a:value>
                    <a:nameRef>sheetEntityMapping</a:nameRef>
                    <a:id>12</a:id>
                </a:ruleInputTestConfigs>
                <a:ruleInputTestConfigs>
                    <a:value xmlns:xsi="http://www.w3.org/2001/XMLSchema-instance" xsi:type="a:Expression">null</a:value>
                    <a:nameRef>pivotFilter</a:nameRef>
                    <a:id>13</a:id>
                </a:ruleInputTestConfigs>
                <a:ruleInputTestConfigs>
                    <a:value xmlns:xsi="http://www.w3.org/2001/XMLSchema-instance" xsi:type="a:Expression">null</a:value>
                    <a:nameRef>pivotFilterMapping</a:nameRef>
                    <a:id>14</a:id>
                </a:ruleInputTestConfigs>
                <a:ruleInputTestConfigs>
                    <a:value xmlns:xsi="http://www.w3.org/2001/XMLSchema-instance" xsi:type="a:Expression">{'type!{urn:com:appian:types:eap}EAP_T_WfTransposeConfig'(wf_action_id: 1,transpose_config_id: 1)}</a:value>
                    <a:nameRef>transposeConfig</a:nameRef>
                    <a:id>15</a:id>
                </a:ruleInputTestConfigs>
                <a:ruleInputTestConfigs>
                    <a:value xmlns:xsi="http://www.w3.org/2001/XMLSchema-instance" xsi:type="a:Expression">{'type!{urn:com:appian:types:eap}EAP_T_WfTransposeMapping'(transpose_config_id: 1)}</a:value>
                    <a:nameRef>transposeMapping</a:nameRef>
                    <a:id>16</a:id>
                </a:ruleInputTestConfigs>
                <a:ruleInputTestConfigs>
                    <a:value xmlns:xsi="http://www.w3.org/2001/XMLSchema-instance" xsi:type="a:Expression">null</a:value>
                    <a:nameRef>macroExecution</a:nameRef>
                    <a:id>17</a:id>
                </a:ruleInputTestConfigs>
                <a:assertions>
                    <a:expectedOutput>
                        <a:type a:uuid="{http://www.appian.com/ae/types/2009}Boolean?list"/>
                        <a:runtimeType a:uuid="{http://www.appian.com/ae/types/2009}Boolean?list"/>
                        <a:value xmlns:xsi="http://www.w3.org/2001/XMLSchema-instance" xsi:type="a:Expression">true</a:value>
                    </a:expectedOutput>
                </a:assertions>
                <a:isDefault>false</a:isDefault>
            </el>
        </value>
    </typedValue>
    <history>
        <historyInfo versionUuid="_a-0000e4cd-1af4-8000-5255-1bef901bef90_171401"/>
        <historyInfo versionUuid="_a-0000e4e9-ef8d-8000-5259-1bef901bef90_330196"/>
        <historyInfo versionUuid="_a-0000e4e9-ef8d-8000-5259-1bef901bef90_368207"/>
        <historyInfo versionUuid="_a-0000e518-940a-8000-525e-1bef901bef90_494097"/>
        <historyInfo versionUuid="_a-0000ed9a-d049-8000-9c18-011c48011c48_10179765"/>
    </history>
</contentHaul>
