<?xml version="1.0" encoding="UTF-8" standalone="yes"?>
<contentHaul xmlns:a="http://www.appian.com/ae/types/2009">
    <versionUuid>_a-0000ed9a-d049-8000-9c18-011c48011c48_10136464</versionUuid>
    <interface>
        <name>EAP_SAGenericTextField</name>
        <uuid>_a-0000e4e9-ef8d-8000-5259-1bef901bef90_285963</uuid>
        <description>Generic text field </description>
        <parentUuid>_a-0000e4c3-7a1b-8000-524f-1bef901bef90_6580</parentUuid>
        <visibility>
            <advertise>false</advertise>
            <hierarchy>true</hierarchy>
            <indexable>true</indexable>
            <quota>false</quota>
            <searchable>true</searchable>
            <system>false</system>
            <unlogged>false</unlogged>
        </visibility>
        <definition>#"SYSTEM_SYSRULES_textField"(
    label:ri!label,
    required: if(#"_a-0000e4b2-6487-8000-2b63-01ef9001ef90_3233095"(ri!required),{},
                 ri!required),
    readOnly: if(#"_a-0000e4b2-6487-8000-2b63-01ef9001ef90_3233095"(ri!readOnly),{},
                 ri!readOnly),
    disabled: if(#"_a-0000e4b2-6487-8000-2b63-01ef9001ef90_3233095"(ri!disabled),{},
                  ri!disabled),
    value :   ri!value,
    saveInto: ri!saveInto,
    refreshAfter: if(#"_a-0000e4b2-6487-8000-2b63-01ef9001ef90_3233095"(ri!refreshAfter),{},
    ri!refreshAfter),
   placeholder:if(#"_a-0000e4b2-6487-8000-2b63-01ef9001ef90_3233095"(ri!placeHolder),{},
                  ri!placeHolder),
  labelPosition : if(#"_a-0000e4b2-6487-8000-2b63-01ef9001ef90_3233095"(ri!labelPosition),{},
                     ri!labelPosition),
     
   showWhen: if(#"_a-0000e4b2-6487-8000-2b63-01ef9001ef90_3233095"(ri!showWhen),true,ri!showWhen),
   requiredMessage :if(#"_a-0000e4b2-6487-8000-2b63-01ef9001ef90_3233095"(ri!requiredMessage),{},
                        ri!requiredMessage),
    align: ri!align,
    validations: {
      if(#"_a-0000e4b2-6487-8000-2b63-01ef9001ef90_3233095"(ri!validations),{},
      ri!validations)
    },
    helpTooltip : if(#"_a-0000e4b2-6487-8000-2b63-01ef9001ef90_3233095"(ri!helpTooltip),{},
    ri!helpTooltip),
    masked: if(
      #"_a-0000e4b2-6487-8000-2b63-01ef9001ef90_3233095"(
        ri!masked
      ),
      {},
      ri!masked
    )
   )</definition>
        <namedTypedValue>
            <name>label</name>
            <type>
                <name>string</name>
                <namespace>http://www.w3.org/2001/XMLSchema</namespace>
            </type>
            <value/>
        </namedTypedValue>
        <namedTypedValue>
            <name>required</name>
            <type>
                <name>boolean</name>
                <namespace>http://www.w3.org/2001/XMLSchema</namespace>
            </type>
        </namedTypedValue>
        <namedTypedValue>
            <name>readOnly</name>
            <type>
                <name>boolean</name>
                <namespace>http://www.w3.org/2001/XMLSchema</namespace>
            </type>
        </namedTypedValue>
        <namedTypedValue>
            <name>disabled</name>
            <type>
                <name>boolean</name>
                <namespace>http://www.w3.org/2001/XMLSchema</namespace>
            </type>
        </namedTypedValue>
        <namedTypedValue>
            <name>value</name>
            <type>
                <name>string</name>
                <namespace>http://www.w3.org/2001/XMLSchema</namespace>
            </type>
            <value/>
        </namedTypedValue>
        <namedTypedValue>
            <name>saveInto</name>
            <type>
                <name>Variant</name>
                <namespace>http://www.appian.com/ae/types/2009</namespace>
            </type>
        </namedTypedValue>
        <namedTypedValue>
            <name>placeHolder</name>
            <type>
                <name>string</name>
                <namespace>http://www.w3.org/2001/XMLSchema</namespace>
            </type>
            <value/>
        </namedTypedValue>
        <namedTypedValue>
            <name>labelPosition</name>
            <type>
                <name>string</name>
                <namespace>http://www.w3.org/2001/XMLSchema</namespace>
            </type>
            <value/>
        </namedTypedValue>
        <namedTypedValue>
            <name>showWhen</name>
            <type>
                <name>boolean</name>
                <namespace>http://www.w3.org/2001/XMLSchema</namespace>
            </type>
        </namedTypedValue>
        <namedTypedValue>
            <name>requiredMessage</name>
            <type>
                <name>string</name>
                <namespace>http://www.w3.org/2001/XMLSchema</namespace>
            </type>
            <value/>
        </namedTypedValue>
        <namedTypedValue>
            <name>align</name>
            <type>
                <name>string</name>
                <namespace>http://www.w3.org/2001/XMLSchema</namespace>
            </type>
            <value/>
        </namedTypedValue>
        <namedTypedValue>
            <name>validations</name>
            <type>
                <name>Variant</name>
                <namespace>http://www.appian.com/ae/types/2009</namespace>
            </type>
        </namedTypedValue>
        <namedTypedValue>
            <name>helpTooltip</name>
            <type>
                <name>string</name>
                <namespace>http://www.w3.org/2001/XMLSchema</namespace>
            </type>
            <value/>
        </namedTypedValue>
        <namedTypedValue>
            <name>refreshAfter</name>
            <type>
                <name>string</name>
                <namespace>http://www.w3.org/2001/XMLSchema</namespace>
            </type>
            <value/>
        </namedTypedValue>
        <namedTypedValue>
            <name>masked</name>
            <type>
                <name>boolean</name>
                <namespace>http://www.w3.org/2001/XMLSchema</namespace>
            </type>
        </namedTypedValue>
        <preferredEditor>interface</preferredEditor>
        <offlineEnabled>false</offlineEnabled>
        <isCustom>false</isCustom>
    </interface>
    <roleMap public="true">
        <role inherit="true" allowForAll="false" name="readers">
            <users/>
            <groups/>
        </role>
        <role inherit="true" allowForAll="false" name="authors">
            <users/>
            <groups/>
        </role>
        <role inherit="true" allowForAll="false" name="administrators">
            <users/>
            <groups/>
        </role>
        <role inherit="false" allowForAll="false" name="denyReaders">
            <users/>
            <groups/>
        </role>
        <role inherit="false" allowForAll="false" name="denyAuthors">
            <users/>
            <groups/>
        </role>
        <role inherit="false" allowForAll="false" name="denyAdministrators">
            <users/>
            <groups/>
        </role>
    </roleMap>
    <history>
        <historyInfo versionUuid="_a-0000e4e9-ef8d-8000-5259-1bef901bef90_360567"/>
        <historyInfo versionUuid="_a-0000ed9a-d049-8000-9c18-011c48011c48_10136464"/>
    </history>
</contentHaul>
