<?xml version="1.0" encoding="UTF-8" standalone="yes"?>
<contentHaul xmlns:a="http://www.appian.com/ae/types/2009">
    <versionUuid>_a-0000ed9a-d049-8000-9c18-011c48011c48_10159860</versionUuid>
    <rule>
        <name>EAP_integratedSystemGridRowLayout</name>
        <uuid>_a-0000e4cd-1af4-8000-5255-1bef901bef90_128568</uuid>
        <description>Grid row layout for integrated system editable grid</description>
        <parentUuid>_a-0000e4c3-7a1b-8000-524f-1bef901bef90_6574</parentUuid>
        <visibility>
            <advertise>false</advertise>
            <hierarchy>true</hierarchy>
            <indexable>true</indexable>
            <quota>false</quota>
            <searchable>true</searchable>
            <system>false</system>
            <unlogged>false</unlogged>
        </visibility>
        <definition>{
  #"SYSTEM_SYSRULES_gridRowLayout"(
    id: ri!index,
    contents: {
      /*system type code*/
      if(
        ri!isReadOnly,
        #"_a-0000e4e9-ef8d-8000-5259-1bef901bef90_285963"(
          value: index(
            ri!integratedSystemConfig[ri!index],
            "system_type_code",
            {}
          ),
          readOnly: ri!isReadOnly,
          align: "LEFT"
        ),
        #"_a-0000e4e9-ef8d-8000-5259-1bef901bef90_287171"(
          placeholderLabel: "--Select System Type--",
          choiceLabels: #"_a-0000e4c3-ab68-8000-5250-1bef901bef90_12255"(
            MasterLookup: ri!masterLookUpData,
            UniqueKey: #"_a-0000e4c3-ab68-8000-5250-1bef901bef90_10379"[23],
            Column: #"_a-0000e4c3-ab68-8000-5250-1bef901bef90_16271"[2]
          ),
          choiceValues: #"_a-0000e4c3-ab68-8000-5250-1bef901bef90_12255"(
            MasterLookup: ri!masterLookUpData,
            UniqueKey: #"_a-0000e4c3-ab68-8000-5250-1bef901bef90_10379"[23],
            Column: #"_a-0000e4c3-ab68-8000-5250-1bef901bef90_16271"[3]
          ),
          value: if(
            or(
              contains(
                touniformstring(
                  #"_a-0000e4c3-ab68-8000-5250-1bef901bef90_12255"(
                    MasterLookup: ri!masterLookUpData,
                    UniqueKey: #"_a-0000e4c3-ab68-8000-5250-1bef901bef90_10379"[23],
                    Column: #"_a-0000e4c3-ab68-8000-5250-1bef901bef90_16271"[3]
                  )
                ),
                touniformstring(
                  index(
                    ri!integratedSystemConfig[ri!index],
                    "system_type_code",
                    {}
                  )
                )
              )
            ),
            index(
              ri!integratedSystemConfig[ri!index],
              "system_type_code",
              {}
            ),
            null
          ),
          saveInto: a!save(
            ri!integratedSystemConfig[ri!index].system_type_code,
            save!value
          ),
          required: true(),
          validations: if(
            count(
              wherecontains(
                ri!integratedSystemConfig[ri!index].system_type_code,
                touniformstring(
                  index(ri!integratedSystemConfig, "system_type_code", {})
                  )
              )
            )&gt; 1,
            "Duplicate system type code!",
            {}
          )
        )
      ),
      /*lookup system type code*/
      if(
        ri!isReadOnly,
        #"_a-0000e4e9-ef8d-8000-5259-1bef901bef90_285963"(
          value: index(
            ri!integratedSystemConfig[ri!index],
            "lookup_system_type_code",
            {}
          ),
          readOnly: ri!isReadOnly,
          align: "LEFT"
        ),
        #"_a-0000e4e9-ef8d-8000-5259-1bef901bef90_287171"(
          placeholderLabel: "--Select System Type--",
          choiceLabels: #"_a-0000e4c3-ab68-8000-5250-1bef901bef90_12255"(
            MasterLookup: ri!masterLookUpData,
            UniqueKey: #"_a-0000e4c3-ab68-8000-5250-1bef901bef90_10379"[24],
            Column: #"_a-0000e4c3-ab68-8000-5250-1bef901bef90_16271"[2]
          ),
          choiceValues: #"_a-0000e4c3-ab68-8000-5250-1bef901bef90_12255"(
            MasterLookup: ri!masterLookUpData,
            UniqueKey: #"_a-0000e4c3-ab68-8000-5250-1bef901bef90_10379"[24],
            Column: #"_a-0000e4c3-ab68-8000-5250-1bef901bef90_16271"[3]
          ),
          value: if(
            or(
              contains(
                touniformstring(
                  #"_a-0000e4c3-ab68-8000-5250-1bef901bef90_12255"(
                    MasterLookup: ri!masterLookUpData,
                    UniqueKey: #"_a-0000e4c3-ab68-8000-5250-1bef901bef90_10379"[24],
                    Column: #"_a-0000e4c3-ab68-8000-5250-1bef901bef90_16271"[3]
                  )
                ),
                touniformstring(
                  index(
                    ri!integratedSystemConfig[ri!index],
                    "lookup_system_type_code",
                    {}
                  )
                )
              )
            ),
            index(
              ri!integratedSystemConfig[ri!index],
              "lookup_system_type_code",
              {}
            ),
            null
          ),
          saveInto: a!save(
            ri!integratedSystemConfig[ri!index].lookup_system_type_code,
            save!value
          ),
          required: true()
        )
      ),
      /*System Type*/
      if(
        ri!isReadOnly,
        #"_a-0000e4e9-ef8d-8000-5259-1bef901bef90_285963"(
          value: index(
            ri!integratedSystemConfig[ri!index],
            "system_type",
            {}
          ),
          readOnly: ri!isReadOnly,
          align: "LEFT"
        ),
        #"_a-0000e4e9-ef8d-8000-5259-1bef901bef90_287171"(
          label:"System Type",
          placeholderLabel: "--Select System Type--",
          choiceLabels: #"_a-0000e4c3-ab68-8000-5250-1bef901bef90_12255"(
            MasterLookup: ri!masterLookUpData,
            UniqueKey: #"_a-0000e4c3-ab68-8000-5250-1bef901bef90_10379"[25],
            Column: #"_a-0000e4c3-ab68-8000-5250-1bef901bef90_16271"[2]
          ),
          choiceValues: #"_a-0000e4c3-ab68-8000-5250-1bef901bef90_12255"(
            MasterLookup: ri!masterLookUpData,
            UniqueKey: #"_a-0000e4c3-ab68-8000-5250-1bef901bef90_10379"[25],
            Column: #"_a-0000e4c3-ab68-8000-5250-1bef901bef90_16271"[3]
          ),
          value: if(
            or(
              contains(
                touniformstring(#"_a-0000e4c3-ab68-8000-5250-1bef901bef90_12255"(
                  MasterLookup: ri!masterLookUpData,
                  UniqueKey: #"_a-0000e4c3-ab68-8000-5250-1bef901bef90_10379"[25],
                  Column: #"_a-0000e4c3-ab68-8000-5250-1bef901bef90_16271"[3]
                )),
                tostring(index(
                  ri!integratedSystemConfig[ri!index],
                  "system_type",
                  {}
                ))
              )
            ),
            index(
              ri!integratedSystemConfig[ri!index],
              "system_type",
              {}
            ),
           null
          ),
          saveInto: a!save(
            ri!integratedSystemConfig[ri!index].system_type,
            save!value
          ),
          required: true()
        )
      ),
      /*integration pattern*/
      #"_a-0000e4e9-ef8d-8000-5259-1bef901bef90_285963"(
        value: index(ri!integratedSystemConfig[ri!index], "integration_pattern_desc", {}),
        saveInto: a!save(
          index(ri!integratedSystemConfig[ri!index], "integration_pattern_desc", {}),
          save!value
        ),
        readOnly: ri!isReadOnly,
        align: "LEFT",
        validations: {
          if(
            ri!isReadOnly,
            {},
            #"_a-0000e4b2-6487-8000-2b63-01ef9001ef90_3251505"(
              value: index(
                ri!integratedSystemConfig[ri!index],
                "integration_pattern_desc",
                {}
              ),
              ValidationLength: #"_a-0000e4c6-e892-8000-5254-1bef901bef90_42536"[1]
            )
          )
        }
      ),
      /*image field*/
      if(
        ri!isReadOnly,
        #"SYSTEM_SYSRULES_imageField_v1"(
          images: {
            #"SYSTEM_SYSRULES_documentImage"(
              document: #"SYSTEM_SYSRULES_iconIndicator"(
                icon: if(
                  contains(
                    toboolean(
                      index(
                        ri!integratedSystemConfig[ri!index],
                        "is_active",
                        {}
                      )
                    ),
                    true()
                  ),
                  "STATUS_OK",
                  "STATUS_NOTDONE"
                )
              )
            )
          }
        ),
        #"SYSTEM_SYSRULES_richTextDisplayField"(
          value: if(
            or(
              tointeger(
                index(
                  ri!integratedSystemConfig[ri!index],
                  "is_active",
                  {}
                )
              ) = 1
            ),
            #"SYSTEM_SYSRULES_richTextIcon"(
              icon: "toggle-on",
              caption: "Active",
              link: #"SYSTEM_SYSRULES_dynamicLink"(
                saveInto: {
                  a!save(
                    ri!integratedSystemConfig[ri!index].is_active,
                    0
                  )
                }
              ),
              linkStyle: "STANDALONE",
              size: "MEDIUM_PLUS"
            ),
            #"SYSTEM_SYSRULES_richTextIcon"(
              icon: "toggle-off",
              caption: "In-Active",
              link: #"SYSTEM_SYSRULES_dynamicLink"(
                saveInto: {
                  a!save(
                    ri!integratedSystemConfig[ri!index].is_active,
                    1
                  )
                }
              ),
              linkStyle: "STANDALONE",
              size: "MEDIUM_PLUS"
            )
          )
        )
      ),
      if(
        ri!isReadOnly,
        {},
        if(
          #"_a-0000e4b2-6487-8000-2b63-01ef9001ef90_3233095"(
            ri!integratedSystemConfig[ri!index].integrated_system_id
          ),
          #"SYSTEM_SYSRULES_imageField_v1"(
            label: "delete ",
            images: #"SYSTEM_SYSRULES_documentImage"(
              document: #"SYSTEM_SYSRULES_iconIndicator"(
                "REMOVE"
              ),
              altText: "Remove Document",
              caption: "Remove",
              link: #"SYSTEM_SYSRULES_dynamicLink"(
                value: ri!index,
                saveInto: {
                  a!save(
                    ri!integratedSystemConfig,
                    remove(
                      ri!integratedSystemConfig,
                      save!value
                    )
                  )
                }
              )
            ),
            size: "ICON"
          ),
          #"SYSTEM_SYSRULES_richTextDisplayField"()
        )
      )
    }
  )
}</definition>
        <namedTypedValue>
            <name>integratedSystemConfig</name>
            <type>
                <name>EAP_T_IntSys?list</name>
                <namespace>urn:com:appian:types:eap</namespace>
            </type>
        </namedTypedValue>
        <namedTypedValue>
            <name>masterLookUpData</name>
            <type>
                <name>EAP_T_RefMaster?list</name>
                <namespace>urn:com:appian:types:eap</namespace>
            </type>
        </namedTypedValue>
        <namedTypedValue>
            <name>index</name>
            <type>
                <name>int</name>
                <namespace>http://www.w3.org/2001/XMLSchema</namespace>
            </type>
        </namedTypedValue>
        <namedTypedValue>
            <name>isReadOnly</name>
            <type>
                <name>boolean</name>
                <namespace>http://www.w3.org/2001/XMLSchema</namespace>
            </type>
        </namedTypedValue>
        <preferredEditor>legacy</preferredEditor>
        <offlineEnabled>false</offlineEnabled>
    </rule>
    <roleMap public="true">
        <role inherit="true" allowForAll="false" name="readers">
            <users/>
            <groups/>
        </role>
        <role inherit="true" allowForAll="false" name="authors">
            <users/>
            <groups/>
        </role>
        <role inherit="true" allowForAll="false" name="administrators">
            <users/>
            <groups/>
        </role>
        <role inherit="false" allowForAll="false" name="denyReaders">
            <users/>
            <groups/>
        </role>
        <role inherit="false" allowForAll="false" name="denyAuthors">
            <users/>
            <groups/>
        </role>
        <role inherit="false" allowForAll="false" name="denyAdministrators">
            <users/>
            <groups/>
        </role>
    </roleMap>
    <typedValue>
        <type>
            <name>RuleTestConfig?list</name>
            <namespace>http://www.appian.com/ae/types/2009</namespace>
        </type>
        <value>
            <el>
                <a:name>Valid case</a:name>
                <a:ruleInputTestConfigs>
                    <a:value xmlns:xsi="http://www.w3.org/2001/XMLSchema-instance" xsi:type="a:Expression">#"_a-0000e4c6-e892-8000-5254-1bef901bef90_57368"(
  systemTypeCode: "FAEM_APAC"
)</a:value>
                    <a:nameRef>integratedSystemConfig</a:nameRef>
                    <a:id>1</a:id>
                </a:ruleInputTestConfigs>
                <a:ruleInputTestConfigs>
                    <a:value xmlns:xsi="http://www.w3.org/2001/XMLSchema-instance" xsi:type="a:Expression">#"_a-0000e4c3-ab68-8000-5250-1bef901bef90_7827"(
  categoryGroup: "Dynamic Parser Configuration"
)</a:value>
                    <a:nameRef>masterLookUpData</a:nameRef>
                    <a:id>2</a:id>
                </a:ruleInputTestConfigs>
                <a:ruleInputTestConfigs>
                    <a:value xmlns:xsi="http://www.w3.org/2001/XMLSchema-instance" xsi:type="a:Expression">1</a:value>
                    <a:nameRef>index</a:nameRef>
                    <a:id>3</a:id>
                </a:ruleInputTestConfigs>
                <a:ruleInputTestConfigs>
                    <a:value xmlns:xsd="http://www.w3.org/2001/XMLSchema" xmlns:xsi="http://www.w3.org/2001/XMLSchema-instance" xsi:type="xsd:boolean">true</a:value>
                    <a:nameRef>isReadOnly</a:nameRef>
                    <a:id>4</a:id>
                </a:ruleInputTestConfigs>
                <a:assertions xmlns:xsi="http://www.w3.org/2001/XMLSchema-instance" xsi:nil="true"/>
                <a:isDefault>true</a:isDefault>
            </el>
        </value>
    </typedValue>
    <history>
        <historyInfo versionUuid="_a-0000e4cd-1af4-8000-5255-1bef901bef90_130832"/>
        <historyInfo versionUuid="_a-0000e4e9-ef8d-8000-5259-1bef901bef90_324375"/>
        <historyInfo versionUuid="_a-0000ed9a-d049-8000-9c18-011c48011c48_10159860"/>
    </history>
</contentHaul>
