<?xml version="1.0" encoding="UTF-8" standalone="yes"?>
<contentHaul xmlns:a="http://www.appian.com/ae/types/2009">
    <versionUuid>_a-0000ed9a-d049-8000-9c18-011c48011c48_10186849</versionUuid>
    <rule>
        <name>EAP_QE_dataValidationFixedCells</name>
        <uuid>_a-0000e4e9-ef8d-8000-5259-1bef901bef90_377492</uuid>
        <description>Hold query rule for Data Validation fixed cells</description>
        <parentUuid>_a-0000e4c3-7a1b-8000-524f-1bef901bef90_6574</parentUuid>
        <visibility>
            <advertise>false</advertise>
            <hierarchy>true</hierarchy>
            <indexable>true</indexable>
            <quota>false</quota>
            <searchable>true</searchable>
            <system>false</system>
            <unlogged>false</unlogged>
        </visibility>
        <definition>#"SYSTEM_SYSRULES_queryEntity_v1"(

  entity : #"_a-0000e4e9-ef8d-8000-5259-1bef901bef90_377710",
  query:#"SYSTEM_SYSRULES_query"(
    logicalExpression :if(
      and(
        #"_a-0000e4b2-6487-8000-2b63-01ef9001ef90_3233095"(ri!wfFixedCellsId),
        #"_a-0000e4b2-6487-8000-2b63-01ef9001ef90_3233095"(ri!wfActionId),
        #"_a-0000e4b2-6487-8000-2b63-01ef9001ef90_3233095"(ri!entityColumnName),
        #"_a-0000e4b2-6487-8000-2b63-01ef9001ef90_3233095"(ri!cellPosition),
        #"_a-0000e4b2-6487-8000-2b63-01ef9001ef90_3233095"(ri!startRowValue),
        #"_a-0000e4b2-6487-8000-2b63-01ef9001ef90_3233095"(ri!endRowValue),
        #"_a-0000e4b2-6487-8000-2b63-01ef9001ef90_3233095"(ri!isActive),
        #"_a-0000e4b2-6487-8000-2b63-01ef9001ef90_3233095"(ri!createdBy),
        #"_a-0000e4b2-6487-8000-2b63-01ef9001ef90_3233095"(ri!createdOn),
        #"_a-0000e4b2-6487-8000-2b63-01ef9001ef90_3233095"(ri!modifiedBy),
        #"_a-0000e4b2-6487-8000-2b63-01ef9001ef90_3233095"(ri!modifiedOn),
        #"_a-0000e4b2-6487-8000-2b63-01ef9001ef90_3233095"(ri!filterValue),
        #"_a-0000e4b2-6487-8000-2b63-01ef9001ef90_3233095"(ri!filterGeneration),
        #"_a-0000e4b2-6487-8000-2b63-01ef9001ef90_3233095"(ri!filterOperator)
      ),
      null,
      #"SYSTEM_SYSRULES_queryLogicalExpression"(
        operator : "AND",
        filters  : {
          if( 
            #"_a-0000e4b2-6487-8000-2b63-01ef9001ef90_3233095"(ri!wfFixedCellsId),
            {},
            #"SYSTEM_SYSRULES_queryFilter"(
              field : "wf_fixed_cells_id",
              operator: "IN",
              value :  {
                ri!wfFixedCellsId
              }

            )
          ),
          if( 
            #"_a-0000e4b2-6487-8000-2b63-01ef9001ef90_3233095"(ri!wfActionId),
            {},
            #"SYSTEM_SYSRULES_queryFilter"(
              field : "wf_action_id",
              operator: "IN",
              value :  {
                ri!wfActionId
              }

            )
          ),
          if( 
            #"_a-0000e4b2-6487-8000-2b63-01ef9001ef90_3233095"(ri!entityColumnName),
            {},
            #"SYSTEM_SYSRULES_queryFilter"(
              field : "entity_column_name",
              operator: "IN",
              value :  {
                ri!entityColumnName
              }

            )
          ),
          if( 
            #"_a-0000e4b2-6487-8000-2b63-01ef9001ef90_3233095"(ri!cellPosition),
            {},
            #"SYSTEM_SYSRULES_queryFilter"(
              field : "cell_position",
              operator: "IN",
              value :  {
                ri!cellPosition
              }

            )
          ),
          if( 
            #"_a-0000e4b2-6487-8000-2b63-01ef9001ef90_3233095"(ri!startRowValue),
            {},
            #"SYSTEM_SYSRULES_queryFilter"(
              field : "start_row_value",
              operator: "IN",
              value :  {
                ri!startRowValue
              }

            )
          ) ,
          if( 
            #"_a-0000e4b2-6487-8000-2b63-01ef9001ef90_3233095"(ri!endRowValue),
            {},
            #"SYSTEM_SYSRULES_queryFilter"(
              field : "end_row_value",
              operator: "IN",
              value :  {
                ri!endRowValue
              }

            )
          ) ,
        
          if( 
            #"_a-0000e4b2-6487-8000-2b63-01ef9001ef90_3233095"(ri!isActive),
            {},
            #"SYSTEM_SYSRULES_queryFilter"(
              field : "isactive",
              operator: "IN",
              value :  {
                ri!isActive
              }

            )
          ),
          if( 
            #"_a-0000e4b2-6487-8000-2b63-01ef9001ef90_3233095"(ri!createdBy),
            {},
            #"SYSTEM_SYSRULES_queryFilter"(
              field : "created_by",
              operator: "IN",
              value :  {
                ri!createdBy
              }

            )
          ),
          if( 
            #"_a-0000e4b2-6487-8000-2b63-01ef9001ef90_3233095"(ri!createdOn),
            {},
            #"SYSTEM_SYSRULES_queryFilter"(
              field : "created_on",
              operator: "IN",
              value :  {
                ri!createdOn
              }

            )
          ),
          if( 
            #"_a-0000e4b2-6487-8000-2b63-01ef9001ef90_3233095"(ri!modifiedBy),
            {},
            #"SYSTEM_SYSRULES_queryFilter"(
              field : "modified_by",
              operator: "IN",
              value :  {
                ri!modifiedBy
              }

            )
          ),
          if( 
            #"_a-0000e4b2-6487-8000-2b63-01ef9001ef90_3233095"(ri!modifiedOn),
            {},
            #"SYSTEM_SYSRULES_queryFilter"(
              field : "modified_on",
              operator: "IN",
              value :  {
                ri!modifiedOn
              }

            )
          ),
          if( 
            #"_a-0000e4b2-6487-8000-2b63-01ef9001ef90_3233095"(ri!filterValue),
            {},
            #"SYSTEM_SYSRULES_queryFilter"(
              field : "filter_operator",
              operator: "IN",
              value :  {
                ri!filterValue
              }

            )
          ),
          if( 
            #"_a-0000e4b2-6487-8000-2b63-01ef9001ef90_3233095"(ri!filterGeneration),
            {},
            #"SYSTEM_SYSRULES_queryFilter"(
              field : "filter_generation",
              operator: "IN",
              value :  {
                ri!filterGeneration
              }

            )
          ),
          if( 
            #"_a-0000e4b2-6487-8000-2b63-01ef9001ef90_3233095"(ri!filterValue),
            {},
            #"SYSTEM_SYSRULES_queryFilter"(
              field : "filter_value",
              operator: "IN",
              value :  {
                ri!filterValue
              }

            )
          )

        }
      )

    ) ,
    pagingInfo: if(
      #"_a-0000e4b2-6487-8000-2b63-01ef9001ef90_3233095"(ri!pagingInfo),
      #"SYSTEM_SYSRULES_pagingInfo"(
        startIndex : 1, 
        batchSize :-1        
      ),
      ri!pagingInfo

    )

  )

).data</definition>
        <namedTypedValue>
            <name>wfFixedCellsId</name>
            <type>
                <name>Integer?list</name>
                <namespace>http://www.appian.com/ae/types/2009</namespace>
            </type>
        </namedTypedValue>
        <namedTypedValue>
            <name>wfActionId</name>
            <type>
                <name>Integer?list</name>
                <namespace>http://www.appian.com/ae/types/2009</namespace>
            </type>
        </namedTypedValue>
        <namedTypedValue>
            <name>entityColumnName</name>
            <type>
                <name>Text?list</name>
                <namespace>http://www.appian.com/ae/types/2009</namespace>
            </type>
        </namedTypedValue>
        <namedTypedValue>
            <name>cellPosition</name>
            <type>
                <name>Text?list</name>
                <namespace>http://www.appian.com/ae/types/2009</namespace>
            </type>
        </namedTypedValue>
        <namedTypedValue>
            <name>startRowValue</name>
            <type>
                <name>Text?list</name>
                <namespace>http://www.appian.com/ae/types/2009</namespace>
            </type>
        </namedTypedValue>
        <namedTypedValue>
            <name>endRowValue</name>
            <type>
                <name>Text?list</name>
                <namespace>http://www.appian.com/ae/types/2009</namespace>
            </type>
        </namedTypedValue>
        <namedTypedValue>
            <name>isActive</name>
            <type>
                <name>Integer?list</name>
                <namespace>http://www.appian.com/ae/types/2009</namespace>
            </type>
        </namedTypedValue>
        <namedTypedValue>
            <name>createdBy</name>
            <type>
                <name>Text?list</name>
                <namespace>http://www.appian.com/ae/types/2009</namespace>
            </type>
        </namedTypedValue>
        <namedTypedValue>
            <name>createdOn</name>
            <type>
                <name>Datetime?list</name>
                <namespace>http://www.appian.com/ae/types/2009</namespace>
            </type>
        </namedTypedValue>
        <namedTypedValue>
            <name>modifiedBy</name>
            <type>
                <name>Text?list</name>
                <namespace>http://www.appian.com/ae/types/2009</namespace>
            </type>
        </namedTypedValue>
        <namedTypedValue>
            <name>modifiedOn</name>
            <type>
                <name>Datetime?list</name>
                <namespace>http://www.appian.com/ae/types/2009</namespace>
            </type>
        </namedTypedValue>
        <namedTypedValue>
            <name>pagingInfo</name>
            <type>
                <name>PagingInfo</name>
                <namespace>http://www.appian.com/ae/types/2009</namespace>
            </type>
        </namedTypedValue>
        <namedTypedValue>
            <name>filterOperator</name>
            <type>
                <name>Text?list</name>
                <namespace>http://www.appian.com/ae/types/2009</namespace>
            </type>
        </namedTypedValue>
        <namedTypedValue>
            <name>filterGeneration</name>
            <type>
                <name>Text?list</name>
                <namespace>http://www.appian.com/ae/types/2009</namespace>
            </type>
        </namedTypedValue>
        <namedTypedValue>
            <name>filterValue</name>
            <type>
                <name>Text?list</name>
                <namespace>http://www.appian.com/ae/types/2009</namespace>
            </type>
        </namedTypedValue>
        <preferredEditor>legacy</preferredEditor>
        <offlineEnabled>false</offlineEnabled>
    </rule>
    <roleMap public="true">
        <role inherit="true" allowForAll="false" name="readers">
            <users/>
            <groups/>
        </role>
        <role inherit="true" allowForAll="false" name="authors">
            <users/>
            <groups/>
        </role>
        <role inherit="true" allowForAll="false" name="administrators">
            <users/>
            <groups/>
        </role>
        <role inherit="false" allowForAll="false" name="denyReaders">
            <users/>
            <groups/>
        </role>
        <role inherit="false" allowForAll="false" name="denyAuthors">
            <users/>
            <groups/>
        </role>
        <role inherit="false" allowForAll="false" name="denyAdministrators">
            <users/>
            <groups/>
        </role>
    </roleMap>
    <typedValue>
        <type>
            <name>RuleTestConfig?list</name>
            <namespace>http://www.appian.com/ae/types/2009</namespace>
        </type>
        <value>
            <el>
                <a:name>Handles null or empty inputs</a:name>
                <a:ruleInputTestConfigs>
                    <a:value xmlns:xsi="http://www.w3.org/2001/XMLSchema-instance" xsi:type="a:Expression">{}</a:value>
                    <a:nameRef>wfFixedCellsId</a:nameRef>
                    <a:id>1</a:id>
                </a:ruleInputTestConfigs>
                <a:ruleInputTestConfigs>
                    <a:value xmlns:xsi="http://www.w3.org/2001/XMLSchema-instance" xsi:type="a:Expression">{}</a:value>
                    <a:nameRef>wfActionId</a:nameRef>
                    <a:id>2</a:id>
                </a:ruleInputTestConfigs>
                <a:ruleInputTestConfigs>
                    <a:value xmlns:xsi="http://www.w3.org/2001/XMLSchema-instance" xsi:type="a:Expression">{}</a:value>
                    <a:nameRef>entityColumnName</a:nameRef>
                    <a:id>3</a:id>
                </a:ruleInputTestConfigs>
                <a:ruleInputTestConfigs>
                    <a:value xmlns:xsi="http://www.w3.org/2001/XMLSchema-instance" xsi:type="a:Expression">{}</a:value>
                    <a:nameRef>cellPosition</a:nameRef>
                    <a:id>4</a:id>
                </a:ruleInputTestConfigs>
                <a:ruleInputTestConfigs>
                    <a:value xmlns:xsi="http://www.w3.org/2001/XMLSchema-instance" xsi:type="a:Expression">{}</a:value>
                    <a:nameRef>startRowValue</a:nameRef>
                    <a:id>5</a:id>
                </a:ruleInputTestConfigs>
                <a:ruleInputTestConfigs>
                    <a:value xmlns:xsi="http://www.w3.org/2001/XMLSchema-instance" xsi:type="a:Expression">{}</a:value>
                    <a:nameRef>endRowValue</a:nameRef>
                    <a:id>6</a:id>
                </a:ruleInputTestConfigs>
                <a:ruleInputTestConfigs>
                    <a:value xmlns:xsi="http://www.w3.org/2001/XMLSchema-instance" xsi:type="a:Expression">{}</a:value>
                    <a:nameRef>isActive</a:nameRef>
                    <a:id>7</a:id>
                </a:ruleInputTestConfigs>
                <a:ruleInputTestConfigs>
                    <a:value xmlns:xsi="http://www.w3.org/2001/XMLSchema-instance" xsi:type="a:Expression">{}</a:value>
                    <a:nameRef>createdBy</a:nameRef>
                    <a:id>8</a:id>
                </a:ruleInputTestConfigs>
                <a:ruleInputTestConfigs>
                    <a:value xmlns:xsi="http://www.w3.org/2001/XMLSchema-instance" xsi:type="a:Expression">{}</a:value>
                    <a:nameRef>createdOn</a:nameRef>
                    <a:id>9</a:id>
                </a:ruleInputTestConfigs>
                <a:ruleInputTestConfigs>
                    <a:value xmlns:xsi="http://www.w3.org/2001/XMLSchema-instance" xsi:type="a:Expression">{}</a:value>
                    <a:nameRef>modifiedBy</a:nameRef>
                    <a:id>10</a:id>
                </a:ruleInputTestConfigs>
                <a:ruleInputTestConfigs>
                    <a:value xmlns:xsi="http://www.w3.org/2001/XMLSchema-instance" xsi:type="a:Expression">{}</a:value>
                    <a:nameRef>modifiedOn</a:nameRef>
                    <a:id>11</a:id>
                </a:ruleInputTestConfigs>
                <a:ruleInputTestConfigs>
                    <a:value xmlns:xsi="http://www.w3.org/2001/XMLSchema-instance" xsi:type="a:Expression">null</a:value>
                    <a:nameRef>pagingInfo</a:nameRef>
                    <a:id>12</a:id>
                </a:ruleInputTestConfigs>
                <a:ruleInputTestConfigs>
                    <a:value xmlns:xsi="http://www.w3.org/2001/XMLSchema-instance" xsi:type="a:Expression">{}</a:value>
                    <a:nameRef>filterOperator</a:nameRef>
                    <a:id>13</a:id>
                </a:ruleInputTestConfigs>
                <a:ruleInputTestConfigs>
                    <a:value xmlns:xsi="http://www.w3.org/2001/XMLSchema-instance" xsi:type="a:Expression">{}</a:value>
                    <a:nameRef>filterGeneration</a:nameRef>
                    <a:id>14</a:id>
                </a:ruleInputTestConfigs>
                <a:ruleInputTestConfigs>
                    <a:value xmlns:xsi="http://www.w3.org/2001/XMLSchema-instance" xsi:type="a:Expression">{}</a:value>
                    <a:nameRef>filterValue</a:nameRef>
                    <a:id>15</a:id>
                </a:ruleInputTestConfigs>
                <a:assertions xmlns:xsi="http://www.w3.org/2001/XMLSchema-instance" xsi:nil="true"/>
                <a:isDefault>false</a:isDefault>
            </el>
            <el>
                <a:name>Queries with wfFixedCellsId filter</a:name>
                <a:ruleInputTestConfigs>
                    <a:value xmlns:xsi="http://www.w3.org/2001/XMLSchema-instance" xsi:type="a:Expression">{1,2}</a:value>
                    <a:nameRef>wfFixedCellsId</a:nameRef>
                    <a:id>1</a:id>
                </a:ruleInputTestConfigs>
                <a:ruleInputTestConfigs>
                    <a:value xmlns:xsi="http://www.w3.org/2001/XMLSchema-instance" xsi:type="a:Expression">null</a:value>
                    <a:nameRef>wfActionId</a:nameRef>
                    <a:id>2</a:id>
                </a:ruleInputTestConfigs>
                <a:ruleInputTestConfigs>
                    <a:value xmlns:xsi="http://www.w3.org/2001/XMLSchema-instance" xsi:type="a:Expression">null</a:value>
                    <a:nameRef>entityColumnName</a:nameRef>
                    <a:id>3</a:id>
                </a:ruleInputTestConfigs>
                <a:ruleInputTestConfigs>
                    <a:value xmlns:xsi="http://www.w3.org/2001/XMLSchema-instance" xsi:type="a:Expression">null</a:value>
                    <a:nameRef>cellPosition</a:nameRef>
                    <a:id>4</a:id>
                </a:ruleInputTestConfigs>
                <a:ruleInputTestConfigs>
                    <a:value xmlns:xsi="http://www.w3.org/2001/XMLSchema-instance" xsi:type="a:Expression">null</a:value>
                    <a:nameRef>startRowValue</a:nameRef>
                    <a:id>5</a:id>
                </a:ruleInputTestConfigs>
                <a:ruleInputTestConfigs>
                    <a:value xmlns:xsi="http://www.w3.org/2001/XMLSchema-instance" xsi:type="a:Expression">null</a:value>
                    <a:nameRef>endRowValue</a:nameRef>
                    <a:id>6</a:id>
                </a:ruleInputTestConfigs>
                <a:ruleInputTestConfigs>
                    <a:value xmlns:xsi="http://www.w3.org/2001/XMLSchema-instance" xsi:type="a:Expression">null</a:value>
                    <a:nameRef>isActive</a:nameRef>
                    <a:id>7</a:id>
                </a:ruleInputTestConfigs>
                <a:ruleInputTestConfigs>
                    <a:value xmlns:xsi="http://www.w3.org/2001/XMLSchema-instance" xsi:type="a:Expression">null</a:value>
                    <a:nameRef>createdBy</a:nameRef>
                    <a:id>8</a:id>
                </a:ruleInputTestConfigs>
                <a:ruleInputTestConfigs>
                    <a:value xmlns:xsi="http://www.w3.org/2001/XMLSchema-instance" xsi:type="a:Expression">null</a:value>
                    <a:nameRef>createdOn</a:nameRef>
                    <a:id>9</a:id>
                </a:ruleInputTestConfigs>
                <a:ruleInputTestConfigs>
                    <a:value xmlns:xsi="http://www.w3.org/2001/XMLSchema-instance" xsi:type="a:Expression">null</a:value>
                    <a:nameRef>modifiedBy</a:nameRef>
                    <a:id>10</a:id>
                </a:ruleInputTestConfigs>
                <a:ruleInputTestConfigs>
                    <a:value xmlns:xsi="http://www.w3.org/2001/XMLSchema-instance" xsi:type="a:Expression">null</a:value>
                    <a:nameRef>modifiedOn</a:nameRef>
                    <a:id>11</a:id>
                </a:ruleInputTestConfigs>
                <a:ruleInputTestConfigs>
                    <a:value xmlns:xsi="http://www.w3.org/2001/XMLSchema-instance" xsi:type="a:Expression">#"SYSTEM_SYSRULES_pagingInfo"(startIndex: 1, batchSize: 10)</a:value>
                    <a:nameRef>pagingInfo</a:nameRef>
                    <a:id>12</a:id>
                </a:ruleInputTestConfigs>
                <a:ruleInputTestConfigs>
                    <a:value xmlns:xsi="http://www.w3.org/2001/XMLSchema-instance" xsi:type="a:Expression">null</a:value>
                    <a:nameRef>filterOperator</a:nameRef>
                    <a:id>13</a:id>
                </a:ruleInputTestConfigs>
                <a:ruleInputTestConfigs>
                    <a:value xmlns:xsi="http://www.w3.org/2001/XMLSchema-instance" xsi:type="a:Expression">null</a:value>
                    <a:nameRef>filterGeneration</a:nameRef>
                    <a:id>14</a:id>
                </a:ruleInputTestConfigs>
                <a:ruleInputTestConfigs>
                    <a:value xmlns:xsi="http://www.w3.org/2001/XMLSchema-instance" xsi:type="a:Expression">null</a:value>
                    <a:nameRef>filterValue</a:nameRef>
                    <a:id>15</a:id>
                </a:ruleInputTestConfigs>
                <a:assertions xmlns:xsi="http://www.w3.org/2001/XMLSchema-instance" xsi:nil="true"/>
                <a:isDefault>false</a:isDefault>
            </el>
        </value>
    </typedValue>
    <history>
        <historyInfo versionUuid="_a-0000e4e9-ef8d-8000-5259-1bef901bef90_383514"/>
        <historyInfo versionUuid="_a-0000ed9a-d049-8000-9c18-011c48011c48_10186849"/>
    </history>
</contentHaul>
