<?xml version="1.0" encoding="UTF-8" standalone="yes"?>
<contentHaul xmlns:a="http://www.appian.com/ae/types/2009">
    <versionUuid>_a-0000e56b-0831-8000-5261-1bef901bef90_630563</versionUuid>
    <constant>
        <name>EAP_DE_MILESTONE_STEP_TRANS</name>
        <uuid>_a-0000e56b-0831-8000-5261-1bef901bef90_627549</uuid>
        <description>Holds DE for EAP_MILESTONE_STEP_TRANS</description>
        <parentUuid>_a-0000e4c3-7a1b-8000-524f-1bef901bef90_6586</parentUuid>
        <visibility>
            <advertise>false</advertise>
            <hierarchy>true</hierarchy>
            <indexable>true</indexable>
            <quota>false</quota>
            <searchable>true</searchable>
            <system>false</system>
            <unlogged>false</unlogged>
        </visibility>
        <typedValue>
            <type>
                <name>DataStoreEntity</name>
                <namespace>http://www.appian.com/ae/types/2009</namespace>
            </type>
            <value a:id="095b4f01-0b2b-4ff9-b44f-8aaa8c955f8b@_a-0000e4c3-ab68-8000-5250-1bef901bef90_7357"/>
        </typedValue>
        <isEnvironmentSpecific>false</isEnvironmentSpecific>
    </constant>
    <roleMap public="true">
        <role inherit="true" allowForAll="false" name="readers">
            <users/>
            <groups/>
        </role>
        <role inherit="true" allowForAll="false" name="authors">
            <users/>
            <groups/>
        </role>
        <role inherit="true" allowForAll="false" name="administrators">
            <users/>
            <groups/>
        </role>
        <role inherit="false" allowForAll="false" name="denyReaders">
            <users/>
            <groups/>
        </role>
        <role inherit="false" allowForAll="false" name="denyAuthors">
            <users/>
            <groups/>
        </role>
        <role inherit="false" allowForAll="false" name="denyAdministrators">
            <users/>
            <groups/>
        </role>
    </roleMap>
    <history>
        <historyInfo versionUuid="_a-0000e56b-0831-8000-5261-1bef901bef90_627553"/>
        <historyInfo versionUuid="_a-0000e56b-0831-8000-5261-1bef901bef90_630563"/>
    </history>
</contentHaul>
