<?xml version="1.0" encoding="UTF-8" standalone="yes"?>
<contentHaul xmlns:a="http://www.appian.com/ae/types/2009">
    <versionUuid>_a-0000e60e-dc30-8000-526b-1bef901bef90_776083</versionUuid>
    <constant>
        <name>EAP_CATEGORY_GROUP_DYNAMIC_PARSING_CONFIG</name>
        <uuid>_a-0000e54c-ce50-8000-5260-1bef901bef90_569753</uuid>
        <description>1. DYNAMIC_END_ROW |
2. DYNAMIC_PARSER_CONFIGURATION |
3. DYNAMIC_START_ROW |
4. HEADER_VALIDATION |</description>
        <parentUuid>_a-0000e4c3-7a1b-8000-524f-1bef901bef90_6586</parentUuid>
        <visibility>
            <advertise>false</advertise>
            <hierarchy>true</hierarchy>
            <indexable>true</indexable>
            <quota>false</quota>
            <searchable>true</searchable>
            <system>false</system>
            <unlogged>false</unlogged>
        </visibility>
        <typedValue>
            <type>
                <name>Text?list</name>
                <namespace>http://www.appian.com/ae/types/2009</namespace>
            </type>
            <value>
                <el>DYNAMIC_END_ROW</el>
                <el>DYNAMIC_PARSER_CONFIGURATION</el>
                <el>DYNAMIC_START_ROW</el>
                <el>HEADER_VALIDATION</el>
            </value>
        </typedValue>
        <isEnvironmentSpecific>false</isEnvironmentSpecific>
    </constant>
    <roleMap public="true">
        <role inherit="true" allowForAll="false" name="readers">
            <users/>
            <groups/>
        </role>
        <role inherit="true" allowForAll="false" name="authors">
            <users/>
            <groups/>
        </role>
        <role inherit="true" allowForAll="false" name="administrators">
            <users/>
            <groups/>
        </role>
        <role inherit="false" allowForAll="false" name="denyReaders">
            <users/>
            <groups/>
        </role>
        <role inherit="false" allowForAll="false" name="denyAuthors">
            <users/>
            <groups/>
        </role>
        <role inherit="false" allowForAll="false" name="denyAdministrators">
            <users/>
            <groups/>
        </role>
    </roleMap>
    <history>
        <historyInfo versionUuid="_a-0000e54c-ce50-8000-5260-1bef901bef90_569757"/>
        <historyInfo versionUuid="_a-0000e60e-dc30-8000-526b-1bef901bef90_776083"/>
    </history>
</contentHaul>
