<?xml version="1.0" encoding="UTF-8" standalone="yes"?>
<contentHaul xmlns:a="http://www.appian.com/ae/types/2009">
    <versionUuid>_a-0000e520-265e-8000-d90f-a7ef90a7ef90_2766555</versionUuid>
    <constant>
        <name>EAP_REMOVE_SPECIAL_CHARACTERS</name>
        <uuid>_a-0000e4e9-ef8d-8000-5259-1bef901bef90_313931</uuid>
        <description>Hold all the special char</description>
        <parentUuid>_a-0000e4c3-7a1b-8000-524f-1bef901bef90_6586</parentUuid>
        <visibility>
            <advertise>false</advertise>
            <hierarchy>true</hierarchy>
            <indexable>true</indexable>
            <quota>false</quota>
            <searchable>true</searchable>
            <system>false</system>
            <unlogged>false</unlogged>
        </visibility>
        <typedValue>
            <type>
                <name>string</name>
                <namespace>http://www.w3.org/2001/XMLSchema</namespace>
            </type>
            <value>` ~ ! # $ ^ &amp; * ( ) ; | @ - + { } [ ] " ' : = &lt; &gt;  ? \ / . ,%</value>
        </typedValue>
        <isEnvironmentSpecific>false</isEnvironmentSpecific>
    </constant>
    <roleMap public="true">
        <role inherit="true" allowForAll="false" name="readers">
            <users/>
            <groups/>
        </role>
        <role inherit="true" allowForAll="false" name="authors">
            <users/>
            <groups/>
        </role>
        <role inherit="true" allowForAll="false" name="administrators">
            <users/>
            <groups/>
        </role>
        <role inherit="false" allowForAll="false" name="denyReaders">
            <users/>
            <groups/>
        </role>
        <role inherit="false" allowForAll="false" name="denyAuthors">
            <users/>
            <groups/>
        </role>
        <role inherit="false" allowForAll="false" name="denyAdministrators">
            <users/>
            <groups/>
        </role>
    </roleMap>
    <history>
        <historyInfo versionUuid="_a-0000e4e9-ef8d-8000-5259-1bef901bef90_313935"/>
        <historyInfo versionUuid="_a-0000e4e9-ef8d-8000-5259-1bef901bef90_376851"/>
        <historyInfo versionUuid="_a-0000e520-265e-8000-d90f-a7ef90a7ef90_2766555"/>
    </history>
</contentHaul>
