<?xml version="1.0" encoding="UTF-8" standalone="yes"?>
<contentHaul xmlns:a="http://www.appian.com/ae/types/2009">
    <versionUuid>_a-0000ed9a-d049-8000-9c18-011c48011c48_10192179</versionUuid>
    <rule>
        <name>EAP_queryAnalyticsForNextTime</name>
        <uuid>_a-0000e4e9-ef8d-8000-5259-1bef901bef90_312946</uuid>
        <description>Fetching  data from EAP Next Trigger Time Process report</description>
        <parentUuid>_a-0000e4c3-7a1b-8000-524f-1bef901bef90_6574</parentUuid>
        <visibility>
            <advertise>false</advertise>
            <hierarchy>true</hierarchy>
            <indexable>true</indexable>
            <quota>false</quota>
            <searchable>true</searchable>
            <system>false</system>
            <unlogged>false</unlogged>
        </visibility>
        <definition>a!addDateTime(
  startDateTime: 
    todatetime(index(
    index(
      a!queryProcessAnalytics(
        report:#"_a-0000e4e9-ef8d-8000-5259-1bef901bef90_313615",
        contextProcessModels:#"_a-0000e4e9-ef8d-8000-5259-1bef901bef90_314078"[1],
        query:#"SYSTEM_SYSRULES_query"(
          pagingInfo :#"SYSTEM_SYSRULES_pagingInfo"(
            startIndex: 1,
            batchSize: -1,
            sort :#"SYSTEM_SYSRULES_sortInfo"(
              field:  "c2",
              ascending :false()
            )

          )
        )
      ).data,
      1,
      {}
    ),
    "c2",
    {}
  )),
  minutes: tointeger(#"_a-0000e4cd-1af4-8000-5255-1bef901bef90_198179")
)

 
 
 
 
 </definition>
        <preferredEditor>legacy</preferredEditor>
        <offlineEnabled>false</offlineEnabled>
    </rule>
    <roleMap public="true">
        <role inherit="true" allowForAll="false" name="readers">
            <users/>
            <groups/>
        </role>
        <role inherit="true" allowForAll="false" name="authors">
            <users/>
            <groups/>
        </role>
        <role inherit="true" allowForAll="false" name="administrators">
            <users/>
            <groups/>
        </role>
        <role inherit="false" allowForAll="false" name="denyReaders">
            <users/>
            <groups/>
        </role>
        <role inherit="false" allowForAll="false" name="denyAuthors">
            <users/>
            <groups/>
        </role>
        <role inherit="false" allowForAll="false" name="denyAdministrators">
            <users/>
            <groups/>
        </role>
    </roleMap>
    <typedValue>
        <type>
            <name>RuleTestConfig?list</name>
            <namespace>http://www.appian.com/ae/types/2009</namespace>
        </type>
        <value>
            <el>
                <a:name>No errors for empty rule inputs</a:name>
                <a:assertions xmlns:xsi="http://www.w3.org/2001/XMLSchema-instance" xsi:nil="true"/>
                <a:isDefault>false</a:isDefault>
            </el>
            <el>
                <a:name>Handles non-empty next trigger time data</a:name>
                <a:assertions>
                    <a:expectedOutput xmlns:xsi="http://www.w3.org/2001/XMLSchema-instance" xsi:nil="true"/>
                    <a:resultAssertions>not(isnull(test!output))</a:resultAssertions>
                </a:assertions>
                <a:isDefault>false</a:isDefault>
            </el>
        </value>
    </typedValue>
    <history>
        <historyInfo versionUuid="_a-0000e4e9-ef8d-8000-5259-1bef901bef90_316231"/>
        <historyInfo versionUuid="_a-0000e9e9-0626-8000-9bb3-011c48011c48_33720"/>
        <historyInfo versionUuid="_a-0000ed9a-d049-8000-9c18-011c48011c48_10192179"/>
    </history>
</contentHaul>
