<?xml version="1.0" encoding="UTF-8" standalone="yes"?>
<contentHaul xmlns:a="http://www.appian.com/ae/types/2009">
    <versionUuid>_a-0000ed9a-d049-8000-9c18-011c48011c48_10186758</versionUuid>
    <rule>
        <name>EAP_processCustomRuntimeConfigGridRowLayout</name>
        <uuid>_a-0000e5c3-a65f-8000-5268-1bef901bef90_763597</uuid>
        <description>Holds gridRowLayout for Process Custom Runtime Config Editable grid</description>
        <parentUuid>_a-0000e4c3-7a1b-8000-524f-1bef901bef90_6574</parentUuid>
        <visibility>
            <advertise>false</advertise>
            <hierarchy>true</hierarchy>
            <indexable>true</indexable>
            <quota>false</quota>
            <searchable>true</searchable>
            <system>false</system>
            <unlogged>false</unlogged>
        </visibility>
        <definition>#"SYSTEM_SYSRULES_gridRowLayout"(
  contents: {
    /*Runtime key*/
   #"_a-0000e4e9-ef8d-8000-5259-1bef901bef90_285963"(
      disabled: if(
        or(
          ri!isReadOnly = true()
        ),
        true(),
        false()
      ),   
      value: index(
        ri!customRuntimeConfig[ri!index],
        "custom_rt_key",
        {}
      ),
      saveInto: ri!customRuntimeConfig[ri!index].custom_rt_key,
      required: if(
        or(
          ri!isReadOnly = true()
        ),
        false(),
        true()
      )
    ),
    /*Is Custom Process*/
    if(
      ri!isReadOnly,
      #"SYSTEM_SYSRULES_imageField_v1"(
        images: {
          #"SYSTEM_SYSRULES_documentImage"(
            document: #"SYSTEM_SYSRULES_iconIndicator"(
              icon: if(
                contains(
                  toboolean(
                    index(
                      ri!customRuntimeConfig[ri!index],
                      "is_custom_process",
                      {}
                    )
                  ),
                  true()
                ),
                "STATUS_OK",
                "STATUS_NOTDONE"
              )
            )
          )
        },
        align: "CENTER"
      ),
      #"SYSTEM_SYSRULES_richTextDisplayField"(
        value: if(
          or(
            tointeger(
              index(
                ri!customRuntimeConfig[ri!index],
                "is_custom_process",
                {}
              )
            ) = 1
          ),
          #"SYSTEM_SYSRULES_richTextIcon"(
            icon: "toggle-on",
            caption: "Yes",
            linkStyle: "STANDALONE",
            link: #"SYSTEM_SYSRULES_dynamicLink"(
              saveInto: {
                a!save(
                  ri!customRuntimeConfig[ri!index].is_custom_process,
                  0
                )
              },
              showWhen: not(
                ri!isReadOnly
              )
            ),
            size: "MEDIUM_PLUS"
          ),
          #"SYSTEM_SYSRULES_richTextIcon"(
            icon: "toggle-off",
            caption: "No",
            linkStyle: "STANDALONE",
            link: #"SYSTEM_SYSRULES_dynamicLink"(
              saveInto: {
                a!save(
                  ri!customRuntimeConfig[ri!index].is_custom_process,
                  1
                ),
                a!save(
                  ri!customRuntimeConfig[ri!index].expression_name,
                  null
                )
              },
              showWhen: not(
                ri!isReadOnly
              )
            ),
            size: "MEDIUM_PLUS"
          )
        ),
        align: "CENTER"
      )
    ),
    /*Expression Name*/
    #"_a-0000e4e9-ef8d-8000-5259-1bef901bef90_285963"(
      disabled: if(
        or(
          ri!isReadOnly = true(),
          index(
            ri!customRuntimeConfig[ri!index],
            "is_custom_process",
            {}
          )
        ),
        true(),
        false()
      ),   
      value: index(
        ri!customRuntimeConfig[ri!index],
        "expression_name",
        {}
      ),
      saveInto: ri!customRuntimeConfig[ri!index].expression_name,
      required: if(
        or(
          ri!isReadOnly = true(),
          index(
            ri!customRuntimeConfig[ri!index],
            "is_custom_process",
            {}
          )
        ),
        false(),
        true()
      )
    ),
    /*Is Active*/
    if(
      ri!isReadOnly,
      #"SYSTEM_SYSRULES_imageField_v1"(
        images: {
          #"SYSTEM_SYSRULES_documentImage"(
            document: #"SYSTEM_SYSRULES_iconIndicator"(
              icon: if(
                contains(
                  toboolean(
                    index(
                      ri!customRuntimeConfig[ri!index],
                      "is_active",
                      {}
                    )
                  ),
                  true()
                ),
                "STATUS_OK",
                "STATUS_NOTDONE"
              )
            )
          )
        },
        align: "CENTER"
      ),
      #"SYSTEM_SYSRULES_richTextDisplayField"(
        value: if(
          or(
            tointeger(
              index(
                ri!customRuntimeConfig[ri!index],
                "is_active",
                {}
              )
            ) = 1
          ),
          #"SYSTEM_SYSRULES_richTextIcon"(
            icon: "toggle-on",
            caption: "Yes",
            linkStyle: "STANDALONE",
            link: #"SYSTEM_SYSRULES_dynamicLink"(
              saveInto: {
                a!save(
                  ri!customRuntimeConfig[ri!index].is_active,
                  0
                )
              },
              showWhen: not(
                ri!isReadOnly
              )
            ),
            size: "MEDIUM_PLUS"
          ),
          #"SYSTEM_SYSRULES_richTextIcon"(
            icon: "toggle-off",
            caption: "No",
            linkStyle: "STANDALONE",
            link: #"SYSTEM_SYSRULES_dynamicLink"(
              saveInto: {
                a!save(
                  ri!customRuntimeConfig[ri!index].is_active,
                  1
                )
              },
              showWhen: not(
                ri!isReadOnly
              )
            ),
            size: "MEDIUM_PLUS"
          )
        ),
        align: "CENTER"
      )
    ),
    /*Delete*/
    if(
      ri!isReadOnly,
      {},
      if(
        #"_a-0000e4b2-6487-8000-2b63-01ef9001ef90_3251951"(
          ri!customRuntimeConfig.[ri!index].custom_rt_config_id
        ),
        #"SYSTEM_SYSRULES_imageField_v1"(
          label: "",
          images: #"SYSTEM_SYSRULES_documentImage"(
            document: #"SYSTEM_SYSRULES_iconIndicator"(
              "REMOVE"
            ),
            link: #"SYSTEM_SYSRULES_dynamicLink"(
              saveInto: {
                a!save(
                  ri!customRuntimeConfig,
                  remove(
                    ri!customRuntimeConfig,
                    ri!index
                  )
                )
              }
            )
          )
        ),
       #"_a-0000e4e9-ef8d-8000-5259-1bef901bef90_285963"(
          readOnly: true()
        )
      )
    )
  }
)</definition>
        <namedTypedValue>
            <name>index</name>
            <type>
                <name>int</name>
                <namespace>http://www.w3.org/2001/XMLSchema</namespace>
            </type>
        </namedTypedValue>
        <namedTypedValue>
            <name>customRuntimeConfig</name>
            <type>
                <name>Variant</name>
                <namespace>http://www.appian.com/ae/types/2009</namespace>
            </type>
        </namedTypedValue>
        <namedTypedValue>
            <name>isReadOnly</name>
            <type>
                <name>boolean</name>
                <namespace>http://www.w3.org/2001/XMLSchema</namespace>
            </type>
        </namedTypedValue>
        <preferredEditor>legacy</preferredEditor>
        <offlineEnabled>false</offlineEnabled>
    </rule>
    <roleMap public="true">
        <role inherit="true" allowForAll="false" name="readers">
            <users/>
            <groups/>
        </role>
        <role inherit="true" allowForAll="false" name="authors">
            <users/>
            <groups/>
        </role>
        <role inherit="true" allowForAll="false" name="administrators">
            <users/>
            <groups/>
        </role>
        <role inherit="false" allowForAll="false" name="denyReaders">
            <users/>
            <groups/>
        </role>
        <role inherit="false" allowForAll="false" name="denyAuthors">
            <users/>
            <groups/>
        </role>
        <role inherit="false" allowForAll="false" name="denyAdministrators">
            <users/>
            <groups/>
        </role>
    </roleMap>
    <typedValue>
        <type>
            <name>RuleTestConfig?list</name>
            <namespace>http://www.appian.com/ae/types/2009</namespace>
        </type>
        <value>
            <el>
                <a:name>Test null or empty customRuntimeConfig</a:name>
                <a:ruleInputTestConfigs>
                    <a:value xmlns:xsi="http://www.w3.org/2001/XMLSchema-instance" xsi:type="a:Expression">1</a:value>
                    <a:nameRef>index</a:nameRef>
                    <a:id>1</a:id>
                </a:ruleInputTestConfigs>
                <a:ruleInputTestConfigs>
                    <a:value xmlns:xsi="http://www.w3.org/2001/XMLSchema-instance" xsi:type="a:Expression">null</a:value>
                    <a:nameRef>customRuntimeConfig</a:nameRef>
                    <a:id>2</a:id>
                </a:ruleInputTestConfigs>
                <a:ruleInputTestConfigs>
                    <a:value xmlns:xsi="http://www.w3.org/2001/XMLSchema-instance" xsi:type="a:Expression">false</a:value>
                    <a:nameRef>isReadOnly</a:nameRef>
                    <a:id>3</a:id>
                </a:ruleInputTestConfigs>
                <a:assertions xmlns:xsi="http://www.w3.org/2001/XMLSchema-instance" xsi:nil="true"/>
                <a:isDefault>false</a:isDefault>
            </el>
        </value>
    </typedValue>
    <history>
        <historyInfo versionUuid="_a-0000e5c3-a65f-8000-5268-1bef901bef90_769401"/>
        <historyInfo versionUuid="_a-0000ed9a-d049-8000-9c18-011c48011c48_10186758"/>
    </history>
</contentHaul>
