<?xml version="1.0" encoding="UTF-8" standalone="yes"?>
<contentHaul xmlns:a="http://www.appian.com/ae/types/2009">
    <versionUuid>_a-0000ed9a-d049-8000-9c18-011c48011c48_10177974</versionUuid>
    <rule>
        <name>EAP_allProcessUsersGridRowLayout</name>
        <uuid>_a-0000e54c-ce50-8000-5260-1bef901bef90_605184</uuid>
        <description>holds the rule to create editable grid for process users</description>
        <parentUuid>_a-0000e4c3-7a1b-8000-524f-1bef901bef90_6574</parentUuid>
        <visibility>
            <advertise>false</advertise>
            <hierarchy>true</hierarchy>
            <indexable>true</indexable>
            <quota>false</quota>
            <searchable>true</searchable>
            <system>false</system>
            <unlogged>false</unlogged>
        </visibility>
        <definition>a!localVariables(
  
  #"SYSTEM_SYSRULES_gridRowLayout"(
  contents: {
   
    if(
      or(
        toboolean(
          ri!isReadOnly
        ) = true()
      ),
      #"SYSTEM_SYSRULES_richTextDisplayField"(
        value: if(
          or(
            #"_a-0000e4b2-6487-8000-2b63-01ef9001ef90_3233095"(
              index(
                ri!refProcessUsers[ri!index],
                "userSoeId",
                null
              )
            ),
            not(
              #"_a-0000e58b-f438-8000-5262-1bef901bef90_722585"(
                index(
                  ri!refProcessUsers[ri!index],
                  "userSoeId",
                  null
                )
              )
            )
          ),
          null,
          #"SYSTEM_SYSRULES_richTextItem_v1"(
            text: concat(
              user(
                index(
                  ri!refProcessUsers[ri!index],
                  "userSoeId",
                  null
                ),
                "firstName"
              ),
              " ",
              user(
                index(
                  ri!refProcessUsers[ri!index],
                  "userSoeId",
                  null
                ),
                "lastName"
              )
            )
          )
        )
      ),
      #"SYSTEM_SYSRULES_pickerFieldUsers"(
        label: "User Soe Id",
        required: true(),
        placeholder: "--enter user soeId--",
        value: if(
          or(
            #"_a-0000e4b2-6487-8000-2b63-01ef9001ef90_3233095"(
              index(
                ri!refProcessUsers[ri!index],
                "userSoeId",
                null
              )
            ),
            not(
              #"_a-0000e58b-f438-8000-5262-1bef901bef90_722585"(
                index(
                  ri!refProcessUsers[ri!index],
                  "userSoeId",
                  null
                )
              )
            )
          ),
          null,
          index(
            ri!refProcessUsers[ri!index],
            "userSoeId",
            null
          )
        ),
        saveInto: {

          a!save(
            ri!refProcessUsers[ri!index].userSoeId,save!value
          )

          ,
          a!save(
            ri!refProcessUsers[ri!index].isPrimaryMaker,
            if(
              or(
                #"_a-0000e4b2-6487-8000-2b63-01ef9001ef90_3233095"(
                  ri!refProcessUsers[ri!index].userSoeId
                ),
                #"_a-0000e4b2-6487-8000-2b63-01ef9001ef90_3233095"(
                  index(
                    ri!refProcessGroup,
                    "maker_group",
                    {}
                  )
                )
              ),
              0,
              if(
                #"urn:appian:function:v1:fn:isusermemberofgroup?okey=isusermemberofgroup"(
                  index(
                    ri!refProcessUsers[ri!index],
                    "userSoeId",
                    {}
                  ),
                  #"_a-0000e4e8-bfcb-8000-5258-1bef901bef90_256415"(
                    inputUUID: index(
                      ri!refProcessGroup,
                      "maker_group",
                      {}
                    )
                  )
                ),
                1,
                0
              )
            )
          ),
          a!save(
            ri!refProcessUsers[ri!index].isSecondaryMaker,
            if(
              or(
                #"_a-0000e4b2-6487-8000-2b63-01ef9001ef90_3233095"(
                  ri!refProcessUsers[ri!index].userSoeId
                ),
                #"_a-0000e4b2-6487-8000-2b63-01ef9001ef90_3233095"(
                  index(
                    ri!refProcessGroup,
                    "maker_group",
                    {}
                  )
                )
              ),
              0,
              if(
                #"urn:appian:function:v1:fn:isusermemberofgroup?okey=isusermemberofgroup"(
                  index(
                    ri!refProcessUsers[ri!index],
                    "userSoeId",
                    {}
                  ),
                  #"_a-0000e4e8-bfcb-8000-5258-1bef901bef90_256415"(
                    inputUUID: index(
                      ri!refProcessGroup,
                      "maker_group",
                      {}
                    )
                  )
                ),
                1,
                0
              )
            )
          ),
          a!save(
            ri!refProcessUsers[ri!index].isPrimaryChecker,
            if(
              or(
                #"_a-0000e4b2-6487-8000-2b63-01ef9001ef90_3233095"(
                  ri!refProcessUsers[ri!index].userSoeId
                ),
                #"_a-0000e4b2-6487-8000-2b63-01ef9001ef90_3233095"(
                  index(
                    ri!refProcessGroup,
                    "checker_group",
                    {}
                  )
                )
              ),
              0,
              if(
                #"urn:appian:function:v1:fn:isusermemberofgroup?okey=isusermemberofgroup"(
                  index(
                    ri!refProcessUsers[ri!index],
                    "userSoeId",
                    {}
                  ),
                  #"_a-0000e4e8-bfcb-8000-5258-1bef901bef90_256415"(
                    inputUUID: index(
                      ri!refProcessGroup,
                      "checker_group",
                      {}
                    )
                  )
                ),
                1,
                0
              )
            )
          ),
          a!save(
            ri!refProcessUsers[ri!index].isSecondaryChecker,
            if(
              or(
                #"_a-0000e4b2-6487-8000-2b63-01ef9001ef90_3233095"(
                  ri!refProcessUsers[ri!index].userSoeId
                ),
                #"_a-0000e4b2-6487-8000-2b63-01ef9001ef90_3233095"(
                  index(
                    ri!refProcessGroup,
                    "checker_group",
                    {}
                  )
                )
              ),
              0,
              if(
                #"urn:appian:function:v1:fn:isusermemberofgroup?okey=isusermemberofgroup"(
                  index(
                    ri!refProcessUsers[ri!index],
                    "userSoeId",
                    {}
                  ),
                  #"_a-0000e4e8-bfcb-8000-5258-1bef901bef90_256415"(
                    inputUUID: index(
                      ri!refProcessGroup,
                      "checker_group",
                      {}
                    )
                  )
                ),
                1,
                0
              )
            )
          ),
          a!save(
            ri!refProcessUsers[ri!index].isDoa,
            if(
              or(
                #"_a-0000e4b2-6487-8000-2b63-01ef9001ef90_3233095"(
                  ri!refProcessUsers[ri!index].userSoeId
                ),
                #"_a-0000e4b2-6487-8000-2b63-01ef9001ef90_3233095"(
                  index(
                    ri!refProcessGroup,
                    "checker_group",
                    {}
                  )
                ),
                #"_a-0000e4b2-6487-8000-2b63-01ef9001ef90_3233095"(
                  index(
                    ri!refProcessGroup,
                    "maker_group"
                  )
                )
              ),
              0,
              if(
                or(#"urn:appian:function:v1:fn:isusermemberofgroup?okey=isusermemberofgroup"(
                  index(
                    ri!refProcessUsers[ri!index],
                    "userSoeId",
                    {}
                  ),
                  #"_a-0000e4e8-bfcb-8000-5258-1bef901bef90_256415"(
                    inputUUID: index(
                      ri!refProcessGroup,
                      "checker_group",
                      {}
                    )
                  )
                ),
                #"urn:appian:function:v1:fn:isusermemberofgroup?okey=isusermemberofgroup"(
                  index(
                    ri!refProcessUsers[ri!index],
                    "userSoeId",
                    {}
                  ),
                  #"_a-0000e4e8-bfcb-8000-5258-1bef901bef90_256415"(
                    inputUUID: index(
                      ri!refProcessGroup,
                      "maker_group",
                      {}
                    )
                  )
                )),
                1,
                0
              )
            )
          ),
          /*a!save(*/
            /*ri!refProcessUsers[ri!index].isPowerUser,*/
            /*if(*/
              /*or(*/
                /*rule!EAP_Utils_CheckIsNull(*/
                  /*ri!refProcessUsers[ri!index].userSoeId*/
                /*),*/
                /*rule!EAP_Utils_CheckIsNull(*/
                  /*index(*/
                    /*ri!refProcessGroup,*/
                    /*"checker_group",*/
                    /*{}*/
                  /*)*/
                /*)*/
              /*),*/
              /*0,*/
              /*if(*/
                /*isusermemberofgroup(*/
                  /*index(*/
                    /*ri!refProcessUsers[ri!index],*/
                    /*"userSoeId",*/
                    /*{}*/
                  /*),*/
                  /*rule!EAP_Utils_GetGroupNameByUUID(*/
                    /*inputUUID: index(*/
                      /*ri!refProcessGroup,*/
                      /*"checker_group",*/
                      /*{}*/
                    /*)*/
                  /*)*/
                /*),*/
                /*1,*/
                /*0*/
              /*)*/
            /*)*/
          /*),*/
          a!save(
            ri!refProcessUsers.updatedBy,
            loggedInUser()
          ),
          a!save(
            ri!refProcessUsers.updatedOn,
            now()
          ),
          a!save(ri!buttonAction,null)
        },
        /*readOnly: ri!isReadOnly,*/
        maxSelections: 1,
        validations: if(
          count(wherecontains(index(ri!refProcessUsers[ri!Index],"userSoeId",null),
          index(ri!refProcessUsers,"userSoeId",null)
          ))&gt;1,
          "Duplicate Users Found",
          {}
        )
      )
      
    ),
    if(
      #"_a-0000e58b-f438-8000-5262-1bef901bef90_722585"(index(
        ri!refProcessUsers[ri!index],
        "userSoeId",
        {}
      )),
      if(
        or(
          toboolean(
            ri!isReadOnly
          ) = true()
        ),
        #"SYSTEM_SYSRULES_imageField_v1"(
          images: {
            #"SYSTEM_SYSRULES_documentImage"(
              document: #"SYSTEM_SYSRULES_iconIndicator"(
                icon: if(
                  or(
                    tointeger(
                      index(
                        ri!refProcessUsers[ri!index],
                        "isPrimaryMaker",
                        {}
                      )
                    ) = 1
                  ),
                  "STATUS_OK",
                  "STATUS_NOTDONE"
                )
              ),
              caption: if(
                or(
                  tointeger(
                    index(
                      ri!refProcessUsers[ri!index],
                      "isPrimaryMaker",
                      {}
                    )
                  ) = 1
                ),
                "Yes",
                "No"
              )
            )
          }
        ),
        #"SYSTEM_SYSRULES_richTextDisplayField"(
          align: "CENTER",
          value: {
            if(
              or(
                tointeger(
                  index(
                    ri!refProcessUsers[ri!index],
                    "isPrimaryMaker",
                    {}
                  )
                ) = 1
              ),
              #"SYSTEM_SYSRULES_richTextIcon"(
                icon: "toggle-on",
                caption: "Yes",
                linkStyle: "STANDALONE",
                link: #"SYSTEM_SYSRULES_dynamicLink"(
                  value: 0,
                  saveInto: {
                    a!save(
                      ri!refProcessUsers[ri!index].isPrimaryMaker,
                      0
                    ),
                    a!save(
                      ri!refProcessUsers.updatedBy,
                      loggedInUser()
                    ),
                    a!save(
                      ri!refProcessUsers.updatedOn,
                      now()
                    )
                  },
                  showWhen: if(
                    ri!isReadOnly = true(),
                    false(),
                    if(
                      or(
                        #"_a-0000e4b2-6487-8000-2b63-01ef9001ef90_3233095"(
                          ri!refProcessUsers[ri!index].userSoeId
                        )
                      ),
                      true(),
                      if(
                        #"_a-0000e4b2-6487-8000-2b63-01ef9001ef90_3233095"(
                          index(
                            ri!refProcessGroup,
                            "maker_group",
                            {}
                          )
                        ),
                        false(),
                        or(
                          #"urn:appian:function:v1:fn:isusermemberofgroup?okey=isusermemberofgroup"(
                            index(
                              ri!refProcessUsers[ri!index],
                              "userSoeId",
                              {}
                            ),
                            #"_a-0000e4e8-bfcb-8000-5258-1bef901bef90_256415"(
                              inputUUID: index(
                                ri!refProcessGroup,
                                "maker_group",
                                {}
                              )
                            )
                          )
                        )

                      )
                    )
                  )
                ),
                size: "MEDIUM_PLUS"
              ),
              #"SYSTEM_SYSRULES_richTextIcon"(
                icon: "toggle-off",
                caption: "No",
                linkStyle: "STANDALONE",
                link: #"SYSTEM_SYSRULES_dynamicLink"(
                  value: 1,
                  saveInto: {
                    a!save(
                      ri!refProcessUsers[ri!index].isPrimaryMaker,
                      1
                    ),
                    a!save(
                      ri!refProcessUsers.updatedBy,
                      loggedInUser()
                    ),
                    a!save(
                      ri!refProcessUsers.updatedOn,
                      now()
                    )
                  },
                  showWhen: if(
                    ri!isReadOnly = true(),
                    false(),
                    if(
                      or(
                        #"_a-0000e4b2-6487-8000-2b63-01ef9001ef90_3233095"(
                          ri!refProcessUsers[ri!index].userSoeId
                        )
                      ),
                      true(),
                      if(
                        #"_a-0000e4b2-6487-8000-2b63-01ef9001ef90_3233095"(
                          index(
                            ri!refProcessGroup,
                            "maker_group",
                            {}
                          )
                        ),
                        false(),
                        or(
                          #"urn:appian:function:v1:fn:isusermemberofgroup?okey=isusermemberofgroup"(
                            index(
                              ri!refProcessUsers[ri!index],
                              "userSoeId",
                              {}
                            ),
                            #"_a-0000e4e8-bfcb-8000-5258-1bef901bef90_256415"(
                              inputUUID: index(
                                ri!refProcessGroup,
                                "maker_group",
                                {}
                              )
                            )
                          )
                        )
                      )
                    )
                  )
                ),
                size: "MEDIUM_PLUS"
              )
            )
          }
        )
      ),
      #"SYSTEM_SYSRULES_richTextDisplayField"(
        align:"CENTER",
        value:{#"SYSTEM_SYSRULES_richTextItem_v1"(
          text: "Invalid User - "
        ),
        #"SYSTEM_SYSRULES_richTextItem_v1"(
          text: index(
            ri!refProcessUsers[ri!index],
            "userSoeId",
            {}
          ),
          style:"STRONG"
        )
        }
      )
    ),
    if(
      #"_a-0000e58b-f438-8000-5262-1bef901bef90_722585"(
        index(
        ri!refProcessUsers[ri!index],
        "userSoeId",
        {}
      )),
    if(
      or(
        toboolean(
          ri!isReadOnly
        ) = true()
      ),
      #"SYSTEM_SYSRULES_imageField_v1"(
        images: {
          #"SYSTEM_SYSRULES_documentImage"(
            document: #"SYSTEM_SYSRULES_iconIndicator"(
              icon: if(
                or(
                  tointeger(
                    index(
                      ri!refProcessUsers[ri!index],
                      "isSecondaryMaker",
                      {}
                    )
                  ) = 1
                ),
                "STATUS_OK",
                "STATUS_NOTDONE"
              )
            ),
            caption: if(
              or(
                tointeger(
                  index(
                    ri!refProcessUsers[ri!index],
                    "isSecondaryMaker",
                    {}
                  )
                ) = 1
              ),
              "Yes",
              "No"
            )
          )
        }
      ),
      #"SYSTEM_SYSRULES_richTextDisplayField"(
        align: "CENTER",
        value: {
          if(
            or(
              tointeger(
                index(
                  ri!refProcessUsers[ri!index],
                  "isSecondaryMaker",
                  {}
                )
              ) = 1
            ),
            #"SYSTEM_SYSRULES_richTextIcon"(
              icon: "toggle-on",
              caption: "Yes",
              linkStyle: "STANDALONE",
              link: #"SYSTEM_SYSRULES_dynamicLink"(
                value: 0,
                saveInto: {
                  a!save(
                    ri!refProcessUsers[ri!index].isSecondaryMaker,
                    0
                  ),
                  a!save(
                    ri!refProcessUsers.updatedBy,
                    loggedInUser()
                  ),
                  a!save(
                    ri!refProcessUsers.updatedOn,
                    now()
                  )
                },
                showWhen: if(
                  ri!isReadOnly = true(),
                  false(),
                  if(
                    or(
                      #"_a-0000e4b2-6487-8000-2b63-01ef9001ef90_3233095"(
                        ri!refProcessUsers[ri!index].userSoeId
                      )
                    ),
                    true(),
                    if(
                      #"_a-0000e4b2-6487-8000-2b63-01ef9001ef90_3233095"(
                        index(
                          ri!refProcessGroup,
                          "maker_group",
                          {}
                        )
                      ),
                      false(),
                      or(
                        #"urn:appian:function:v1:fn:isusermemberofgroup?okey=isusermemberofgroup"(
                          index(
                            ri!refProcessUsers[ri!index],
                            "userSoeId",
                            {}
                          ),
                          #"_a-0000e4e8-bfcb-8000-5258-1bef901bef90_256415"(
                            inputUUID: index(
                              ri!refProcessGroup,
                              "maker_group",
                              {}
                            )
                          )
                        )
                      )
                    )
                  )
                )
              ),
              size: "MEDIUM_PLUS"
            ),
            #"SYSTEM_SYSRULES_richTextIcon"(
              icon: "toggle-off",
              caption: "No",
              linkStyle: "STANDALONE",
              link: #"SYSTEM_SYSRULES_dynamicLink"(
                value: 1,
                saveInto: {
                  a!save(
                    ri!refProcessUsers[ri!index].isSecondaryMaker,
                    1
                  ),
                  a!save(
                    ri!refProcessUsers.updatedBy,
                    loggedInUser()
                  ),
                  a!save(
                    ri!refProcessUsers.updatedOn,
                    now()
                  )
                },
                showWhen: if(
                  ri!isReadOnly = true(),
                  false(),
                  if(
                    or(
                      #"_a-0000e4b2-6487-8000-2b63-01ef9001ef90_3233095"(
                        ri!refProcessUsers[ri!index].userSoeId
                      )
                    ),
                    true(),
                    if(
                      #"_a-0000e4b2-6487-8000-2b63-01ef9001ef90_3233095"(
                        index(
                          ri!refProcessGroup,
                          "maker_group",
                          {}
                        )
                      ),
                      false(),
                      or(
                        #"urn:appian:function:v1:fn:isusermemberofgroup?okey=isusermemberofgroup"(
                          index(
                            ri!refProcessUsers[ri!index],
                            "userSoeId",
                            {}
                          ),
                          #"_a-0000e4e8-bfcb-8000-5258-1bef901bef90_256415"(
                            inputUUID: index(
                              ri!refProcessGroup,
                              "maker_group",
                              {}
                            )
                          )
                        )
                      )
                    )
                  )
                )
              ),
              size: "MEDIUM_PLUS"
            )
          )
        }
      )
    ),
    #"SYSTEM_SYSRULES_richTextDisplayField"(
      align:"CENTER",
      value:{#"SYSTEM_SYSRULES_richTextItem_v1"(
        text: "Invalid User - "
      ),
      #"SYSTEM_SYSRULES_richTextItem_v1"(
        text: index(
          ri!refProcessUsers[ri!index],
          "userSoeId",
          {}
        ),
        style:"STRONG"
      )
      }
    )
    ),
    if(
      #"_a-0000e58b-f438-8000-5262-1bef901bef90_722585"(index(
        ri!refProcessUsers[ri!index],
        "userSoeId",
        {}
      )),
    if(
      or(
        toboolean(
          ri!isReadOnly
        ) = true()
      ),
      #"SYSTEM_SYSRULES_imageField_v1"(
        images: {
          #"SYSTEM_SYSRULES_documentImage"(
            document: #"SYSTEM_SYSRULES_iconIndicator"(
              icon: if(
                or(
                  tointeger(
                    index(
                      ri!refProcessUsers[ri!index],
                      "isPrimaryChecker",
                      {}
                    )
                  ) = 1
                ),
                "STATUS_OK",
                "STATUS_NOTDONE"
              )
            ),
            caption: if(
              or(
                tointeger(
                  index(
                    ri!refProcessUsers[ri!index],
                    "isPrimaryChecker",
                    {}
                  )
                ) = 1
              ),
              "Yes",
              "No"
            )
          )
        }
      ),
      #"SYSTEM_SYSRULES_richTextDisplayField"(
        align: "CENTER",
        value: {
          if(
            or(
              tointeger(
                index(
                  ri!refProcessUsers[ri!index],
                  "isPrimaryChecker",
                  {}
                )
              ) = 1
            ),
            #"SYSTEM_SYSRULES_richTextIcon"(
              icon: "toggle-on",
              caption: "Yes",
              linkStyle: "STANDALONE",
              link: #"SYSTEM_SYSRULES_dynamicLink"(
                value: 0,
                saveInto: {
                  a!save(
                    ri!refProcessUsers[ri!index].isPrimaryChecker,
                    0
                  ),
                  a!save(
                    ri!refProcessUsers.updatedBy,
                    loggedInUser()
                  ),
                  a!save(
                    ri!refProcessUsers.updatedOn,
                    now()
                  )
                },
                showWhen: if(
                  ri!isReadOnly = true(),
                  false(),
                  if(
                    or(
                      #"_a-0000e4b2-6487-8000-2b63-01ef9001ef90_3233095"(
                        ri!refProcessUsers[ri!index].userSoeId
                      )
                    ),
                    true(),
                    if(
                      #"_a-0000e4b2-6487-8000-2b63-01ef9001ef90_3233095"(
                        index(
                          ri!refProcessGroup,
                          "checker_group",
                          {}
                        )
                      ),
                      false(),
                      or(
                        #"urn:appian:function:v1:fn:isusermemberofgroup?okey=isusermemberofgroup"(
                          index(
                            ri!refProcessUsers[ri!index],
                            "userSoeId",
                            {}
                          ),
                          #"_a-0000e4e8-bfcb-8000-5258-1bef901bef90_256415"(
                            inputUUID: index(
                              ri!refProcessGroup,
                              "checker_group",
                              {}
                            )
                          )
                        )
                      )
                    )
                  )
                )
              ),
              size: "MEDIUM_PLUS"
            ),
            #"SYSTEM_SYSRULES_richTextIcon"(
              icon: "toggle-off",
              caption: "No",
              linkStyle: "STANDALONE",
              link: #"SYSTEM_SYSRULES_dynamicLink"(
                value: 1,
                saveInto: {
                  a!save(
                    ri!refProcessUsers[ri!index].isPrimaryChecker,
                    1
                  ),
                  a!save(
                    ri!refProcessUsers.updatedBy,
                    loggedInUser()
                  ),
                  a!save(
                    ri!refProcessUsers.updatedOn,
                    now()
                  )
                },
                showWhen: if(
                  ri!isReadOnly = true(),
                  false(),
                  if(
                    or(
                      #"_a-0000e4b2-6487-8000-2b63-01ef9001ef90_3233095"(
                        ri!refProcessUsers[ri!index].userSoeId
                      )
                    ),
                    true(),
                    if(
                      #"_a-0000e4b2-6487-8000-2b63-01ef9001ef90_3233095"(
                        index(
                          ri!refProcessGroup,
                          "checker_group",
                          {}
                        )
                      ),
                      false(),
                      or(
                        #"urn:appian:function:v1:fn:isusermemberofgroup?okey=isusermemberofgroup"(
                          index(
                            ri!refProcessUsers[ri!index],
                            "userSoeId",
                            {}
                          ),
                          #"_a-0000e4e8-bfcb-8000-5258-1bef901bef90_256415"(
                            inputUUID: index(
                              ri!refProcessGroup,
                              "checker_group",
                              {}
                            )
                          )
                        )
                      )
                    )
                  )
                )
              ),
              size: "MEDIUM_PLUS"
            )
          )
        }
      )
    ),
    #"SYSTEM_SYSRULES_richTextDisplayField"(
      align:"CENTER",
      value:{#"SYSTEM_SYSRULES_richTextItem_v1"(
        text: "Invalid User - "
      ),
      #"SYSTEM_SYSRULES_richTextItem_v1"(
        text: index(
          ri!refProcessUsers[ri!index],
          "userSoeId",
          {}
        ),
        style:"STRONG"
      )
      }
    )
    ),
    if(
      #"_a-0000e58b-f438-8000-5262-1bef901bef90_722585"(index(
        ri!refProcessUsers[ri!index],
        "userSoeId",
        {}
      )),
    if(
      or(
        toboolean(
          ri!isReadOnly
        ) = true()
      ),
      #"SYSTEM_SYSRULES_imageField_v1"(
        images: {
          #"SYSTEM_SYSRULES_documentImage"(
            document: #"SYSTEM_SYSRULES_iconIndicator"(
              icon: if(
                or(
                  tointeger(
                    index(
                      ri!refProcessUsers[ri!index],
                      "isSecondaryChecker",
                      {}
                    )
                  ) = 1
                ),
                "STATUS_OK",
                "STATUS_NOTDONE"
              )
            ),
            caption: if(
              or(
                tointeger(
                  index(
                    ri!refProcessUsers[ri!index],
                    "isSecondaryChecker",
                    {}
                  )
                ) = 1
              ),
              "Yes",
              "No"
            )
          )
        }
      ),
      #"SYSTEM_SYSRULES_richTextDisplayField"(
        align: "CENTER",
        value: {
          if(
            or(
              tointeger(
                index(
                  ri!refProcessUsers[ri!index],
                  "isSecondaryChecker",
                  {}
                )
              ) = 1
            ),
            #"SYSTEM_SYSRULES_richTextIcon"(
              icon: "toggle-on",
              caption: "Yes",
              linkStyle: "STANDALONE",
              link: #"SYSTEM_SYSRULES_dynamicLink"(
                value: 0,
                saveInto: {
                  a!save(
                    ri!refProcessUsers[ri!index].isSecondaryChecker,
                    0
                  ),
                  a!save(
                    ri!refProcessUsers.updatedBy,
                    loggedInUser()
                  ),
                  a!save(
                    ri!refProcessUsers.updatedOn,
                    now()
                  )
                },
                showWhen: if(
                  ri!isReadOnly = true(),
                  false(),
                  if(
                    or(
                      #"_a-0000e4b2-6487-8000-2b63-01ef9001ef90_3233095"(
                        ri!refProcessUsers[ri!index].userSoeId
                      )
                    ),
                    true(),
                    if(
                      #"_a-0000e4b2-6487-8000-2b63-01ef9001ef90_3233095"(
                        index(
                          ri!refProcessGroup,
                          "checker_group",
                          {}
                        )
                      ),
                      false(),
                      or(
                        #"urn:appian:function:v1:fn:isusermemberofgroup?okey=isusermemberofgroup"(
                          index(
                            ri!refProcessUsers[ri!index],
                            "userSoeId",
                            {}
                          ),
                          #"_a-0000e4e8-bfcb-8000-5258-1bef901bef90_256415"(
                            inputUUID: index(
                              ri!refProcessGroup,
                              "checker_group",
                              {}
                            )
                          )
                        )
                      )
                    )
                  )
                )
              ),
              size: "MEDIUM_PLUS"
            ),
            #"SYSTEM_SYSRULES_richTextIcon"(
              icon: "toggle-off",
              caption: "No",
              linkStyle: "STANDALONE",
              link: #"SYSTEM_SYSRULES_dynamicLink"(
                value: 1,
                saveInto: {
                  a!save(
                    ri!refProcessUsers[ri!index].isSecondaryChecker,
                    1
                  ),
                  a!save(
                    ri!refProcessUsers.updatedBy,
                    loggedInUser()
                  ),
                  a!save(
                    ri!refProcessUsers.updatedOn,
                    now()
                  )
                },
                showWhen: if(
                  ri!isReadOnly = true(),
                  false(),
                  if(
                    or(
                      #"_a-0000e4b2-6487-8000-2b63-01ef9001ef90_3233095"(
                        ri!refProcessUsers[ri!index].userSoeId
                      )
                    ),
                    true(),
                    if(
                      #"_a-0000e4b2-6487-8000-2b63-01ef9001ef90_3233095"(
                        index(
                          ri!refProcessGroup,
                          "checker_group",
                          {}
                        )
                      ),
                      false(),
                      or(
                        #"urn:appian:function:v1:fn:isusermemberofgroup?okey=isusermemberofgroup"(
                          index(
                            ri!refProcessUsers[ri!index],
                            "userSoeId",
                            {}
                          ),
                          #"_a-0000e4e8-bfcb-8000-5258-1bef901bef90_256415"(
                            inputUUID: index(
                              ri!refProcessGroup,
                              "checker_group",
                              {}
                            )
                          )
                        )
                      )
                    )
                  )
                )
              ),
              size: "MEDIUM_PLUS"
            )
          )
        }
      )
    ),
    #"SYSTEM_SYSRULES_richTextDisplayField"(
      align:"CENTER",
      value:{#"SYSTEM_SYSRULES_richTextItem_v1"(
        text: "Invalid User - "
      ),
      #"SYSTEM_SYSRULES_richTextItem_v1"(
        text: index(
          ri!refProcessUsers[ri!index],
          "userSoeId",
          {}
        ),
        style:"STRONG"
      )
      }
    )
    ),
    if(
      #"_a-0000e58b-f438-8000-5262-1bef901bef90_722585"(index(
        ri!refProcessUsers[ri!index],
        "userSoeId",
        {}
      )),
    if(
      or(
        toboolean(
          ri!isReadOnly
        ) = true()
      ),
      #"SYSTEM_SYSRULES_imageField_v1"(
        images: {
          #"SYSTEM_SYSRULES_documentImage"(
            document: #"SYSTEM_SYSRULES_iconIndicator"(
              icon: if(
                or(
                  tointeger(
                    index(
                      ri!refProcessUsers[ri!index],
                      "isDoa",
                      {}
                    )
                  ) = 1
                ),
                "STATUS_OK",
                "STATUS_NOTDONE"
              )
            ),
            caption: if(
              or(
                tointeger(
                  index(
                    ri!refProcessUsers[ri!index],
                    "isDoa",
                    {}
                  )
                ) = 1
              ),
              "Yes",
              "No"
            )
          )
        }
      ),
      #"SYSTEM_SYSRULES_richTextDisplayField"(
        align: "CENTER",
        value: {
          if(
            or(
              tointeger(
                index(
                  ri!refProcessUsers[ri!index],
                  "isDoa",
                  {}
                )
              ) = 1
            ),
            #"SYSTEM_SYSRULES_richTextIcon"(
              icon: "toggle-on",
              caption: "Yes",
              linkStyle: "STANDALONE",
              link: #"SYSTEM_SYSRULES_dynamicLink"(
                value: 0,
                saveInto: {
                  a!save(
                    ri!refProcessUsers[ri!index].isDoa,
                    0
                  ),
                  a!save(
                    ri!refProcessUsers.updatedBy,
                    loggedInUser()
                  ),
                  a!save(
                    ri!refProcessUsers.updatedOn,
                    now()
                  )
                },
                showWhen: if(
                  ri!isReadOnly = true(),
                  false(),
                  if(
                    or(
                      #"_a-0000e4b2-6487-8000-2b63-01ef9001ef90_3233095"(
                        ri!refProcessUsers[ri!index].userSoeId
                      )
                    ),
                    true(),
                    if(
                      or(
                        #"_a-0000e4b2-6487-8000-2b63-01ef9001ef90_3233095"(
                        index(
                          ri!refProcessGroup,
                          "checker_group",
                          {}
                        )
                        ),#"_a-0000e4b2-6487-8000-2b63-01ef9001ef90_3233095"(
                          index(
                            ri!refProcessGroup,
                            "maker_group",
                            {}
                          )
                        )),
                      false(),
                      or(
                        #"urn:appian:function:v1:fn:isusermemberofgroup?okey=isusermemberofgroup"(
                          index(
                            ri!refProcessUsers[ri!index],
                            "userSoeId",
                            {}
                          ),
                          #"_a-0000e4e8-bfcb-8000-5258-1bef901bef90_256415"(
                            inputUUID: index(
                              ri!refProcessGroup,
                              "checker_group",
                              {}
                            )
                          )
                        ),
                        #"urn:appian:function:v1:fn:isusermemberofgroup?okey=isusermemberofgroup"(
                          index(
                            ri!refProcessUsers[ri!index],
                            "userSoeId",
                            {}
                          ),
                          #"_a-0000e4e8-bfcb-8000-5258-1bef901bef90_256415"(
                            inputUUID: index(
                              ri!refProcessGroup,
                              "maker_group",
                              {}
                            )
                          )
                        )
                      )
                    )
                  )
                )
              ),
              size: "MEDIUM_PLUS"
            ),
            #"SYSTEM_SYSRULES_richTextIcon"(
              icon: "toggle-off",
              caption: "No",
              linkStyle: "STANDALONE",
              link: #"SYSTEM_SYSRULES_dynamicLink"(
                value: 1,
                saveInto: {
                  a!save(
                    ri!refProcessUsers[ri!index].isDoa,
                    1
                  ),
                  a!save(
                    ri!refProcessUsers.updatedBy,
                    loggedInUser()
                  ),
                  a!save(
                    ri!refProcessUsers.updatedOn,
                    now()
                  )
                },
                showWhen: if(
                  ri!isReadOnly = true(),
                  false(),
                  if(
                    or(
                      #"_a-0000e4b2-6487-8000-2b63-01ef9001ef90_3233095"(
                        ri!refProcessUsers[ri!index].userSoeId
                      )
                    ),
                    true(),
                    if(
                      or(#"_a-0000e4b2-6487-8000-2b63-01ef9001ef90_3233095"(
                        index(
                          ri!refProcessGroup,
                          "checker_group",
                          {}
                        )
                      ),
                      #"_a-0000e4b2-6487-8000-2b63-01ef9001ef90_3233095"(
                        index(
                          ri!refProcessGroup,
                          "maker_group",
                          {}
                        )
                      )),
                      false(),
                      or(
                        #"urn:appian:function:v1:fn:isusermemberofgroup?okey=isusermemberofgroup"(
                          index(
                            ri!refProcessUsers[ri!index],
                            "userSoeId",
                            {}
                          ),
                          #"_a-0000e4e8-bfcb-8000-5258-1bef901bef90_256415"(
                            inputUUID: index(
                              ri!refProcessGroup,
                              "checker_group",
                              {}
                            )
                          )
                        ),
                        #"urn:appian:function:v1:fn:isusermemberofgroup?okey=isusermemberofgroup"(
                          index(
                            ri!refProcessUsers[ri!index],
                            "userSoeId",
                            {}
                          ),
                          #"_a-0000e4e8-bfcb-8000-5258-1bef901bef90_256415"(
                            inputUUID: index(
                              ri!refProcessGroup,
                              "maker_group",
                              {}
                            )
                          )
                        )
                      )
                    )
                  )
                )
              ),
              size: "MEDIUM_PLUS"
            )
          )
        }
      )
    ),
    #"SYSTEM_SYSRULES_richTextDisplayField"(
      align:"CENTER",
      value:{#"SYSTEM_SYSRULES_richTextItem_v1"(
        text: "Invalid User - "
      ),
      #"SYSTEM_SYSRULES_richTextItem_v1"(
        text: index(
          ri!refProcessUsers[ri!index],
          "userSoeId",
          {}
        ),
        style:"STRONG"
      )
      }
    )
    ),
    if(
      #"_a-0000e58b-f438-8000-5262-1bef901bef90_722585"(index(
        ri!refProcessUsers[ri!index],
        "userSoeId",
        {}
      )),
    if(
      or(
        toboolean(
          ri!isReadOnly
        ) = true()
      ),
      #"SYSTEM_SYSRULES_imageField_v1"(
        images: {
          #"SYSTEM_SYSRULES_documentImage"(
            document: #"SYSTEM_SYSRULES_iconIndicator"(
              icon: if(
                or(
                  tointeger(
                    index(
                      ri!refProcessUsers[ri!index],
                      "isPowerUser",
                      {}
                    )
                  ) = 1
                ),
                "STATUS_OK",
                "STATUS_NOTDONE"
              )
            ),
            caption: if(
              or(
                tointeger(
                  index(
                    ri!refProcessUsers[ri!index],
                    "isPowerUser",
                    {}
                  )
                ) = 1
              ),
              "Yes",
              "No"
            )
          )
        }
      ),
      #"SYSTEM_SYSRULES_richTextDisplayField"(
        align: "CENTER",
        value: {
          if(
            or(
              tointeger(
                index(
                  ri!refProcessUsers[ri!index],
                  "isPowerUser",
                  {}
                )
              ) = 1
            ),
            #"SYSTEM_SYSRULES_richTextIcon"(
              icon: "toggle-on",
              caption: "Yes",
              linkStyle: "STANDALONE",
              link: #"SYSTEM_SYSRULES_dynamicLink"(
                value: 0,
                saveInto: {
                  a!save(
                    ri!refProcessUsers[ri!index].isPowerUser,
                    0
                  ),
                  a!save(
                    ri!refProcessUsers.updatedBy,
                    loggedInUser()
                  ),
                  a!save(
                    ri!refProcessUsers.updatedOn,
                    now()
                  )
                },
                showWhen: not(ri!isReadOnly)
                /*if(*/
                  /*ri!isReadOnly = true(),*/
                  /*false(),*/
                  /*if(*/
                    /*or(*/
                      /*rule!EAP_Utils_CheckIsNull(*/
                        /*ri!refProcessUsers[ri!index].userSoeId*/
                      /*)*/
                    /*),*/
                    /*true(),*/
                    /*if(*/
                      /*rule!EAP_Utils_CheckIsNull(*/
                        /*index(*/
                          /*ri!refProcessGroup,*/
                          /*"checker_group",*/
                          /*{}*/
                        /*)*/
                      /*),*/
                      /*false(),*/
                      /*or(*/
                        /*isusermemberofgroup(*/
                          /*index(*/
                            /*ri!refProcessUsers[ri!index],*/
                            /*"userSoeId",*/
                            /*{}*/
                          /*),*/
                          /*rule!EAP_Utils_GetGroupNameByUUID(*/
                            /*inputUUID: index(*/
                              /*ri!refProcessGroup,*/
                              /*"checker_group",*/
                              /*{}*/
                            /*)*/
                          /*)*/
                        /*)*/
                      /*)*/
                    /*)*/
                  /*)*/
                /*)*/
              ),
              size: "MEDIUM_PLUS"
            ),
            #"SYSTEM_SYSRULES_richTextIcon"(
              icon: "toggle-off",
              caption: "No",
              linkStyle: "STANDALONE",
              link: #"SYSTEM_SYSRULES_dynamicLink"(
                value: 1,
                saveInto: {
                  a!save(
                    ri!refProcessUsers[ri!index].isPowerUser,
                    1
                  ),
                  a!save(
                    ri!refProcessUsers.updatedBy,
                    loggedInUser()
                  ),
                  a!save(
                    ri!refProcessUsers.updatedOn,
                    now()
                  )
                },
                showWhen: not(ri!isReadOnly)
                /*if(*/
                  /*ri!isReadOnly = true(),*/
                  /*false(),*/
                  /*if(*/
                    /*or(*/
                      /*rule!EAP_Utils_CheckIsNull(*/
                        /*ri!refProcessUsers[ri!index].userSoeId*/
                      /*)*/
                    /*),*/
                    /*true(),*/
                    /*if(*/
                      /*rule!EAP_Utils_CheckIsNull(*/
                        /*index(*/
                          /*ri!refProcessGroup,*/
                          /*"checker_group",*/
                          /*{}*/
                        /*)*/
                      /*),*/
                      /*false(),*/
                      /*or(*/
                        /*isusermemberofgroup(*/
                          /*index(*/
                            /*ri!refProcessUsers[ri!index],*/
                            /*"userSoeId",*/
                            /*{}*/
                          /*),*/
                          /*rule!EAP_Utils_GetGroupNameByUUID(*/
                            /*inputUUID: index(*/
                              /*ri!refProcessGroup,*/
                              /*"checker_group",*/
                              /*{}*/
                            /*)*/
                          /*)*/
                        /*)*/
                      /*)*/
                    /*)*/
                  /*)*/
                /*)*/
              ),
              size: "MEDIUM_PLUS"
            )
          )
        }
      )
    ),
    #"SYSTEM_SYSRULES_richTextDisplayField"(
      align:"CENTER",
      value:{#"SYSTEM_SYSRULES_richTextItem_v1"(
        text: "Invalid User - "
      ),
      #"SYSTEM_SYSRULES_richTextItem_v1"(
        text: index(
          ri!refProcessUsers[ri!index],
          "userSoeId",
          {}
        ),
        style:"STRONG"
      )
      }
    )
    ),
   
    if(
      #"_a-0000e58b-f438-8000-5262-1bef901bef90_722585"(index(
        ri!refProcessUsers[ri!index],
        "userSoeId",
        {}
      )),
    if(
      or(
        toboolean(
          ri!isReadOnly
        ) = true()
      ),
      #"SYSTEM_SYSRULES_imageField_v1"(
        images: {
          #"SYSTEM_SYSRULES_documentImage"(
            document: #"SYSTEM_SYSRULES_iconIndicator"(
              icon: if(
                or(
                  tointeger(
                    index(
                      ri!refProcessUsers[ri!index],
                      "isAuditor",
                      {}
                    )
                  ) = 1
                ),
                "STATUS_OK",
                "STATUS_NOTDONE"
              )
            ),
            caption: if(
              or(
                tointeger(
                  index(
                    ri!refProcessUsers[ri!index],
                    "isAuditor",
                    {}
                  )
                ) = 1
              ),
              "Yes",
              "No"
            )
          )
        }
      ),
      #"SYSTEM_SYSRULES_richTextDisplayField"(
        align: "CENTER",
        value: {
          if(
            or(
              tointeger(
                index(
                  ri!refProcessUsers[ri!index],
                  "isAuditor",
                  {}
                )
              ) = 1
            ),
            #"SYSTEM_SYSRULES_richTextIcon"(
              icon: "toggle-on",
              caption: "Yes",
              linkStyle: "STANDALONE",
              link: #"SYSTEM_SYSRULES_dynamicLink"(
                value: 0,
                saveInto: {
                  a!save(
                    ri!refProcessUsers[ri!index].isAuditor,
                    0
                  ),
                  a!save(
                    ri!refProcessUsers.updatedBy,
                    loggedInUser()
                  ),
                  a!save(
                    ri!refProcessUsers.updatedOn,
                    now()
                  )
                },
                showWhen: not(
                  ri!isReadOnly
                )
              ),
              size: "MEDIUM_PLUS"
            ),
            #"SYSTEM_SYSRULES_richTextIcon"(
              icon: "toggle-off",
              caption: "No",
              linkStyle: "STANDALONE",
              link: #"SYSTEM_SYSRULES_dynamicLink"(
                value: 1,
                saveInto: {
                  a!save(
                    ri!refProcessUsers[ri!index].isAuditor,
                    1
                  ),
                  a!save(
                    ri!refProcessUsers.updatedBy,
                    loggedInUser()
                  ),
                  a!save(
                    ri!refProcessUsers.updatedOn,
                    now()
                  )
                },
                showWhen: not(
                  ri!isReadOnly
                )
              ),
              size: "MEDIUM_PLUS"
            )
          )
        }
      )
    ),
    #"SYSTEM_SYSRULES_richTextDisplayField"(
      align:"CENTER",
      value:{#"SYSTEM_SYSRULES_richTextItem_v1"(
        text: "Invalid User - "
      ),
      #"SYSTEM_SYSRULES_richTextItem_v1"(
        text: index(
          ri!refProcessUsers[ri!index],
          "userSoeId",
          {}
        ),
        style:"STRONG"
      )
      }
    )
    ),
    if(
      or(
        toboolean(
          ri!isReadOnly
        ) = true()
      ),
      #"SYSTEM_SYSRULES_imageField_v1"(
        images: {
          #"SYSTEM_SYSRULES_documentImage"(
            document: #"SYSTEM_SYSRULES_iconIndicator"(
              icon: if(
                or(
                  tointeger(
                    index(
                      ri!refProcessUsers[ri!index],
                      "isViewer",
                      {}
                    )
                  ) = 1
                ),
                "STATUS_OK",
                "STATUS_NOTDONE"
              )
            ),
            caption: if(
              or(
                tointeger(
                  index(
                    ri!refProcessUsers[ri!index],
                    "isViewer",
                    {}
                  )
                ) = 1
              ),
              "Yes",
              "No"
            )
          )
        }
      ),
      #"SYSTEM_SYSRULES_richTextDisplayField"(
        align: "CENTER",
        value: {
          if(
            or(
              tointeger(
                index(
                  ri!refProcessUsers[ri!index],
                  "isViewer",
                  {}
                )
              ) = 1
            ),
            #"SYSTEM_SYSRULES_richTextIcon"(
              icon: "toggle-on",
              caption: "Yes",
              linkStyle: "STANDALONE",
              link: #"SYSTEM_SYSRULES_dynamicLink"(
                value: 0,
                saveInto: a!save(
                  ri!refProcessUsers[ri!index].isViewer,
                  0
                ),
                showWhen: not(
                  ri!isReadOnly
                )
              ),
              size: "MEDIUM_PLUS"
            ),
            #"SYSTEM_SYSRULES_richTextIcon"(
              icon: "toggle-off",
              caption: "No",
              linkStyle: "STANDALONE",
              link: #"SYSTEM_SYSRULES_dynamicLink"(
                value: 1,
                saveInto: a!save(
                  ri!refProcessUsers[ri!index].isViewer,
                  1
                ),
                showWhen: not(
                  ri!isReadOnly
                )
              ),
              size: "MEDIUM_PLUS"
            )
          )
        }
      )
    ),
    if(
      or(
        toboolean(
          ri!isReadOnly
        ) = true()
      ),
      #"SYSTEM_SYSRULES_imageField_v1"(
        images: {
          #"SYSTEM_SYSRULES_documentImage"(
            document: #"SYSTEM_SYSRULES_iconIndicator"(
              icon: if(
                or(
                  tointeger(
                    index(
                      ri!refProcessUsers[ri!index],
                      "isActive",
                      {}
                    )
                  ) = 1
                ),
                "STATUS_OK",
                "STATUS_NOTDONE"
              )
            ),
            caption: if(
              or(
                tointeger(
                  index(
                    ri!refProcessUsers[ri!index],
                    "isActive",
                    {}
                  )
                ) = 1
              ),
              "Yes",
              "No"
            )
          )
        }
      ),
      #"SYSTEM_SYSRULES_richTextDisplayField"(
        align: "CENTER",
        value: {
          if(
            or(
              tointeger(
                index(
                  ri!refProcessUsers[ri!index],
                  "isActive",
                  {}
                )
              ) = 1
            ),
            #"SYSTEM_SYSRULES_richTextIcon"(
              icon: "toggle-on",
              caption: "Active",
              linkStyle: "STANDALONE",
              link: #"SYSTEM_SYSRULES_dynamicLink"(
                value: 0,
                saveInto: a!save(
                  ri!refProcessUsers[ri!index].isActive,
                  0
                ),
                showWhen: not(
                  ri!isReadOnly
                )
              ),
              size: "MEDIUM_PLUS"
            ),
            #"SYSTEM_SYSRULES_richTextIcon"(
              icon: "toggle-off",
              caption: "In-active",
              linkStyle: "STANDALONE",
              link: #"SYSTEM_SYSRULES_dynamicLink"(
                value: 1,
                saveInto: a!save(
                  ri!refProcessUsers[ri!index].isActive,
                  1
                ),
                showWhen: not(
                  ri!isReadOnly
                )
              ),
              size: "MEDIUM_PLUS"
            )
          )
        }
      )
    ),
    if(
      #"_a-0000e4b2-6487-8000-2b63-01ef9001ef90_3233095"(
        ri!refProcessUsers[ri!index].processUserId
      ),
      #"SYSTEM_SYSRULES_imageField_v1"(
        label: "",
        images: #"SYSTEM_SYSRULES_documentImage"(
          document: #"SYSTEM_SYSRULES_iconIndicator"(
            "REMOVE"
          ),
          link: #"SYSTEM_SYSRULES_dynamicLink"(
            saveInto: {
              a!save(
                ri!refProcessUsers,
                remove(
                  ri!refProcessUsers,
                  ri!index
                )
              )
            }
          )
        )
      ),
      #"_a-0000e4e9-ef8d-8000-5259-1bef901bef90_285963"(
        readOnly: true()
      )
    )
  }
))</definition>
        <namedTypedValue>
            <name>refProcessUsers</name>
            <type>
                <name>Variant</name>
                <namespace>http://www.appian.com/ae/types/2009</namespace>
            </type>
        </namedTypedValue>
        <namedTypedValue>
            <name>index</name>
            <type>
                <name>int</name>
                <namespace>http://www.w3.org/2001/XMLSchema</namespace>
            </type>
        </namedTypedValue>
        <namedTypedValue>
            <name>refProcessGroup</name>
            <type>
                <name>EAP_T_RefProcessGroup</name>
                <namespace>urn:com:appian:types:eap</namespace>
            </type>
        </namedTypedValue>
        <namedTypedValue>
            <name>isReadOnly</name>
            <type>
                <name>boolean</name>
                <namespace>http://www.w3.org/2001/XMLSchema</namespace>
            </type>
        </namedTypedValue>
        <namedTypedValue>
            <name>buttonAction</name>
            <type>
                <name>string</name>
                <namespace>http://www.w3.org/2001/XMLSchema</namespace>
            </type>
            <value/>
        </namedTypedValue>
        <preferredEditor>legacy</preferredEditor>
        <offlineEnabled>false</offlineEnabled>
    </rule>
    <roleMap public="true">
        <role inherit="true" allowForAll="false" name="readers">
            <users/>
            <groups/>
        </role>
        <role inherit="true" allowForAll="false" name="authors">
            <users/>
            <groups/>
        </role>
        <role inherit="true" allowForAll="false" name="administrators">
            <users/>
            <groups/>
        </role>
        <role inherit="false" allowForAll="false" name="denyReaders">
            <users/>
            <groups/>
        </role>
        <role inherit="false" allowForAll="false" name="denyAuthors">
            <users/>
            <groups/>
        </role>
        <role inherit="false" allowForAll="false" name="denyAdministrators">
            <users/>
            <groups/>
        </role>
    </roleMap>
    <typedValue>
        <type>
            <name>RuleTestConfig?list</name>
            <namespace>http://www.appian.com/ae/types/2009</namespace>
        </type>
        <value>
            <el>
                <a:name>Handles null refProcessUsers</a:name>
                <a:ruleInputTestConfigs>
                    <a:value xmlns:xsi="http://www.w3.org/2001/XMLSchema-instance" xsi:type="a:Expression">null</a:value>
                    <a:nameRef>refProcessUsers</a:nameRef>
                    <a:id>1</a:id>
                </a:ruleInputTestConfigs>
                <a:ruleInputTestConfigs>
                    <a:value xmlns:xsi="http://www.w3.org/2001/XMLSchema-instance" xsi:type="a:Expression">1.0</a:value>
                    <a:nameRef>index</a:nameRef>
                    <a:id>2</a:id>
                </a:ruleInputTestConfigs>
                <a:ruleInputTestConfigs>
                    <a:value xmlns:xsi="http://www.w3.org/2001/XMLSchema-instance" xsi:type="a:Expression">'type!{urn:com:appian:types:eap}EAP_T_RefProcessGroup'(process_group_id: 1,process_id: 1,maker_group: "makers",checker_group: "checkers",operations_team_group: null,technical_support_group: null,escalation_group: null,admin_maintenance_group: null,created_by: null,created_on: null,modified_by: null,modified_on: null)</a:value>
                    <a:nameRef>refProcessGroup</a:nameRef>
                    <a:id>3</a:id>
                </a:ruleInputTestConfigs>
                <a:ruleInputTestConfigs>
                    <a:value xmlns:xsi="http://www.w3.org/2001/XMLSchema-instance" xsi:type="a:Expression">false</a:value>
                    <a:nameRef>isReadOnly</a:nameRef>
                    <a:id>4</a:id>
                </a:ruleInputTestConfigs>
                <a:ruleInputTestConfigs>
                    <a:value xmlns:xsd="http://www.w3.org/2001/XMLSchema" xmlns:xsi="http://www.w3.org/2001/XMLSchema-instance" xsi:type="xsd:string"/>
                    <a:nameRef>buttonAction</a:nameRef>
                    <a:id>5</a:id>
                </a:ruleInputTestConfigs>
                <a:assertions xmlns:xsi="http://www.w3.org/2001/XMLSchema-instance" xsi:nil="true"/>
                <a:isDefault>false</a:isDefault>
            </el>
        </value>
    </typedValue>
    <history>
        <historyInfo versionUuid="_a-0000e54c-ce50-8000-5260-1bef901bef90_611918"/>
        <historyInfo versionUuid="_a-0000e56b-0831-8000-5261-1bef901bef90_638275"/>
        <historyInfo versionUuid="_a-0000e56b-0831-8000-5261-1bef901bef90_670247"/>
        <historyInfo versionUuid="_a-0000e58b-f438-8000-5262-1bef901bef90_714822"/>
        <historyInfo versionUuid="_a-0000e58b-f438-8000-5262-1bef901bef90_722793"/>
        <historyInfo versionUuid="_a-0000e58b-f438-8000-5262-1bef901bef90_724906"/>
        <historyInfo versionUuid="_a-0000ed9a-d049-8000-9c18-011c48011c48_10177974"/>
    </history>
</contentHaul>
