<?xml version="1.0" encoding="UTF-8" standalone="yes"?>
<contentHaul xmlns:a="http://www.appian.com/ae/types/2009">
    <versionUuid>_a-0000ed9a-d049-8000-9c18-011c48011c48_10186780</versionUuid>
    <rule>
        <name>EAP_QE_dwfMilestoneConfig</name>
        <uuid>_a-0000e4e9-ef8d-8000-5259-1bef901bef90_354337</uuid>
        <description>Holds query rule for dwf milestone config</description>
        <parentUuid>_a-0000e4c3-7a1b-8000-524f-1bef901bef90_6574</parentUuid>
        <visibility>
            <advertise>false</advertise>
            <hierarchy>true</hierarchy>
            <indexable>true</indexable>
            <quota>false</quota>
            <searchable>true</searchable>
            <system>false</system>
            <unlogged>false</unlogged>
        </visibility>
        <definition>if(
  and(
    #"_a-0000e4b2-6487-8000-2b63-01ef9001ef90_3233095"(
      ri!milestoneConfigId
    ),  
    #"_a-0000e4b2-6487-8000-2b63-01ef9001ef90_3233095"(
      ri!milestoneId
    ),
    #"_a-0000e4b2-6487-8000-2b63-01ef9001ef90_3233095"(
      ri!nextMilestoneId
    ),
    #"_a-0000e4b2-6487-8000-2b63-01ef9001ef90_3233095"(
      ri!createdBy
    ),
    #"_a-0000e4b2-6487-8000-2b63-01ef9001ef90_3233095"(
      ri!createdOn
    ),

    #"_a-0000e4b2-6487-8000-2b63-01ef9001ef90_3233095"(
      ri!modifiedOn
    ),
    #"_a-0000e4b2-6487-8000-2b63-01ef9001ef90_3233095"(
      ri!modifiedBy
    ),  
    #"_a-0000e4b2-6487-8000-2b63-01ef9001ef90_3233095"(
      ri!isActive
    )
  ),
  null,
  #"SYSTEM_SYSRULES_queryEntity_v1"(
    entity: #"_a-0000e4e9-ef8d-8000-5259-1bef901bef90_353457",
    query: #"SYSTEM_SYSRULES_query"(
      logicalExpression: if(
        and(
          #"_a-0000e4b2-6487-8000-2b63-01ef9001ef90_3233095"(
            ri!milestoneConfigId
          ),  
          #"_a-0000e4b2-6487-8000-2b63-01ef9001ef90_3233095"(
            ri!milestoneId
          ),
          #"_a-0000e4b2-6487-8000-2b63-01ef9001ef90_3233095"(
            ri!nextMilestoneId
          ),
          #"_a-0000e4b2-6487-8000-2b63-01ef9001ef90_3233095"(
            ri!createdBy
          ),
          #"_a-0000e4b2-6487-8000-2b63-01ef9001ef90_3233095"(
            ri!createdOn
          ),

          #"_a-0000e4b2-6487-8000-2b63-01ef9001ef90_3233095"(
            ri!modifiedOn
          ),
          #"_a-0000e4b2-6487-8000-2b63-01ef9001ef90_3233095"(
            ri!modifiedBy
          ),  
          #"_a-0000e4b2-6487-8000-2b63-01ef9001ef90_3233095"(
            ri!isActive
          )
        ),
        null,
        #"SYSTEM_SYSRULES_queryLogicalExpression"(
          operator: "AND",
          filters: {
            if(
              #"_a-0000e4b2-6487-8000-2b63-01ef9001ef90_3233095"(
                ri!milestoneConfigId
              ),
              {},
              #"SYSTEM_SYSRULES_queryFilter"(
                field: "milestone_config_id",
                operator: "IN",
                value: {
                  ri!milestoneConfigId
                }
              )
            ),
            if(
              #"_a-0000e4b2-6487-8000-2b63-01ef9001ef90_3233095"(
                ri!milestoneId
              ),
              {},
              #"SYSTEM_SYSRULES_queryFilter"(
                field: "milestone_id",
                operator: "IN",
                value: {
                  ri!milestoneId
                }
              )
            ),
            if(
              #"_a-0000e4b2-6487-8000-2b63-01ef9001ef90_3233095"(
                ri!nextMilestoneId
              ),
              {},
              #"SYSTEM_SYSRULES_queryFilter"(
                field: "next_milestone_id",
                operator: "IN",
                value: {
                  ri!nextMilestoneId
                }
              )
            ),

            if(
              #"_a-0000e4b2-6487-8000-2b63-01ef9001ef90_3233095"(
                ri!modifiedOn
              ),
              {},
              #"SYSTEM_SYSRULES_queryFilter"(
                field: "modified_on",
                operator: "IN",
                value: {
                  ri!modifiedOn
                }
              )
            ),
            if(
              #"_a-0000e4b2-6487-8000-2b63-01ef9001ef90_3233095"(
                ri!modifiedBy
              ),
              {},
              #"SYSTEM_SYSRULES_queryFilter"(
                field: "modified_by",
                operator: "IN",
                value: {
                  ri!modifiedBy
                }
              )
            ),          
            if(
              #"_a-0000e4b2-6487-8000-2b63-01ef9001ef90_3233095"(
                ri!createdOn
              ),
              {},
              #"SYSTEM_SYSRULES_queryFilter"(
                field: "created_on",
                operator: "IN",
                value: {
                  ri!createdOn
                }
              )
            ),
            if(
              #"_a-0000e4b2-6487-8000-2b63-01ef9001ef90_3233095"(
                ri!createdBy
              ),
              {},
              #"SYSTEM_SYSRULES_queryFilter"(
                field: "created_by",
                operator: "IN",
                value: {
                  ri!createdBy
                }
              )
            ),   
            if(
              #"_a-0000e4b2-6487-8000-2b63-01ef9001ef90_3233095"(
                ri!isActive
              ),
              {},
              #"SYSTEM_SYSRULES_queryFilter"(
                field: "is_active",
                operator: "=",
                value: ri!isActive
              )
            ),

          }
        )
      ),
      pagingInfo: if(
        #"_a-0000e4b2-6487-8000-2b63-01ef9001ef90_3233095"(
          ri!pagingInfo
        ),
        #"SYSTEM_SYSRULES_pagingInfo"(
          startIndex: 1,
          batchSize: - 1,
          sort: #"SYSTEM_SYSRULES_sortInfo"(
            field: "milestone_id",
            ascending: true()
          )
        ),
        ri!pagingInfo
      )
    )
  ).data
)</definition>
        <namedTypedValue>
            <name>milestoneId</name>
            <type>
                <name>Integer?list</name>
                <namespace>http://www.appian.com/ae/types/2009</namespace>
            </type>
        </namedTypedValue>
        <namedTypedValue>
            <name>modifiedOn</name>
            <type>
                <name>Datetime?list</name>
                <namespace>http://www.appian.com/ae/types/2009</namespace>
            </type>
        </namedTypedValue>
        <namedTypedValue>
            <name>modifiedBy</name>
            <type>
                <name>Text?list</name>
                <namespace>http://www.appian.com/ae/types/2009</namespace>
            </type>
        </namedTypedValue>
        <namedTypedValue>
            <name>pagingInfo</name>
            <type>
                <name>PagingInfo</name>
                <namespace>http://www.appian.com/ae/types/2009</namespace>
            </type>
        </namedTypedValue>
        <namedTypedValue>
            <name>isActive</name>
            <type>
                <name>int</name>
                <namespace>http://www.w3.org/2001/XMLSchema</namespace>
            </type>
        </namedTypedValue>
        <namedTypedValue>
            <name>milestoneConfigId</name>
            <type>
                <name>Integer?list</name>
                <namespace>http://www.appian.com/ae/types/2009</namespace>
            </type>
        </namedTypedValue>
        <namedTypedValue>
            <name>nextMilestoneId</name>
            <type>
                <name>Integer?list</name>
                <namespace>http://www.appian.com/ae/types/2009</namespace>
            </type>
        </namedTypedValue>
        <namedTypedValue>
            <name>createdOn</name>
            <type>
                <name>Datetime?list</name>
                <namespace>http://www.appian.com/ae/types/2009</namespace>
            </type>
        </namedTypedValue>
        <namedTypedValue>
            <name>createdBy</name>
            <type>
                <name>Text?list</name>
                <namespace>http://www.appian.com/ae/types/2009</namespace>
            </type>
        </namedTypedValue>
        <preferredEditor>legacy</preferredEditor>
        <offlineEnabled>false</offlineEnabled>
    </rule>
    <roleMap public="true">
        <role inherit="true" allowForAll="false" name="readers">
            <users/>
            <groups/>
        </role>
        <role inherit="true" allowForAll="false" name="authors">
            <users/>
            <groups/>
        </role>
        <role inherit="true" allowForAll="false" name="administrators">
            <users/>
            <groups/>
        </role>
        <role inherit="false" allowForAll="false" name="denyReaders">
            <users/>
            <groups/>
        </role>
        <role inherit="false" allowForAll="false" name="denyAuthors">
            <users/>
            <groups/>
        </role>
        <role inherit="false" allowForAll="false" name="denyAdministrators">
            <users/>
            <groups/>
        </role>
    </roleMap>
    <typedValue>
        <type>
            <name>RuleTestConfig?list</name>
            <namespace>http://www.appian.com/ae/types/2009</namespace>
        </type>
        <value>
            <el>
                <a:name>Handles null inputs</a:name>
                <a:ruleInputTestConfigs>
                    <a:value xmlns:xsi="http://www.w3.org/2001/XMLSchema-instance" xsi:type="a:Expression">null</a:value>
                    <a:nameRef>milestoneId</a:nameRef>
                    <a:id>1</a:id>
                </a:ruleInputTestConfigs>
                <a:ruleInputTestConfigs>
                    <a:value xmlns:xsi="http://www.w3.org/2001/XMLSchema-instance" xsi:type="a:Expression">null</a:value>
                    <a:nameRef>modifiedOn</a:nameRef>
                    <a:id>2</a:id>
                </a:ruleInputTestConfigs>
                <a:ruleInputTestConfigs>
                    <a:value xmlns:xsi="http://www.w3.org/2001/XMLSchema-instance" xsi:type="a:Expression">null</a:value>
                    <a:nameRef>modifiedBy</a:nameRef>
                    <a:id>3</a:id>
                </a:ruleInputTestConfigs>
                <a:ruleInputTestConfigs>
                    <a:value xmlns:xsi="http://www.w3.org/2001/XMLSchema-instance" xsi:type="a:Expression">null</a:value>
                    <a:nameRef>pagingInfo</a:nameRef>
                    <a:id>4</a:id>
                </a:ruleInputTestConfigs>
                <a:ruleInputTestConfigs>
                    <a:value xmlns:xsi="http://www.w3.org/2001/XMLSchema-instance" xsi:type="a:Expression">null</a:value>
                    <a:nameRef>isActive</a:nameRef>
                    <a:id>5</a:id>
                </a:ruleInputTestConfigs>
                <a:ruleInputTestConfigs>
                    <a:value xmlns:xsi="http://www.w3.org/2001/XMLSchema-instance" xsi:type="a:Expression">null</a:value>
                    <a:nameRef>milestoneConfigId</a:nameRef>
                    <a:id>6</a:id>
                </a:ruleInputTestConfigs>
                <a:ruleInputTestConfigs>
                    <a:value xmlns:xsi="http://www.w3.org/2001/XMLSchema-instance" xsi:type="a:Expression">null</a:value>
                    <a:nameRef>nextMilestoneId</a:nameRef>
                    <a:id>7</a:id>
                </a:ruleInputTestConfigs>
                <a:ruleInputTestConfigs>
                    <a:value xmlns:xsi="http://www.w3.org/2001/XMLSchema-instance" xsi:type="a:Expression">null</a:value>
                    <a:nameRef>createdOn</a:nameRef>
                    <a:id>8</a:id>
                </a:ruleInputTestConfigs>
                <a:ruleInputTestConfigs>
                    <a:value xmlns:xsi="http://www.w3.org/2001/XMLSchema-instance" xsi:type="a:Expression">null</a:value>
                    <a:nameRef>createdBy</a:nameRef>
                    <a:id>9</a:id>
                </a:ruleInputTestConfigs>
                <a:assertions xmlns:xsi="http://www.w3.org/2001/XMLSchema-instance" xsi:nil="true"/>
                <a:isDefault>false</a:isDefault>
            </el>
            <el>
                <a:name>Uses default paging info</a:name>
                <a:ruleInputTestConfigs>
                    <a:value xmlns:xsi="http://www.w3.org/2001/XMLSchema-instance" xsi:type="a:Expression">null</a:value>
                    <a:nameRef>milestoneId</a:nameRef>
                    <a:id>1</a:id>
                </a:ruleInputTestConfigs>
                <a:ruleInputTestConfigs>
                    <a:value xmlns:xsi="http://www.w3.org/2001/XMLSchema-instance" xsi:type="a:Expression">null</a:value>
                    <a:nameRef>modifiedOn</a:nameRef>
                    <a:id>2</a:id>
                </a:ruleInputTestConfigs>
                <a:ruleInputTestConfigs>
                    <a:value xmlns:xsi="http://www.w3.org/2001/XMLSchema-instance" xsi:type="a:Expression">null</a:value>
                    <a:nameRef>modifiedBy</a:nameRef>
                    <a:id>3</a:id>
                </a:ruleInputTestConfigs>
                <a:ruleInputTestConfigs>
                    <a:value xmlns:xsi="http://www.w3.org/2001/XMLSchema-instance" xsi:type="a:Expression">null</a:value>
                    <a:nameRef>pagingInfo</a:nameRef>
                    <a:id>4</a:id>
                </a:ruleInputTestConfigs>
                <a:ruleInputTestConfigs>
                    <a:value xmlns:xsi="http://www.w3.org/2001/XMLSchema-instance" xsi:type="a:Expression">null</a:value>
                    <a:nameRef>isActive</a:nameRef>
                    <a:id>5</a:id>
                </a:ruleInputTestConfigs>
                <a:ruleInputTestConfigs>
                    <a:value xmlns:xsi="http://www.w3.org/2001/XMLSchema-instance" xsi:type="a:Expression">null</a:value>
                    <a:nameRef>milestoneConfigId</a:nameRef>
                    <a:id>6</a:id>
                </a:ruleInputTestConfigs>
                <a:ruleInputTestConfigs>
                    <a:value xmlns:xsi="http://www.w3.org/2001/XMLSchema-instance" xsi:type="a:Expression">null</a:value>
                    <a:nameRef>nextMilestoneId</a:nameRef>
                    <a:id>7</a:id>
                </a:ruleInputTestConfigs>
                <a:ruleInputTestConfigs>
                    <a:value xmlns:xsi="http://www.w3.org/2001/XMLSchema-instance" xsi:type="a:Expression">null</a:value>
                    <a:nameRef>createdOn</a:nameRef>
                    <a:id>8</a:id>
                </a:ruleInputTestConfigs>
                <a:ruleInputTestConfigs>
                    <a:value xmlns:xsi="http://www.w3.org/2001/XMLSchema-instance" xsi:type="a:Expression">null</a:value>
                    <a:nameRef>createdBy</a:nameRef>
                    <a:id>9</a:id>
                </a:ruleInputTestConfigs>
                <a:assertions xmlns:xsi="http://www.w3.org/2001/XMLSchema-instance" xsi:nil="true"/>
                <a:isDefault>false</a:isDefault>
            </el>
            <el>
                <a:name>Combines multiple filters</a:name>
                <a:ruleInputTestConfigs>
                    <a:value xmlns:xsi="http://www.w3.org/2001/XMLSchema-instance" xsi:type="a:Expression">{1,2}</a:value>
                    <a:nameRef>milestoneId</a:nameRef>
                    <a:id>1</a:id>
                </a:ruleInputTestConfigs>
                <a:ruleInputTestConfigs>
                    <a:value xmlns:xsi="http://www.w3.org/2001/XMLSchema-instance" xsi:type="a:Expression">{datetime(2022,1,1,0,0,0)}</a:value>
                    <a:nameRef>modifiedOn</a:nameRef>
                    <a:id>2</a:id>
                </a:ruleInputTestConfigs>
                <a:ruleInputTestConfigs>
                    <a:value xmlns:xsi="http://www.w3.org/2001/XMLSchema-instance" xsi:type="a:Expression">{"user1"}</a:value>
                    <a:nameRef>modifiedBy</a:nameRef>
                    <a:id>3</a:id>
                </a:ruleInputTestConfigs>
                <a:ruleInputTestConfigs>
                    <a:value xmlns:xsi="http://www.w3.org/2001/XMLSchema-instance" xsi:type="a:Expression">{"startIndex":1,"batchSize":10,"sort":{"field":"milestone_id","ascending":true}}</a:value>
                    <a:nameRef>pagingInfo</a:nameRef>
                    <a:id>4</a:id>
                </a:ruleInputTestConfigs>
                <a:ruleInputTestConfigs>
                    <a:value xmlns:xsi="http://www.w3.org/2001/XMLSchema-instance" xsi:type="a:Expression">1</a:value>
                    <a:nameRef>isActive</a:nameRef>
                    <a:id>5</a:id>
                </a:ruleInputTestConfigs>
                <a:ruleInputTestConfigs>
                    <a:value xmlns:xsi="http://www.w3.org/2001/XMLSchema-instance" xsi:type="a:Expression">{3,4}</a:value>
                    <a:nameRef>milestoneConfigId</a:nameRef>
                    <a:id>6</a:id>
                </a:ruleInputTestConfigs>
                <a:ruleInputTestConfigs>
                    <a:value xmlns:xsi="http://www.w3.org/2001/XMLSchema-instance" xsi:type="a:Expression">{5,6}</a:value>
                    <a:nameRef>nextMilestoneId</a:nameRef>
                    <a:id>7</a:id>
                </a:ruleInputTestConfigs>
                <a:ruleInputTestConfigs>
                    <a:value xmlns:xsi="http://www.w3.org/2001/XMLSchema-instance" xsi:type="a:Expression">{datetime(2022,2,1,0,0,0)}</a:value>
                    <a:nameRef>createdOn</a:nameRef>
                    <a:id>8</a:id>
                </a:ruleInputTestConfigs>
                <a:ruleInputTestConfigs>
                    <a:value xmlns:xsi="http://www.w3.org/2001/XMLSchema-instance" xsi:type="a:Expression">{"user2"}</a:value>
                    <a:nameRef>createdBy</a:nameRef>
                    <a:id>9</a:id>
                </a:ruleInputTestConfigs>
                <a:assertions xmlns:xsi="http://www.w3.org/2001/XMLSchema-instance" xsi:nil="true"/>
                <a:isDefault>false</a:isDefault>
            </el>
        </value>
    </typedValue>
    <history>
        <historyInfo versionUuid="_a-0000e4e9-ef8d-8000-5259-1bef901bef90_354977"/>
        <historyInfo versionUuid="_a-0000e4e9-ef8d-8000-5259-1bef901bef90_378277"/>
        <historyInfo versionUuid="_a-0000e518-940a-8000-525e-1bef901bef90_463069"/>
        <historyInfo versionUuid="_a-0000e518-940a-8000-525e-1bef901bef90_519490"/>
        <historyInfo versionUuid="_a-0000e5ea-27a1-8000-5269-1bef901bef90_773982"/>
        <historyInfo versionUuid="_a-0000ed9a-d049-8000-9c18-011c48011c48_10186780"/>
    </history>
</contentHaul>
