<?xml version="1.0" encoding="UTF-8" standalone="yes"?>
<contentHaul xmlns:a="http://www.appian.com/ae/types/2009">
    <versionUuid>_a-0000ed9a-d049-8000-9c18-011c48011c48_10182015</versionUuid>
    <rule>
        <name>EAP_utilsCustomPickerSuggestedFunction</name>
        <uuid>_a-0000e4cd-1af4-8000-5255-1bef901bef90_185945</uuid>
        <description>holds the rule for suggested function field in Custom Picker</description>
        <parentUuid>_a-0000e4c3-7a1b-8000-524f-1bef901bef90_6574</parentUuid>
        <visibility>
            <advertise>false</advertise>
            <hierarchy>true</hierarchy>
            <indexable>true</indexable>
            <quota>false</quota>
            <searchable>true</searchable>
            <system>false</system>
            <unlogged>false</unlogged>
        </visibility>
        <definition>a!localVariables(
  local!matches: where(apply(search(ri!filter, _), ri!labels)),
  'type!{http://www.appian.com/ae/types/2009}DataSubset'(
    data: index(ri!labels, local!matches, {}),
    identifiers: index(ri!idenifiers, local!matches, {})
  )
)</definition>
        <namedTypedValue>
            <name>labels</name>
            <type>
                <name>Text?list</name>
                <namespace>http://www.appian.com/ae/types/2009</namespace>
            </type>
        </namedTypedValue>
        <namedTypedValue>
            <name>idenifiers</name>
            <type>
                <name>Variant</name>
                <namespace>http://www.appian.com/ae/types/2009</namespace>
            </type>
        </namedTypedValue>
        <namedTypedValue>
            <name>filter</name>
            <type>
                <name>Variant</name>
                <namespace>http://www.appian.com/ae/types/2009</namespace>
            </type>
        </namedTypedValue>
        <preferredEditor>legacy</preferredEditor>
        <offlineEnabled>false</offlineEnabled>
    </rule>
    <roleMap public="true">
        <role inherit="true" allowForAll="false" name="readers">
            <users/>
            <groups/>
        </role>
        <role inherit="true" allowForAll="false" name="authors">
            <users/>
            <groups/>
        </role>
        <role inherit="true" allowForAll="false" name="administrators">
            <users/>
            <groups/>
        </role>
        <role inherit="false" allowForAll="false" name="denyReaders">
            <users/>
            <groups/>
        </role>
        <role inherit="false" allowForAll="false" name="denyAuthors">
            <users/>
            <groups/>
        </role>
        <role inherit="false" allowForAll="false" name="denyAdministrators">
            <users/>
            <groups/>
        </role>
    </roleMap>
    <typedValue>
        <type>
            <name>RuleTestConfig?list</name>
            <namespace>http://www.appian.com/ae/types/2009</namespace>
        </type>
        <value>
            <el>
                <a:name>Returns empty list for empty inputs</a:name>
                <a:ruleInputTestConfigs>
                    <a:value xmlns:xsi="http://www.w3.org/2001/XMLSchema-instance" xsi:type="a:Expression">{}</a:value>
                    <a:nameRef>labels</a:nameRef>
                    <a:id>1</a:id>
                </a:ruleInputTestConfigs>
                <a:ruleInputTestConfigs>
                    <a:value xmlns:xsi="http://www.w3.org/2001/XMLSchema-instance" xsi:type="a:Expression">{}</a:value>
                    <a:nameRef>idenifiers</a:nameRef>
                    <a:id>2</a:id>
                </a:ruleInputTestConfigs>
                <a:ruleInputTestConfigs>
                    <a:value xmlns:xsi="http://www.w3.org/2001/XMLSchema-instance" xsi:type="a:Expression">{}</a:value>
                    <a:nameRef>filter</a:nameRef>
                    <a:id>3</a:id>
                </a:ruleInputTestConfigs>
                <a:assertions xmlns:xsi="http://www.w3.org/2001/XMLSchema-instance" xsi:nil="true"/>
                <a:isDefault>false</a:isDefault>
            </el>
            <el>
                <a:name>Matches multiple labels</a:name>
                <a:ruleInputTestConfigs>
                    <a:value xmlns:xsi="http://www.w3.org/2001/XMLSchema-instance" xsi:type="a:Expression">{"apple","banana","orange"}</a:value>
                    <a:nameRef>labels</a:nameRef>
                    <a:id>1</a:id>
                </a:ruleInputTestConfigs>
                <a:ruleInputTestConfigs>
                    <a:value xmlns:xsi="http://www.w3.org/2001/XMLSchema-instance" xsi:type="a:Expression">{"id1","id2","id3"}</a:value>
                    <a:nameRef>idenifiers</a:nameRef>
                    <a:id>2</a:id>
                </a:ruleInputTestConfigs>
                <a:ruleInputTestConfigs>
                    <a:value xmlns:xsi="http://www.w3.org/2001/XMLSchema-instance" xsi:type="a:Expression">"an"</a:value>
                    <a:nameRef>filter</a:nameRef>
                    <a:id>3</a:id>
                </a:ruleInputTestConfigs>
                <a:assertions>
                    <a:expectedOutput>
                        <a:type a:uuid="{http://www.appian.com/ae/types/2009}DataSubset"/>
                        <a:runtimeType a:uuid="{http://www.appian.com/ae/types/2009}DataSubset"/>
                        <a:value xmlns:xsi="http://www.w3.org/2001/XMLSchema-instance" xsi:type="a:DataSubset">
                            <data xmlns:xsd="http://www.w3.org/2001/XMLSchema" xsi:type="xsd:string">banana</data>
                            <data xmlns:xsd="http://www.w3.org/2001/XMLSchema" xsi:type="xsd:string">orange</data>
                            <identifiers xmlns:xsd="http://www.w3.org/2001/XMLSchema" xsi:type="xsd:string">id2</identifiers>
                            <identifiers xmlns:xsd="http://www.w3.org/2001/XMLSchema" xsi:type="xsd:string">id3</identifiers>
                        </a:value>
                    </a:expectedOutput>
                </a:assertions>
                <a:isDefault>false</a:isDefault>
            </el>
            <el>
                <a:name>Handles identifiers with multiple values</a:name>
                <a:ruleInputTestConfigs>
                    <a:value xmlns:xsi="http://www.w3.org/2001/XMLSchema-instance" xsi:type="a:Expression">{"apple"}</a:value>
                    <a:nameRef>labels</a:nameRef>
                    <a:id>1</a:id>
                </a:ruleInputTestConfigs>
                <a:ruleInputTestConfigs>
                    <a:value xmlns:xsi="http://www.w3.org/2001/XMLSchema-instance" xsi:type="a:Expression">{1,2,3}</a:value>
                    <a:nameRef>idenifiers</a:nameRef>
                    <a:id>2</a:id>
                </a:ruleInputTestConfigs>
                <a:ruleInputTestConfigs>
                    <a:value xmlns:xsi="http://www.w3.org/2001/XMLSchema-instance" xsi:type="a:Expression">"apple"</a:value>
                    <a:nameRef>filter</a:nameRef>
                    <a:id>3</a:id>
                </a:ruleInputTestConfigs>
                <a:assertions>
                    <a:expectedOutput>
                        <a:type a:uuid="{http://www.appian.com/ae/types/2009}DataSubset"/>
                        <a:runtimeType a:uuid="{http://www.appian.com/ae/types/2009}DataSubset"/>
                        <a:value xmlns:xsi="http://www.w3.org/2001/XMLSchema-instance" xsi:type="a:DataSubset">
                            <data xmlns:xsd="http://www.w3.org/2001/XMLSchema" xsi:type="xsd:string">apple</data>
                            <identifiers xmlns:xsd="http://www.w3.org/2001/XMLSchema" xsi:type="xsd:int">1</identifiers>
                        </a:value>
                    </a:expectedOutput>
                </a:assertions>
                <a:isDefault>false</a:isDefault>
            </el>
        </value>
    </typedValue>
    <history>
        <historyInfo versionUuid="_a-0000e4cd-1af4-8000-5255-1bef901bef90_186889"/>
        <historyInfo versionUuid="_a-0000e4cd-1af4-8000-5255-1bef901bef90_204335"/>
        <historyInfo versionUuid="_a-0000ed9a-d049-8000-9c18-011c48011c48_10182015"/>
    </history>
</contentHaul>
