<?xml version="1.0" encoding="UTF-8" standalone="yes"?>
<contentHaul xmlns:a="http://www.appian.com/ae/types/2009">
    <versionUuid>_a-0000e4cd-1af4-8000-5255-1bef901bef90_79927</versionUuid>
    <constant>
        <name>EAP_VALID_FIELD_LENGTH</name>
        <uuid>_a-0000e4c6-e892-8000-5254-1bef901bef90_42536</uuid>
        <description>1) 255 |
2) 30 |
3) 20 |
4) 100 |
5) 50 |
6)  10 |
7) 200 |
8) 4000 |
9) 1000 |
10) 5 |</description>
        <parentUuid>_a-0000e4c3-7a1b-8000-524f-1bef901bef90_6586</parentUuid>
        <visibility>
            <advertise>false</advertise>
            <hierarchy>true</hierarchy>
            <indexable>true</indexable>
            <quota>false</quota>
            <searchable>true</searchable>
            <system>false</system>
            <unlogged>false</unlogged>
        </visibility>
        <typedValue>
            <type>
                <name>Integer?list</name>
                <namespace>http://www.appian.com/ae/types/2009</namespace>
            </type>
            <value>
                <el>255</el>
                <el>30</el>
                <el>20</el>
                <el>100</el>
                <el>50</el>
                <el>10</el>
                <el>200</el>
                <el>4000</el>
                <el>1000</el>
                <el>5</el>
            </value>
        </typedValue>
        <isEnvironmentSpecific>false</isEnvironmentSpecific>
    </constant>
    <roleMap public="true">
        <role inherit="true" allowForAll="false" name="readers">
            <users/>
            <groups/>
        </role>
        <role inherit="true" allowForAll="false" name="authors">
            <users/>
            <groups/>
        </role>
        <role inherit="true" allowForAll="false" name="administrators">
            <users/>
            <groups/>
        </role>
        <role inherit="false" allowForAll="false" name="denyReaders">
            <users/>
            <groups/>
        </role>
        <role inherit="false" allowForAll="false" name="denyAuthors">
            <users/>
            <groups/>
        </role>
        <role inherit="false" allowForAll="false" name="denyAdministrators">
            <users/>
            <groups/>
        </role>
    </roleMap>
    <history>
        <historyInfo versionUuid="_a-0000e4cd-1af4-8000-5255-1bef901bef90_79927"/>
    </history>
</contentHaul>
