<?xml version="1.0" encoding="UTF-8" standalone="yes"?>
<contentHaul xmlns:a="http://www.appian.com/ae/types/2009">
    <versionUuid>_a-0000ed9a-d049-8000-9c18-011c48011c48_10178152</versionUuid>
    <rule>
        <name>EAP_setValueForOutEmailContact</name>
        <uuid>_a-0000e5ac-f704-8000-5264-1bef901bef90_745560</uuid>
        <description>Hold set value rule for EAP_T_OutEmailContact</description>
        <parentUuid>_a-0000e4c3-7a1b-8000-524f-1bef901bef90_6574</parentUuid>
        <visibility>
            <advertise>false</advertise>
            <hierarchy>true</hierarchy>
            <indexable>true</indexable>
            <quota>false</quota>
            <searchable>true</searchable>
            <system>false</system>
            <unlogged>false</unlogged>
        </visibility>
        <definition>if(
  #"_a-0000e4b2-6487-8000-2b63-01ef9001ef90_3233095"(ri!outEmailContacts),
  null,
  #"SYSTEM_SYSRULES_forEach"(
    items: ri!outEmailContacts,
    expression: #"_a-0000e5ac-f704-8000-5264-1bef901bef90_742568"(
      outEmailProcessTemplateMappingId:if(
        #"_a-0000e4b2-6487-8000-2b63-01ef9001ef90_3233095"(ri!outEmailProcessTemplateMappingId),
        ri!outEmailContacts[fv!index].out_email_process_template_mapping_id,
        ri!outEmailProcessTemplateMappingId
      ),
      outEmailTemplateConfigId:if(
        #"_a-0000e4b2-6487-8000-2b63-01ef9001ef90_3233095"(ri!outEmailTemplateConfigId),
        ri!outEmailContacts[fv!index].out_email_template_config_id,
        ri!outEmailTemplateConfigId
      ),
      outEmailContactId:if(
        #"_a-0000e4b2-6487-8000-2b63-01ef9001ef90_3233095"(ri!outEmailContactId),
        ri!outEmailContacts[fv!index].out_email_contact_id,
        ri!outEmailContactId
      ),
      sendAs:if(
        #"_a-0000e4b2-6487-8000-2b63-01ef9001ef90_3233095"(ri!sendAs),
        ri!outEmailContacts[fv!index].send_as,
        ri!sendAs
      ), 
      recipientType:if(
        #"_a-0000e4b2-6487-8000-2b63-01ef9001ef90_3233095"(ri!recipientType),
        ri!outEmailContacts[fv!index].recipient_type,
        ri!recipientType
      ), 
      recipient:if(
        #"_a-0000e4b2-6487-8000-2b63-01ef9001ef90_3233095"(ri!recipient),
        ri!outEmailContacts[fv!index].recipient,
        ri!recipient
      ),
      isActive:if(
        #"_a-0000e4b2-6487-8000-2b63-01ef9001ef90_3233095"(ri!isActive),
        ri!outEmailContacts[fv!index].is_active,
        ri!isActive
      ),
      createdBy:if(
        #"_a-0000e4b2-6487-8000-2b63-01ef9001ef90_3233095"(ri!createdBy),
        ri!outEmailContacts[fv!index].created_by,
        ri!createdBy
      ),
      createdOn:if(
        #"_a-0000e4b2-6487-8000-2b63-01ef9001ef90_3233095"(ri!createdOn),
        ri!outEmailContacts[fv!index].created_on,
        ri!createdOn
      ),
      modifiedBy:if(
        #"_a-0000e4b2-6487-8000-2b63-01ef9001ef90_3233095"(ri!modifiedBy),
        ri!outEmailContacts[fv!index].modified_by,
        ri!modifiedBy
      ),
      modifiedOn:if(
        #"_a-0000e4b2-6487-8000-2b63-01ef9001ef90_3233095"(ri!modifiedOn),
        ri!outEmailContacts[fv!index].modified_on,
        ri!modifiedOn
      )
    )
  )
)




</definition>
        <namedTypedValue>
            <name>outEmailProcessTemplateMappingId</name>
            <type>
                <name>Integer?list</name>
                <namespace>http://www.appian.com/ae/types/2009</namespace>
            </type>
        </namedTypedValue>
        <namedTypedValue>
            <name>sendAs</name>
            <type>
                <name>Text?list</name>
                <namespace>http://www.appian.com/ae/types/2009</namespace>
            </type>
        </namedTypedValue>
        <namedTypedValue>
            <name>isActive</name>
            <type>
                <name>Integer?list</name>
                <namespace>http://www.appian.com/ae/types/2009</namespace>
            </type>
        </namedTypedValue>
        <namedTypedValue>
            <name>createdBy</name>
            <type>
                <name>Text?list</name>
                <namespace>http://www.appian.com/ae/types/2009</namespace>
            </type>
        </namedTypedValue>
        <namedTypedValue>
            <name>createdOn</name>
            <type>
                <name>Datetime?list</name>
                <namespace>http://www.appian.com/ae/types/2009</namespace>
            </type>
        </namedTypedValue>
        <namedTypedValue>
            <name>modifiedBy</name>
            <type>
                <name>Text?list</name>
                <namespace>http://www.appian.com/ae/types/2009</namespace>
            </type>
        </namedTypedValue>
        <namedTypedValue>
            <name>modifiedOn</name>
            <type>
                <name>Datetime?list</name>
                <namespace>http://www.appian.com/ae/types/2009</namespace>
            </type>
        </namedTypedValue>
        <namedTypedValue>
            <name>outEmailTemplateConfigId</name>
            <type>
                <name>Integer?list</name>
                <namespace>http://www.appian.com/ae/types/2009</namespace>
            </type>
        </namedTypedValue>
        <namedTypedValue>
            <name>recipientType</name>
            <type>
                <name>Text?list</name>
                <namespace>http://www.appian.com/ae/types/2009</namespace>
            </type>
        </namedTypedValue>
        <namedTypedValue>
            <name>recipient</name>
            <type>
                <name>Text?list</name>
                <namespace>http://www.appian.com/ae/types/2009</namespace>
            </type>
        </namedTypedValue>
        <namedTypedValue>
            <name>outEmailContactId</name>
            <type>
                <name>Integer?list</name>
                <namespace>http://www.appian.com/ae/types/2009</namespace>
            </type>
        </namedTypedValue>
        <namedTypedValue>
            <name>outEmailContacts</name>
            <type>
                <name>EAP_T_OutEmailContact?list</name>
                <namespace>urn:com:appian:types:eap</namespace>
            </type>
        </namedTypedValue>
        <preferredEditor>legacy</preferredEditor>
        <offlineEnabled>false</offlineEnabled>
    </rule>
    <roleMap public="true">
        <role inherit="true" allowForAll="false" name="readers">
            <users/>
            <groups/>
        </role>
        <role inherit="true" allowForAll="false" name="authors">
            <users/>
            <groups/>
        </role>
        <role inherit="true" allowForAll="false" name="administrators">
            <users/>
            <groups/>
        </role>
        <role inherit="false" allowForAll="false" name="denyReaders">
            <users/>
            <groups/>
        </role>
        <role inherit="false" allowForAll="false" name="denyAuthors">
            <users/>
            <groups/>
        </role>
        <role inherit="false" allowForAll="false" name="denyAdministrators">
            <users/>
            <groups/>
        </role>
    </roleMap>
    <typedValue>
        <type>
            <name>RuleTestConfig?list</name>
            <namespace>http://www.appian.com/ae/types/2009</namespace>
        </type>
        <value>
            <el>
                <a:name>Handles null outEmailContacts</a:name>
                <a:ruleInputTestConfigs>
                    <a:value xmlns:xsi="http://www.w3.org/2001/XMLSchema-instance" xsi:type="a:Expression">{}</a:value>
                    <a:nameRef>outEmailProcessTemplateMappingId</a:nameRef>
                    <a:id>1</a:id>
                </a:ruleInputTestConfigs>
                <a:ruleInputTestConfigs>
                    <a:value xmlns:xsi="http://www.w3.org/2001/XMLSchema-instance" xsi:type="a:Expression">{}</a:value>
                    <a:nameRef>sendAs</a:nameRef>
                    <a:id>2</a:id>
                </a:ruleInputTestConfigs>
                <a:ruleInputTestConfigs>
                    <a:value xmlns:xsi="http://www.w3.org/2001/XMLSchema-instance" xsi:type="a:Expression">{}</a:value>
                    <a:nameRef>isActive</a:nameRef>
                    <a:id>3</a:id>
                </a:ruleInputTestConfigs>
                <a:ruleInputTestConfigs>
                    <a:value xmlns:xsi="http://www.w3.org/2001/XMLSchema-instance" xsi:type="a:Expression">{}</a:value>
                    <a:nameRef>createdBy</a:nameRef>
                    <a:id>4</a:id>
                </a:ruleInputTestConfigs>
                <a:ruleInputTestConfigs>
                    <a:value xmlns:xsi="http://www.w3.org/2001/XMLSchema-instance" xsi:type="a:Expression">{}</a:value>
                    <a:nameRef>createdOn</a:nameRef>
                    <a:id>5</a:id>
                </a:ruleInputTestConfigs>
                <a:ruleInputTestConfigs>
                    <a:value xmlns:xsi="http://www.w3.org/2001/XMLSchema-instance" xsi:type="a:Expression">{}</a:value>
                    <a:nameRef>modifiedBy</a:nameRef>
                    <a:id>6</a:id>
                </a:ruleInputTestConfigs>
                <a:ruleInputTestConfigs>
                    <a:value xmlns:xsi="http://www.w3.org/2001/XMLSchema-instance" xsi:type="a:Expression">{}</a:value>
                    <a:nameRef>modifiedOn</a:nameRef>
                    <a:id>7</a:id>
                </a:ruleInputTestConfigs>
                <a:ruleInputTestConfigs>
                    <a:value xmlns:xsi="http://www.w3.org/2001/XMLSchema-instance" xsi:type="a:Expression">{}</a:value>
                    <a:nameRef>outEmailTemplateConfigId</a:nameRef>
                    <a:id>8</a:id>
                </a:ruleInputTestConfigs>
                <a:ruleInputTestConfigs>
                    <a:value xmlns:xsi="http://www.w3.org/2001/XMLSchema-instance" xsi:type="a:Expression">{}</a:value>
                    <a:nameRef>recipientType</a:nameRef>
                    <a:id>9</a:id>
                </a:ruleInputTestConfigs>
                <a:ruleInputTestConfigs>
                    <a:value xmlns:xsi="http://www.w3.org/2001/XMLSchema-instance" xsi:type="a:Expression">{}</a:value>
                    <a:nameRef>recipient</a:nameRef>
                    <a:id>10</a:id>
                </a:ruleInputTestConfigs>
                <a:ruleInputTestConfigs>
                    <a:value xmlns:xsi="http://www.w3.org/2001/XMLSchema-instance" xsi:type="a:Expression">{}</a:value>
                    <a:nameRef>outEmailContactId</a:nameRef>
                    <a:id>11</a:id>
                </a:ruleInputTestConfigs>
                <a:ruleInputTestConfigs>
                    <a:value xmlns:xsi="http://www.w3.org/2001/XMLSchema-instance" xsi:type="a:Expression">null</a:value>
                    <a:nameRef>outEmailContacts</a:nameRef>
                    <a:id>12</a:id>
                </a:ruleInputTestConfigs>
                <a:assertions>
                    <a:expectedOutput>
                        <a:type a:uuid="{http://www.appian.com/ae/types/2009}Null"/>
                        <a:runtimeType a:uuid="{http://www.appian.com/ae/types/2009}Null"/>
                    </a:expectedOutput>
                </a:assertions>
                <a:isDefault>false</a:isDefault>
            </el>
            <el>
                <a:name>Handles non-null outEmailContacts</a:name>
                <a:ruleInputTestConfigs>
                    <a:value xmlns:xsi="http://www.w3.org/2001/XMLSchema-instance" xsi:type="a:Expression">{}</a:value>
                    <a:nameRef>outEmailProcessTemplateMappingId</a:nameRef>
                    <a:id>1</a:id>
                </a:ruleInputTestConfigs>
                <a:ruleInputTestConfigs>
                    <a:value xmlns:xsi="http://www.w3.org/2001/XMLSchema-instance" xsi:type="a:Expression">{}</a:value>
                    <a:nameRef>sendAs</a:nameRef>
                    <a:id>2</a:id>
                </a:ruleInputTestConfigs>
                <a:ruleInputTestConfigs>
                    <a:value xmlns:xsi="http://www.w3.org/2001/XMLSchema-instance" xsi:type="a:Expression">{}</a:value>
                    <a:nameRef>isActive</a:nameRef>
                    <a:id>3</a:id>
                </a:ruleInputTestConfigs>
                <a:ruleInputTestConfigs>
                    <a:value xmlns:xsi="http://www.w3.org/2001/XMLSchema-instance" xsi:type="a:Expression">{}</a:value>
                    <a:nameRef>createdBy</a:nameRef>
                    <a:id>4</a:id>
                </a:ruleInputTestConfigs>
                <a:ruleInputTestConfigs>
                    <a:value xmlns:xsi="http://www.w3.org/2001/XMLSchema-instance" xsi:type="a:Expression">{}</a:value>
                    <a:nameRef>createdOn</a:nameRef>
                    <a:id>5</a:id>
                </a:ruleInputTestConfigs>
                <a:ruleInputTestConfigs>
                    <a:value xmlns:xsi="http://www.w3.org/2001/XMLSchema-instance" xsi:type="a:Expression">{}</a:value>
                    <a:nameRef>modifiedBy</a:nameRef>
                    <a:id>6</a:id>
                </a:ruleInputTestConfigs>
                <a:ruleInputTestConfigs>
                    <a:value xmlns:xsi="http://www.w3.org/2001/XMLSchema-instance" xsi:type="a:Expression">{}</a:value>
                    <a:nameRef>modifiedOn</a:nameRef>
                    <a:id>7</a:id>
                </a:ruleInputTestConfigs>
                <a:ruleInputTestConfigs>
                    <a:value xmlns:xsi="http://www.w3.org/2001/XMLSchema-instance" xsi:type="a:Expression">{}</a:value>
                    <a:nameRef>outEmailTemplateConfigId</a:nameRef>
                    <a:id>8</a:id>
                </a:ruleInputTestConfigs>
                <a:ruleInputTestConfigs>
                    <a:value xmlns:xsi="http://www.w3.org/2001/XMLSchema-instance" xsi:type="a:Expression">{}</a:value>
                    <a:nameRef>recipientType</a:nameRef>
                    <a:id>9</a:id>
                </a:ruleInputTestConfigs>
                <a:ruleInputTestConfigs>
                    <a:value xmlns:xsi="http://www.w3.org/2001/XMLSchema-instance" xsi:type="a:Expression">{}</a:value>
                    <a:nameRef>recipient</a:nameRef>
                    <a:id>10</a:id>
                </a:ruleInputTestConfigs>
                <a:ruleInputTestConfigs>
                    <a:value xmlns:xsi="http://www.w3.org/2001/XMLSchema-instance" xsi:type="a:Expression">{}</a:value>
                    <a:nameRef>outEmailContactId</a:nameRef>
                    <a:id>11</a:id>
                </a:ruleInputTestConfigs>
                <a:ruleInputTestConfigs>
                    <a:value xmlns:xsi="http://www.w3.org/2001/XMLSchema-instance" xsi:type="a:Expression">{'type!{urn:com:appian:types:eap}EAP_T_OutEmailContact'(out_email_contact_id: 1,out_email_template_config_id: 2,out_email_process_template_mapping_id: 3,send_as: "abc",recipient_type: "def",recipient: "ghi",is_active: 4,created_by: "jkl",created_on: now(),modified_by: "mno",modified_on: now())}</a:value>
                    <a:nameRef>outEmailContacts</a:nameRef>
                    <a:id>12</a:id>
                </a:ruleInputTestConfigs>
                <a:assertions xmlns:xsi="http://www.w3.org/2001/XMLSchema-instance" xsi:nil="true"/>
                <a:isDefault>false</a:isDefault>
            </el>
            <el>
                <a:name>Replaces missing values with existing values</a:name>
                <a:ruleInputTestConfigs>
                    <a:value xmlns:xsi="http://www.w3.org/2001/XMLSchema-instance" xsi:type="a:Expression">{100}</a:value>
                    <a:nameRef>outEmailProcessTemplateMappingId</a:nameRef>
                    <a:id>1</a:id>
                </a:ruleInputTestConfigs>
                <a:ruleInputTestConfigs>
                    <a:value xmlns:xsi="http://www.w3.org/2001/XMLSchema-instance" xsi:type="a:Expression">{"xyz"}</a:value>
                    <a:nameRef>sendAs</a:nameRef>
                    <a:id>2</a:id>
                </a:ruleInputTestConfigs>
                <a:ruleInputTestConfigs>
                    <a:value xmlns:xsi="http://www.w3.org/2001/XMLSchema-instance" xsi:type="a:Expression">{500}</a:value>
                    <a:nameRef>isActive</a:nameRef>
                    <a:id>3</a:id>
                </a:ruleInputTestConfigs>
                <a:ruleInputTestConfigs>
                    <a:value xmlns:xsi="http://www.w3.org/2001/XMLSchema-instance" xsi:type="a:Expression">{"vwx"}</a:value>
                    <a:nameRef>createdBy</a:nameRef>
                    <a:id>4</a:id>
                </a:ruleInputTestConfigs>
                <a:ruleInputTestConfigs>
                    <a:value xmlns:xsi="http://www.w3.org/2001/XMLSchema-instance" xsi:type="a:Expression">{"now()+1"}</a:value>
                    <a:nameRef>createdOn</a:nameRef>
                    <a:id>5</a:id>
                </a:ruleInputTestConfigs>
                <a:ruleInputTestConfigs>
                    <a:value xmlns:xsi="http://www.w3.org/2001/XMLSchema-instance" xsi:type="a:Expression">{"yza"}</a:value>
                    <a:nameRef>modifiedBy</a:nameRef>
                    <a:id>6</a:id>
                </a:ruleInputTestConfigs>
                <a:ruleInputTestConfigs>
                    <a:value xmlns:xsi="http://www.w3.org/2001/XMLSchema-instance" xsi:type="a:Expression">{"now()-1"}</a:value>
                    <a:nameRef>modifiedOn</a:nameRef>
                    <a:id>7</a:id>
                </a:ruleInputTestConfigs>
                <a:ruleInputTestConfigs>
                    <a:value xmlns:xsi="http://www.w3.org/2001/XMLSchema-instance" xsi:type="a:Expression">{200}</a:value>
                    <a:nameRef>outEmailTemplateConfigId</a:nameRef>
                    <a:id>8</a:id>
                </a:ruleInputTestConfigs>
                <a:ruleInputTestConfigs>
                    <a:value xmlns:xsi="http://www.w3.org/2001/XMLSchema-instance" xsi:type="a:Expression">{"pqr"}</a:value>
                    <a:nameRef>recipientType</a:nameRef>
                    <a:id>9</a:id>
                </a:ruleInputTestConfigs>
                <a:ruleInputTestConfigs>
                    <a:value xmlns:xsi="http://www.w3.org/2001/XMLSchema-instance" xsi:type="a:Expression">{"stu"}</a:value>
                    <a:nameRef>recipient</a:nameRef>
                    <a:id>10</a:id>
                </a:ruleInputTestConfigs>
                <a:ruleInputTestConfigs>
                    <a:value xmlns:xsi="http://www.w3.org/2001/XMLSchema-instance" xsi:type="a:Expression">{300}</a:value>
                    <a:nameRef>outEmailContactId</a:nameRef>
                    <a:id>11</a:id>
                </a:ruleInputTestConfigs>
                <a:ruleInputTestConfigs>
                    <a:value xmlns:xsi="http://www.w3.org/2001/XMLSchema-instance" xsi:type="a:Expression">{'type!{urn:com:appian:types:eap}EAP_T_OutEmailContact'(out_email_contact_id: 1,out_email_template_config_id: 2,out_email_process_template_mapping_id: 3,send_as: "abc",recipient_type: "def",recipient: "ghi",is_active: 4,created_by: "jkl",created_on: now(),modified_by: "mno",modified_on: now())}</a:value>
                    <a:nameRef>outEmailContacts</a:nameRef>
                    <a:id>12</a:id>
                </a:ruleInputTestConfigs>
                <a:assertions xmlns:xsi="http://www.w3.org/2001/XMLSchema-instance" xsi:nil="true"/>
                <a:isDefault>false</a:isDefault>
            </el>
        </value>
    </typedValue>
    <history>
        <historyInfo versionUuid="_a-0000e5ac-f704-8000-5264-1bef901bef90_745630"/>
        <historyInfo versionUuid="_a-0000ed9a-d049-8000-9c18-011c48011c48_10178152"/>
    </history>
</contentHaul>
