<?xml version="1.0" encoding="UTF-8" standalone="yes"?>
<contentHaul xmlns:a="http://www.appian.com/ae/types/2009">
    <versionUuid>_a-0000ed9a-d049-8000-9c18-011c48011c48_10137279</versionUuid>
    <interface>
        <name>EAP_DisplayParsingHistoricalCallbackFailure</name>
        <uuid>_a-0000e54c-ce50-8000-5260-1bef901bef90_619181</uuid>
        <description>Interface to show the Parsing Historical error for initiator</description>
        <parentUuid>_a-0000e4c3-7a1b-8000-524f-1bef901bef90_6580</parentUuid>
        <visibility>
            <advertise>false</advertise>
            <hierarchy>true</hierarchy>
            <indexable>true</indexable>
            <quota>false</quota>
            <searchable>true</searchable>
            <system>false</system>
            <unlogged>false</unlogged>
        </visibility>
        <definition>a!localVariables(
  local!failedInputParsingFiles: index(
    ri!processHistoricalTransDetailsResponse,
    wherecontains(
      "failed",
      index(ri!processHistoricalTransDetailsResponse,"hist_parsing_status",null)
    ),
    null
  ),
  #"SYSTEM_SYSRULES_formLayout_v1"(
  contents: {
    #"SYSTEM_SYSRULES_boxLayout"(
      style: "ERROR",
      label:  "Input Parsing Error for Request Id: " &amp; ri!requestDetails.requestId,
      contents: {
        #"SYSTEM_SYSRULES_forEach"(
          items: local!failedInputParsingFiles,
          expression: #"SYSTEM_SYSRULES_richTextDisplayField"(
            value: {
              #"SYSTEM_SYSRULES_richTextHeader"(
                text : fv!index
              ),
              #"SYSTEM_SYSRULES_richTextItem_v1"(
                text: "Error in Parsing File : ",
                color: "NEGATIVE",
                style:"STRONG"
              ),
              char(10),
              char(10),
              #"SYSTEM_SYSRULES_richTextItem_v1"(
                text:  fv!item.file_name,
                color: "NEGATIVE",
                style: "EMPHASIS"
              ),
              char(10),
              char(10),
              #"SYSTEM_SYSRULES_richTextItem_v1"(
                text: "Exception Type",
                color: "NEGATIVE",
                style:"STRONG"
              ),
              char(10),
              char(10),
              #"SYSTEM_SYSRULES_richTextItem_v1"(
                text: fv!item.exception_type,
                color: "NEGATIVE",
                style: "EMPHASIS"
              ),
              char(10),
              char(10),
              #"SYSTEM_SYSRULES_richTextItem_v1"(
                text: "Exception Message",
                color: "NEGATIVE",
                style:"STRONG"
              ),
              char(10),
              char(10),
              #"SYSTEM_SYSRULES_richTextItem_v1"(
                text: fv!item.exception_message,
                color: "NEGATIVE",
                style: "EMPHASIS"
              )
            }          
          )
        )
      }
    ),
  },
  buttons: #"SYSTEM_SYSRULES_ButtonLayout"(
    primaryButtons: #"SYSTEM_SYSRULES_ButtonWidget"(
      label: "Close",
      style: "PRIMARY",
      submit: true(),
      saveInto: {
        a!save(
          ri!requestDetails.requestCurrStatus,
          "REQ_CLS"
        ),
        a!save(
          ri!requestDetails.updatedBy,
          loggedInUser()
        ),
        a!save(
          ri!requestDetails.updatedOn,
          now()
        )
      }
    )
  )
)
)</definition>
        <namedTypedValue>
            <name>requestDetails</name>
            <type>
                <name>EAP_T_ProcessRequest</name>
                <namespace>urn:com:appian:types:EAP</namespace>
            </type>
        </namedTypedValue>
        <namedTypedValue>
            <name>processHistoricalTransDetailsResponse</name>
            <type>
                <name>EAP_T_RefProcessHistDetailTrans?list</name>
                <namespace>urn:com:appian:types:eap</namespace>
            </type>
        </namedTypedValue>
        <preferredEditor>interface</preferredEditor>
        <offlineEnabled>false</offlineEnabled>
        <isCustom>false</isCustom>
    </interface>
    <roleMap public="true">
        <role inherit="true" allowForAll="false" name="readers">
            <users/>
            <groups/>
        </role>
        <role inherit="true" allowForAll="false" name="authors">
            <users/>
            <groups/>
        </role>
        <role inherit="true" allowForAll="false" name="administrators">
            <users/>
            <groups/>
        </role>
        <role inherit="false" allowForAll="false" name="denyReaders">
            <users/>
            <groups/>
        </role>
        <role inherit="false" allowForAll="false" name="denyAuthors">
            <users/>
            <groups/>
        </role>
        <role inherit="false" allowForAll="false" name="denyAdministrators">
            <users/>
            <groups/>
        </role>
    </roleMap>
    <history>
        <historyInfo versionUuid="_a-0000e54c-ce50-8000-5260-1bef901bef90_619449"/>
        <historyInfo versionUuid="_a-0000ed9a-d049-8000-9c18-011c48011c48_10137279"/>
    </history>
</contentHaul>
