<?xml version="1.0" encoding="UTF-8" standalone="yes"?>
<contentHaul xmlns:a="http://www.appian.com/ae/types/2009">
    <versionUuid>_a-0000ed9a-d049-8000-9c18-011c48011c48_10179791</versionUuid>
    <rule>
        <name>EAP_verifyUserExistInProcessGroups</name>
        <uuid>_a-0000e56b-0831-8000-5261-1bef901bef90_711929</uuid>
        <description>Holds expression rule to verify maker exists in maker group.</description>
        <parentUuid>_a-0000e4c3-7a1b-8000-524f-1bef901bef90_6574</parentUuid>
        <visibility>
            <advertise>false</advertise>
            <hierarchy>true</hierarchy>
            <indexable>true</indexable>
            <quota>false</quota>
            <searchable>true</searchable>
            <system>false</system>
            <unlogged>false</unlogged>
        </visibility>
        <definition>a!localVariables(
  local!processGroups: if(
    #"_a-0000e4b2-6487-8000-2b63-01ef9001ef90_3233095"(
      ri!processId
    ),
    {},
    #"_a-0000e4c6-4628-8000-5253-1bef901bef90_17287"(
      processId: ri!processId
    )
  ),
  local!processMakerGroup: if(
    #"_a-0000e4b2-6487-8000-2b63-01ef9001ef90_3233095"(
      index(
        local!processGroups,
        "maker_group",
        {}
      )
    ),
    {},
    #"_a-0000e4e8-bfcb-8000-5258-1bef901bef90_256415"(
      inputUUID: index(
        local!processGroups,
        "maker_group",
        {}
      )
    )
  ),
  local!processCheckerGroup: if(
    #"_a-0000e4b2-6487-8000-2b63-01ef9001ef90_3233095"(
      index(
        local!processGroups,
        "checker_group",
        {}
      )
    ),
    {},
    #"_a-0000e4e8-bfcb-8000-5258-1bef901bef90_256415"(
      inputUUID: index(
        local!processGroups,
        "checker_group",
        {}
      )
    )
  ),
  
  local!verifiedData: #"SYSTEM_SYSRULES_forEach"(
    items: ri!tempRefProcessUsers,
    expression: 'type!{urn:com:appian:types:eap}EAP_Temp_ProcessUsers'(
      ProcessId: fv!item.processId,
      userSoeId: fv!item.userSoeId,
      isPrimaryMaker: fv!item.isPrimaryMaker,
      isSecondaryMaker: fv!item.isSecondaryMaker,
      isExpectedMaker: if(
        #"_a-0000e4b2-6487-8000-2b63-01ef9001ef90_3233095"(
          local!processMakerGroup
        ),
        null,
        if(
          #"_a-0000e58b-f438-8000-5262-1bef901bef90_722585"(fv!item.userSoeId)= false(),
          null,
          if(
            tointeger(
              fv!item.isPrimaryMaker
            ) = 1,
            if(
              #"urn:appian:function:v1:fn:isusermemberofgroup?okey=isusermemberofgroup"(
                fv!item.userSoeId,
                local!processMakerGroup
              ),
              fv!item.isExpectedMaker,
              0
            ),
            if(
              tointeger(
                fv!item.isSecondaryMaker
              ) = 1,
              if(
                #"urn:appian:function:v1:fn:isusermemberofgroup?okey=isusermemberofgroup"(
                  fv!item.userSoeId,
                  local!processMakerGroup
                ),
                fv!item.isExpectedMaker,
                0
              ),
              fv!item.isExpectedMaker
            )
          )
        )
      ),
      isPrimaryChecker: fv!item.isPrimaryChecker,
      isSecondaryChecker: fv!item.isSecondaryChecker,
      isExpectedChecker: if(
        #"_a-0000e4b2-6487-8000-2b63-01ef9001ef90_3233095"(
          local!processCheckerGroup
        ),
        null,
        if(
          #"_a-0000e58b-f438-8000-5262-1bef901bef90_722585"(fv!item.userSoeId)= false(),
          null,
          if(
            tointeger(
              fv!item.isPrimaryChecker
            ) = 1,
            if(
              #"urn:appian:function:v1:fn:isusermemberofgroup?okey=isusermemberofgroup"(
                fv!item.userSoeId,
                local!processCheckerGroup
              ),
              fv!item.isExpectedChecker,
              0
            ),
            if(
              tointeger(
                fv!item.isSecondaryChecker
              ) = 1,
              if(
                #"urn:appian:function:v1:fn:isusermemberofgroup?okey=isusermemberofgroup"(
                  fv!item.userSoeId,
                  local!processCheckerGroup
                ),
                fv!item.isExpectedChecker,
                0
              ),
              fv!item.isExpectedChecker
            )
          )
        )
      ),
      isDoa: fv!item.isDoa,
      isExpectedDoa: if(
        and(
          #"_a-0000e4b2-6487-8000-2b63-01ef9001ef90_3233095"(
            local!processMakerGroup
          ),
          #"_a-0000e4b2-6487-8000-2b63-01ef9001ef90_3233095"(
            local!processCheckerGroup
          )
        ),
        null,
        if(
          #"_a-0000e58b-f438-8000-5262-1bef901bef90_722585"(fv!item.userSoeId)= false(),
          null,
          if(
            tointeger(
              fv!item.isDoa
            ) = 1,
            if(
              or(
                #"urn:appian:function:v1:fn:isusermemberofgroup?okey=isusermemberofgroup"(
                  fv!item.userSoeId,
                  local!processMakerGroup
                ),
                #"urn:appian:function:v1:fn:isusermemberofgroup?okey=isusermemberofgroup"(
                  fv!item.userSoeId,
                  local!processCheckerGroup
                )
              ),
              fv!item.isExpectedDoa,
              0
            ),
            fv!item.isExpectedDoa
          )
        )
      ),
      isPowerUser: fv!item.isPowerUser,
      isAuditor: fv!item.isAuditor,
      isViewer: fv!item.isViewer,
      isExpectedAuditor: "",
      isExpectedViewer: "",
      isExpectedPowerUser:"",
      
      createdBy: fv!item.createdBy,
      createdOn: fv!item.createdOn,
      isActive: fv!item.isActive,
      processUserId: fv!item.processUserId,
      updatedBy: fv!item.updatedBy,
      updatedOn: fv!item.updatedOn
    )
  ),
  local!verifiedData
)</definition>
        <namedTypedValue>
            <name>processId</name>
            <type>
                <name>int</name>
                <namespace>http://www.w3.org/2001/XMLSchema</namespace>
            </type>
        </namedTypedValue>
        <namedTypedValue>
            <name>tempRefProcessUsers</name>
            <type>
                <name>EAP_Temp_ProcessUsers?list</name>
                <namespace>urn:com:appian:types:eap</namespace>
            </type>
        </namedTypedValue>
        <preferredEditor>legacy</preferredEditor>
        <offlineEnabled>false</offlineEnabled>
    </rule>
    <roleMap public="true">
        <role inherit="true" allowForAll="false" name="readers">
            <users/>
            <groups/>
        </role>
        <role inherit="true" allowForAll="false" name="authors">
            <users/>
            <groups/>
        </role>
        <role inherit="true" allowForAll="false" name="administrators">
            <users/>
            <groups/>
        </role>
        <role inherit="false" allowForAll="false" name="denyReaders">
            <users/>
            <groups/>
        </role>
        <role inherit="false" allowForAll="false" name="denyAuthors">
            <users/>
            <groups/>
        </role>
        <role inherit="false" allowForAll="false" name="denyAdministrators">
            <users/>
            <groups/>
        </role>
    </roleMap>
    <typedValue>
        <type>
            <name>RuleTestConfig?list</name>
            <namespace>http://www.appian.com/ae/types/2009</namespace>
        </type>
        <value>
            <el>
                <a:name>Validates user group membership</a:name>
                <a:ruleInputTestConfigs>
                    <a:value xmlns:xsi="http://www.w3.org/2001/XMLSchema-instance" xsi:type="a:Expression">1</a:value>
                    <a:nameRef>processId</a:nameRef>
                    <a:id>1</a:id>
                </a:ruleInputTestConfigs>
                <a:ruleInputTestConfigs>
                    <a:value xmlns:xsi="http://www.w3.org/2001/XMLSchema-instance" xsi:type="a:Expression">{'type!{urn:com:appian:types:eap}EAP_Temp_ProcessUsers'(ProcessId: "1",userSoeId: "user1",isPrimaryMaker: "1",isSecondaryMaker: "0",isExpectedMaker: "0",isPrimaryChecker: "0",isSecondaryChecker: "0",isExpectedChecker: "0",isDoa: "0",isExpectedDoa: "0",isPowerUser: "0",isExpectedPowerUser: "",isAuditor: "0",isExpectedAuditor: "",isViewer: "0",isExpectedViewer: "",createdBy: "",createdOn: null,isActive: 1,processUserId: 1,updatedBy: "",updatedOn: null)}</a:value>
                    <a:nameRef>tempRefProcessUsers</a:nameRef>
                    <a:id>2</a:id>
                </a:ruleInputTestConfigs>
                <a:assertions>
                    <a:expectedOutput xmlns:xsi="http://www.w3.org/2001/XMLSchema-instance" xsi:nil="true"/>
                    <a:resultAssertions>length(test!output) = 1</a:resultAssertions>
                </a:assertions>
                <a:isDefault>false</a:isDefault>
            </el>
            <el>
                <a:name>Handles multiple tempRefProcessUsers records</a:name>
                <a:ruleInputTestConfigs>
                    <a:value xmlns:xsi="http://www.w3.org/2001/XMLSchema-instance" xsi:type="a:Expression">1</a:value>
                    <a:nameRef>processId</a:nameRef>
                    <a:id>1</a:id>
                </a:ruleInputTestConfigs>
                <a:ruleInputTestConfigs>
                    <a:value xmlns:xsi="http://www.w3.org/2001/XMLSchema-instance" xsi:type="a:Expression">{'type!{urn:com:appian:types:eap}EAP_Temp_ProcessUsers'(ProcessId: "1",userSoeId: "user1",isPrimaryMaker: "1",isSecondaryMaker: "0",isExpectedMaker: "1",isPrimaryChecker: "0",isSecondaryChecker: "1",isExpectedChecker: "1",isDoa: "0",isExpectedDoa: "0",isPowerUser: "0",isExpectedPowerUser: "",isAuditor: "0",isExpectedAuditor: "",isViewer: "0",isExpectedViewer: "",createdBy: "",createdOn: null,isActive: 1,processUserId: 1,updatedBy: "",updatedOn: null), 'type!{urn:com:appian:types:eap}EAP_Temp_ProcessUsers'(ProcessId: "1",userSoeId: "user2",isPrimaryMaker: "0",isSecondaryMaker: "1",isExpectedMaker: "1",isPrimaryChecker: "1",isSecondaryChecker: "0",isExpectedChecker: "1",isDoa: "0",isExpectedDoa: "0",isPowerUser: "0",isExpectedPowerUser: "",isAuditor: "0",isExpectedAuditor: "",isViewer: "0",isExpectedViewer: "",createdBy: "",createdOn: null,isActive: 1,processUserId: 2,updatedBy: "",updatedOn: null)}</a:value>
                    <a:nameRef>tempRefProcessUsers</a:nameRef>
                    <a:id>2</a:id>
                </a:ruleInputTestConfigs>
                <a:assertions>
                    <a:expectedOutput xmlns:xsi="http://www.w3.org/2001/XMLSchema-instance" xsi:nil="true"/>
                    <a:resultAssertions>length(test!output) = 2</a:resultAssertions>
                </a:assertions>
                <a:isDefault>false</a:isDefault>
            </el>
        </value>
    </typedValue>
    <history>
        <historyInfo versionUuid="_a-0000e58b-f438-8000-5262-1bef901bef90_718679"/>
        <historyInfo versionUuid="_a-0000e58b-f438-8000-5262-1bef901bef90_723085"/>
        <historyInfo versionUuid="_a-0000e58b-f438-8000-5262-1bef901bef90_724232"/>
        <historyInfo versionUuid="_a-0000ed9a-d049-8000-9c18-011c48011c48_10179791"/>
    </history>
</contentHaul>
