<?xml version="1.0" encoding="UTF-8" standalone="yes"?>
<contentHaul xmlns:a="http://www.appian.com/ae/types/2009">
    <versionUuid>_a-0000e54c-ce50-8000-5260-1bef901bef90_567651</versionUuid>
    <constant>
        <name>EAP_DE_PR_DYNAMIC_CONF_DETAIL</name>
        <uuid>_a-0000e54c-ce50-8000-5260-1bef901bef90_567647</uuid>
        <description>Holds DE Constant for EAP_T_PR_DYNAMIC_CONF_DETAIL</description>
        <parentUuid>_a-0000e4c3-7a1b-8000-524f-1bef901bef90_6586</parentUuid>
        <visibility>
            <advertise>false</advertise>
            <hierarchy>true</hierarchy>
            <indexable>true</indexable>
            <quota>false</quota>
            <searchable>true</searchable>
            <system>false</system>
            <unlogged>false</unlogged>
        </visibility>
        <typedValue>
            <type>
                <name>DataStoreEntity</name>
                <namespace>http://www.appian.com/ae/types/2009</namespace>
            </type>
            <value a:id="56d7aa35-31a5-4802-83e1-6e31df3ee160@_a-0000e4cd-1af4-8000-5255-1bef901bef90_85234"/>
        </typedValue>
        <isEnvironmentSpecific>false</isEnvironmentSpecific>
    </constant>
    <roleMap public="true">
        <role inherit="true" allowForAll="false" name="readers">
            <users/>
            <groups/>
        </role>
        <role inherit="true" allowForAll="false" name="authors">
            <users/>
            <groups/>
        </role>
        <role inherit="true" allowForAll="false" name="administrators">
            <users/>
            <groups/>
        </role>
        <role inherit="false" allowForAll="false" name="denyReaders">
            <users/>
            <groups/>
        </role>
        <role inherit="false" allowForAll="false" name="denyAuthors">
            <users/>
            <groups/>
        </role>
        <role inherit="false" allowForAll="false" name="denyAdministrators">
            <users/>
            <groups/>
        </role>
    </roleMap>
    <history>
        <historyInfo versionUuid="_a-0000e54c-ce50-8000-5260-1bef901bef90_567651"/>
    </history>
</contentHaul>
