<?xml version="1.0" encoding="UTF-8" standalone="yes"?>
<contentHaul xmlns:a="http://www.appian.com/ae/types/2009">
    <versionUuid>_a-0000ed9a-d049-8000-9c18-011c48011c48_10180658</versionUuid>
    <rule>
        <name>EAP_utilsCheckIsUserValidAndActive</name>
        <uuid>_a-0000e58b-f438-8000-5262-1bef901bef90_722585</uuid>
        <description>Utils rule for checking whether the input user is active and valid</description>
        <parentUuid>_a-0000e4b2-6487-8000-2b63-01ef9001ef90_3251406</parentUuid>
        <visibility>
            <advertise>false</advertise>
            <hierarchy>true</hierarchy>
            <indexable>true</indexable>
            <quota>false</quota>
            <searchable>true</searchable>
            <system>false</system>
            <unlogged>false</unlogged>
        </visibility>
        <definition>/*Rule for checking whether the provided user is a valid and active in the environment*/
if(
  #"_a-0000e4b2-6487-8000-2b63-01ef9001ef90_3233095"(
    ri!userSOEID
  ),
  null,
  if(
    toboolean(
      isusernametaken(
        ri!userSOEID
      )
    ),
    if(
      toboolean(
        isuseractive(
          ri!userSOEID
        )
      ),
      true(),
      false()
    ),
    false()
  )
)</definition>
        <namedTypedValue>
            <name>userSOEID</name>
            <type>
                <name>string</name>
                <namespace>http://www.w3.org/2001/XMLSchema</namespace>
            </type>
            <value/>
        </namedTypedValue>
        <preferredEditor>legacy</preferredEditor>
        <offlineEnabled>false</offlineEnabled>
    </rule>
    <roleMap public="true">
        <role inherit="true" allowForAll="false" name="readers">
            <users/>
            <groups/>
        </role>
        <role inherit="true" allowForAll="false" name="authors">
            <users/>
            <groups/>
        </role>
        <role inherit="true" allowForAll="false" name="administrators">
            <users/>
            <groups/>
        </role>
        <role inherit="false" allowForAll="false" name="denyReaders">
            <users/>
            <groups/>
        </role>
        <role inherit="false" allowForAll="false" name="denyAuthors">
            <users/>
            <groups/>
        </role>
        <role inherit="false" allowForAll="false" name="denyAdministrators">
            <users/>
            <groups/>
        </role>
    </roleMap>
    <typedValue>
        <type>
            <name>RuleTestConfig?list</name>
            <namespace>http://www.appian.com/ae/types/2009</namespace>
        </type>
        <value>
            <el>
                <a:name>Returns true for valid and active user</a:name>
                <a:ruleInputTestConfigs>
                    <a:value xmlns:xsi="http://www.w3.org/2001/XMLSchema-instance" xsi:type="a:Expression">"validActiveUser"</a:value>
                    <a:nameRef>userSOEID</a:nameRef>
                    <a:id>1</a:id>
                </a:ruleInputTestConfigs>
                <a:assertions>
                    <a:expectedOutput>
                        <a:type a:uuid="{http://www.appian.com/ae/types/2009}Boolean"/>
                        <a:runtimeType a:uuid="{http://www.appian.com/ae/types/2009}Boolean"/>
                        <a:value xmlns:xsd="http://www.w3.org/2001/XMLSchema" xmlns:xsi="http://www.w3.org/2001/XMLSchema-instance" xsi:type="xsd:boolean">false</a:value>
                    </a:expectedOutput>
                </a:assertions>
                <a:isDefault>false</a:isDefault>
            </el>
            <el>
                <a:name>Returns false for valid but inactive user</a:name>
                <a:ruleInputTestConfigs>
                    <a:value xmlns:xsi="http://www.w3.org/2001/XMLSchema-instance" xsi:type="a:Expression">"validInactiveUser"</a:value>
                    <a:nameRef>userSOEID</a:nameRef>
                    <a:id>1</a:id>
                </a:ruleInputTestConfigs>
                <a:assertions>
                    <a:expectedOutput>
                        <a:type a:uuid="{http://www.appian.com/ae/types/2009}Boolean"/>
                        <a:runtimeType a:uuid="{http://www.appian.com/ae/types/2009}Boolean"/>
                        <a:value xmlns:xsd="http://www.w3.org/2001/XMLSchema" xmlns:xsi="http://www.w3.org/2001/XMLSchema-instance" xsi:type="xsd:boolean">false</a:value>
                    </a:expectedOutput>
                </a:assertions>
                <a:isDefault>false</a:isDefault>
            </el>
            <el>
                <a:name>Returns false for invalid user</a:name>
                <a:ruleInputTestConfigs>
                    <a:value xmlns:xsi="http://www.w3.org/2001/XMLSchema-instance" xsi:type="a:Expression">"invalidUser"</a:value>
                    <a:nameRef>userSOEID</a:nameRef>
                    <a:id>1</a:id>
                </a:ruleInputTestConfigs>
                <a:assertions>
                    <a:expectedOutput>
                        <a:type a:uuid="{http://www.appian.com/ae/types/2009}Boolean"/>
                        <a:runtimeType a:uuid="{http://www.appian.com/ae/types/2009}Boolean"/>
                        <a:value xmlns:xsd="http://www.w3.org/2001/XMLSchema" xmlns:xsi="http://www.w3.org/2001/XMLSchema-instance" xsi:type="xsd:boolean">false</a:value>
                    </a:expectedOutput>
                </a:assertions>
                <a:isDefault>false</a:isDefault>
            </el>
            <el>
                <a:name>Returns null for null input</a:name>
                <a:ruleInputTestConfigs>
                    <a:value xmlns:xsd="http://www.w3.org/2001/XMLSchema" xmlns:xsi="http://www.w3.org/2001/XMLSchema-instance" xsi:type="xsd:string"/>
                    <a:nameRef>userSOEID</a:nameRef>
                    <a:id>1</a:id>
                </a:ruleInputTestConfigs>
                <a:assertions>
                    <a:expectedOutput>
                        <a:type a:uuid="{http://www.appian.com/ae/types/2009}Null"/>
                        <a:runtimeType a:uuid="{http://www.appian.com/ae/types/2009}Null"/>
                    </a:expectedOutput>
                </a:assertions>
                <a:isDefault>false</a:isDefault>
            </el>
            <el>
                <a:name>Handles empty string</a:name>
                <a:ruleInputTestConfigs>
                    <a:value xmlns:xsi="http://www.w3.org/2001/XMLSchema-instance" xsi:type="a:Expression">""</a:value>
                    <a:nameRef>userSOEID</a:nameRef>
                    <a:id>1</a:id>
                </a:ruleInputTestConfigs>
                <a:assertions>
                    <a:expectedOutput>
                        <a:type a:uuid="{http://www.appian.com/ae/types/2009}Null"/>
                        <a:runtimeType a:uuid="{http://www.appian.com/ae/types/2009}Null"/>
                    </a:expectedOutput>
                </a:assertions>
                <a:isDefault>false</a:isDefault>
            </el>
            <el>
                <a:name>Handles complex user ID</a:name>
                <a:ruleInputTestConfigs>
                    <a:value xmlns:xsi="http://www.w3.org/2001/XMLSchema-instance" xsi:type="a:Expression">"user123@example.com"</a:value>
                    <a:nameRef>userSOEID</a:nameRef>
                    <a:id>1</a:id>
                </a:ruleInputTestConfigs>
                <a:assertions xmlns:xsi="http://www.w3.org/2001/XMLSchema-instance" xsi:nil="true"/>
                <a:isDefault>false</a:isDefault>
            </el>
            <el>
                <a:name>Handles user ID with special characters</a:name>
                <a:ruleInputTestConfigs>
                    <a:value xmlns:xsi="http://www.w3.org/2001/XMLSchema-instance" xsi:type="a:Expression">"user!@#$%^&amp;*()"</a:value>
                    <a:nameRef>userSOEID</a:nameRef>
                    <a:id>1</a:id>
                </a:ruleInputTestConfigs>
                <a:assertions xmlns:xsi="http://www.w3.org/2001/XMLSchema-instance" xsi:nil="true"/>
                <a:isDefault>false</a:isDefault>
            </el>
        </value>
    </typedValue>
    <history>
        <historyInfo versionUuid="_a-0000e58b-f438-8000-5262-1bef901bef90_723235"/>
        <historyInfo versionUuid="_a-0000ed9a-d049-8000-9c18-011c48011c48_10180658"/>
    </history>
</contentHaul>
