<?xml version="1.0" encoding="UTF-8" standalone="yes"?>
<contentHaul xmlns:a="http://www.appian.com/ae/types/2009">
    <versionUuid>_a-0000e5ac-f704-8000-5264-1bef901bef90_747302</versionUuid>
    <constant>
        <name>EAP_DWF_MILESTONE_IDS</name>
        <uuid>_a-0000e4e9-ef8d-8000-5259-1bef901bef90_365703</uuid>
        <description>1) Run Configuration |
2)  IO Config |
3) Parsing |
4) Transformation |
5) Maker |
6) Checker |
7) Additional Approvers |
8) Output Generation |
9) End |
10) Custom Process  |
11) Data Validation   |
12) IO Target   |
13) UI View Config   |
13) UI View Config   |
14) Process Parameters   |
</description>
        <parentUuid>_a-0000e4c3-7a1b-8000-524f-1bef901bef90_6586</parentUuid>
        <visibility>
            <advertise>false</advertise>
            <hierarchy>true</hierarchy>
            <indexable>true</indexable>
            <quota>false</quota>
            <searchable>true</searchable>
            <system>false</system>
            <unlogged>false</unlogged>
        </visibility>
        <typedValue>
            <type>
                <name>Integer?list</name>
                <namespace>http://www.appian.com/ae/types/2009</namespace>
            </type>
            <value>
                <el>1</el>
                <el>2</el>
                <el>3</el>
                <el>4</el>
                <el>5</el>
                <el>6</el>
                <el>7</el>
                <el>8</el>
                <el>9</el>
                <el>10</el>
                <el>11</el>
                <el>12</el>
                <el>13</el>
                <el>14</el>
            </value>
        </typedValue>
        <isEnvironmentSpecific>false</isEnvironmentSpecific>
    </constant>
    <roleMap public="true">
        <role inherit="true" allowForAll="false" name="readers">
            <users/>
            <groups/>
        </role>
        <role inherit="true" allowForAll="false" name="authors">
            <users/>
            <groups/>
        </role>
        <role inherit="true" allowForAll="false" name="administrators">
            <users/>
            <groups/>
        </role>
        <role inherit="false" allowForAll="false" name="denyReaders">
            <users/>
            <groups/>
        </role>
        <role inherit="false" allowForAll="false" name="denyAuthors">
            <users/>
            <groups/>
        </role>
        <role inherit="false" allowForAll="false" name="denyAdministrators">
            <users/>
            <groups/>
        </role>
    </roleMap>
    <history>
        <historyInfo versionUuid="_a-0000e4e9-ef8d-8000-5259-1bef901bef90_365707"/>
        <historyInfo versionUuid="_a-0000e4e9-ef8d-8000-5259-1bef901bef90_378642"/>
        <historyInfo versionUuid="_a-0000e505-ae05-8000-525c-1bef901bef90_406192"/>
        <historyInfo versionUuid="_a-0000e505-ae05-8000-525c-1bef901bef90_442947"/>
        <historyInfo versionUuid="_a-0000e518-940a-8000-525e-1bef901bef90_559015"/>
        <historyInfo versionUuid="_a-0000e56b-0831-8000-5261-1bef901bef90_626220"/>
        <historyInfo versionUuid="_a-0000e5ac-f704-8000-5264-1bef901bef90_747302"/>
    </history>
</contentHaul>
