<?xml version="1.0" encoding="UTF-8" standalone="yes"?>
<contentHaul xmlns:a="http://www.appian.com/ae/types/2009">
    <versionUuid>_a-0000ed9a-d049-8000-9c18-011c48011c48_10184092</versionUuid>
    <rule>
        <name>EAP_actionTypePivotFilterGridRowLayout</name>
        <uuid>_a-0000e4e9-ef8d-8000-5259-1bef901bef90_307995</uuid>
        <description>Holds gridRowLayout for pivot filter</description>
        <parentUuid>_a-0000e4c3-7a1b-8000-524f-1bef901bef90_6574</parentUuid>
        <visibility>
            <advertise>false</advertise>
            <hierarchy>true</hierarchy>
            <indexable>true</indexable>
            <quota>false</quota>
            <searchable>true</searchable>
            <system>false</system>
            <unlogged>false</unlogged>
        </visibility>
        <definition>a!localVariables(
  local!data,
  #"SYSTEM_SYSRULES_gridRowLayout"(
    id: ri!index,
    contents: {
      /* Sheet Name*/
     #"_a-0000e4e9-ef8d-8000-5259-1bef901bef90_285963"(
        label: "Sheet Name" &amp; ri!index,
        placeholder: " Enter Sheet Name ",
        value: index(
          ri!pivotFilter[ri!index],
          "sheet_name"
        ),
        saveInto: {
          ri!pivotFilter[ri!index].sheet_name ,
          a!save(
            ri!pivotFilter[ri!index].modified_by,
            loggedInUser()
          ),
          a!save(
            ri!pivotFilter[ri!index].modified_on,
            now()
          )
          },
        validations: {
          if(
            ri!isReadOnly,
            {},
            #"_a-0000e4b2-6487-8000-2b63-01ef9001ef90_3251505"(
              value: index(
                ri!pivotFilter[ri!index],
                "sheet_name"
              ),
              ValidationLength: #"_a-0000e4c6-e892-8000-5254-1bef901bef90_42536"[5]
            )
          )
        },
        readOnly: ri!isReadOnly,
        required: not(or(ri!isReadOnly))
      ),
      
     #"_a-0000e4e9-ef8d-8000-5259-1bef901bef90_285963"(
        label: "Pivot Name" &amp; ri!index,
        placeholder: " Enter Pivot Name ",
        value: index(
          ri!pivotFilter[ri!index],
          "pivot_name"
        ),
        saveInto: {
          ri!pivotFilter[ri!index].pivot_name ,
          a!save(
            ri!pivotFilter[ri!index].modified_by,
            loggedInUser()
          ),
          a!save(
            ri!pivotFilter[ri!index].modified_on,
            now()
          )
        },
        validations: {
          if(
            ri!isReadOnly,
            {},
            #"_a-0000e4b2-6487-8000-2b63-01ef9001ef90_3251505"(
              value: index(
                ri!pivotFilter[ri!index],
                "pivot_name"
              ),
              ValidationLength: #"_a-0000e4c6-e892-8000-5254-1bef901bef90_42536"[5]
            )
          )
        },
        readOnly: ri!isReadOnly,
        required: not(or(ri!isReadOnly))
      ),
      if(
        ri!isReadOnly,
       #"_a-0000e4e9-ef8d-8000-5259-1bef901bef90_285963"(
          label: "Filter Type" &amp; ri!index,
          value:#"_a-0000e4cd-1af4-8000-5255-1bef901bef90_144577"(
            masterLookup: ri!masterLookup,
            uniqueKey: #"_a-0000e4cd-1af4-8000-5255-1bef901bef90_109143"[21],
            value:  index(
              ri!pivotFilter[ri!index],
              "filter_type"
            )
          ),
          readOnly: true()
        ),
       #"_a-0000e4e9-ef8d-8000-5259-1bef901bef90_287171"(
          label: "Filter Type" &amp; ri!index,
          placeholderLabel:"Enter Filter Type",
          choiceLabels: if(
            #"_a-0000e4b2-6487-8000-2b63-01ef9001ef90_3233095"(
              ri!masterLookup
            ),
            null,
            touniformstring(
              #"_a-0000e4c3-ab68-8000-5250-1bef901bef90_12255"(
                MasterLookup: ri!masterLookup,
                UniqueKey: #"_a-0000e4cd-1af4-8000-5255-1bef901bef90_109143"[21],
                Column: #"_a-0000e4c3-ab68-8000-5250-1bef901bef90_16271"[2]
              )
            )
          ),
          choiceValues: if(
            #"_a-0000e4b2-6487-8000-2b63-01ef9001ef90_3233095"(
              ri!masterLookup
            ),
            null,
            touniformstring(
              #"_a-0000e4c3-ab68-8000-5250-1bef901bef90_12255"(
                MasterLookup: ri!masterLookup,
                UniqueKey: #"_a-0000e4cd-1af4-8000-5255-1bef901bef90_109143"[21],
                Column: #"_a-0000e4c3-ab68-8000-5250-1bef901bef90_16271"[3]
              )
            )
          ),
          value: if(
            #"_a-0000e4c6-e892-8000-5254-1bef901bef90_47169"(
              value: index(
                ri!pivotFilter[ri!index],
                "filter_type"
              ),
              choiceValue: if(
                #"_a-0000e4b2-6487-8000-2b63-01ef9001ef90_3233095"(
                  ri!masterLookup
                ),
                null,
                touniformstring(
                  #"_a-0000e4c3-ab68-8000-5250-1bef901bef90_12255"(
                    MasterLookup: ri!masterLookup,
                    UniqueKey: #"_a-0000e4cd-1af4-8000-5255-1bef901bef90_109143"[21],
                    Column: #"_a-0000e4c3-ab68-8000-5250-1bef901bef90_16271"[3]
                  )
                )
              ),
            ),
            index(
              ri!pivotFilter[ri!index],
              "filter_type"
            ),
            null
          ),
          saveInto: {
            ri!pivotFilter[ri!index].filter_type ,
            a!save(
              ri!pivotFilter[ri!index].modified_by,
              loggedInUser()
            ),
            a!save(
              ri!pivotFilter[ri!index].modified_on,
              now()
            )
            },
          validations: {
            if(
              ri!isReadOnly,
              {},
              #"_a-0000e4b2-6487-8000-2b63-01ef9001ef90_3251505"(
                value: index(
                  ri!pivotFilter[ri!index],
                  "filter_type"
                ),
                ValidationLength: #"_a-0000e4c6-e892-8000-5254-1bef901bef90_42536"[5]
              )
            )
          },
          required: not(or(ri!isReadOnly))
        ),
        
      ),
    
      /* Is Active */
      #"SYSTEM_SYSRULES_richTextDisplayField"(
        align: "CENTER",
        value: {
          if(
            or(
              tointeger(
                index(
                  ri!pivotFilter[ri!index],
                  "is_active",
                  {}
                )
              ) = 1
            ),
            #"SYSTEM_SYSRULES_richTextIcon"(
              linkStyle: "STANDALONE",
              icon: "toggle-on",
              caption: "Yes",
              link: #"SYSTEM_SYSRULES_dynamicLink"(
                value: 1,

                saveInto: {
                  a!save(
                    ri!pivotFilter[ri!index].is_active,
                  0
                  ),
                  a!save(
                    ri!pivotFilter[ri!index].modified_by,
                    loggedInUser()
                  ),
                  a!save(
                    ri!pivotFilter[ri!index].modified_on,
                    now()
                  )
                },
                showWhen:  not(or(ri!isReadOnly))
              ),
              size: "MEDIUM_PLUS",
              color: "ACCENT"
            ),
            #"SYSTEM_SYSRULES_richTextIcon"(
              linkStyle: "STANDALONE",
              icon: "toggle-off",
              caption: "No",
              link: #"SYSTEM_SYSRULES_dynamicLink"(
                value: 0,
                saveInto: {
                  a!save(
                    ri!pivotFilter[ri!index].is_active,
                  1
                  ),
                  a!save(
                    ri!pivotFilter[ri!index].modified_by,
                    loggedInUser()
                  ),
                  a!save(
                    ri!pivotFilter[ri!index].modified_on,
                    now()
                  )
                },
                showWhen:  not(or(ri!isReadOnly))
              ),
              size: "MEDIUM_PLUS",
              color: "ACCENT"
            )
          )
        }
      ),
      /* Move Up*/
      if(
        or(
          ri!isReadonly = true(),
          length(
            wherecontains(
              tointeger(ri!actionId),
              tointeger(index(ri!pivotFilter,"wf_action_id",null))
            ))
            
            &lt; 2
        ),
        {},
        #"SYSTEM_SYSRULES_imageField_v1"(
          label: " ",
          images: #"SYSTEM_SYSRULES_documentImage"(
            document: #"SYSTEM_SYSRULES_iconIndicator"(
              icon: if(
                ri!index = 1,
                "MOVE_UP_DISABLED",
                "MOVE_UP"
              )
            ),
            link: if(
              ri!index = 1,
              {},
              #"SYSTEM_SYSRULES_dynamicLink"(
                saveInto: {
                  a!save(
                    local!data,
                    ri!pivotFilter[ri!index - 1]
                  ),
                  a!save(
                    ri!pivotFilter[ri!index - 1],
                    ri!pivotFilter[ri!index]
                  ),
                  a!save(
                    ri!pivotFilter[ri!index],
                    local!data
                  ),
                  a!save(
                    ri!pivotFilter[ri!index].modified_by,
                    loggedInUser()
                  ),
                  a!save(
                    ri!pivotFilter[ri!index].modified_on,
                    now()
                  )
                }
              )
            )
          )
        )
      ),
      /* Move Down*/
      if(
        or(
          ri!isReadonly = true(),
          length(
            wherecontains(
              tointeger(ri!actionId),
              tointeger(index(ri!pivotFilter,"wf_action_id",null))
            )) &lt; 2
        ),
        {},
        #"SYSTEM_SYSRULES_imageField_v1"(
          images: #"SYSTEM_SYSRULES_documentImage"(
            document: #"SYSTEM_SYSRULES_iconIndicator"(
              if(
                or(
                  length(
                    ri!pivotFilter
                  ) = 1,
                  ri!index = count(
                    ri!pivotFilter
                  )
                ),
                "MOVE_DOWN_DISABLED",
                "MOVE_DOWN"
              )
            ),
            link: #"SYSTEM_SYSRULES_dynamicLink"(
              showWhen: not(or(
                length(
                  ri!pivotFilter
                ) = 1,
                ri!index = count(
                  ri!pivotFilter
                )
              )),
              saveInto: {
                a!save(
                  local!data,
                  ri!pivotFilter[ri!index]
                ),
                a!save(
                  ri!pivotFilter[ri!index],
                  ri!pivotFilter[ri!index + 1],
                  
                ),
                a!save(
                  ri!pivotFilter[ri!index + 1],
                  local!data
                ),
                a!save(
                  ri!pivotFilter[ri!index].modified_by,
                  loggedInUser()
                ),
                a!save(
                  ri!pivotFilter[ri!index].modified_on,
                  now()
                )
                
              }
            )
          )
        )
      ),
      /* Remove/Delete */
      if(
        #"_a-0000e4b2-6487-8000-2b63-01ef9001ef90_3233095"(
          index(
            ri!pivotFilter[ri!index],
            "pivot_filter_id"
          )
        ),
        if(
          ri!isReadOnly,
          {},
          #"SYSTEM_SYSRULES_imageField_v1"(
            label: "delete" &amp; ri!index,
            images: #"SYSTEM_SYSRULES_documentImage"(
              document: #"SYSTEM_SYSRULES_iconIndicator"(
                "REMOVE"
              ),
              altText: "Remove",
              caption: "Remove",
              link: #"SYSTEM_SYSRULES_dynamicLink"(
                value: ri!index,
                saveInto: {
                  if(
                    #"_a-0000e4b2-6487-8000-2b63-01ef9001ef90_3233095"(
                      index(
                        ri!pivotFilter[ri!index],
                        "pivot_filter_id"
                      )
                    ),
                    a!save(
                      ri!pivotFilter,
                      remove(
                        ri!pivotFilter,
                        save!value
                      )
                    ),
                    a!save(
                      ri!pivotFilter[ri!index].is_active,
                      false
                    )
                  )
                }
              )
            ),
            size: "ICON"
          )
        ),
        if(
          ri!isReadOnly = true(),
          {},
          #"SYSTEM_SYSRULES_richTextDisplayField"()
        )
      )
    }
  )
)</definition>
        <namedTypedValue>
            <name>index</name>
            <type>
                <name>int</name>
                <namespace>http://www.w3.org/2001/XMLSchema</namespace>
            </type>
        </namedTypedValue>
        <namedTypedValue>
            <name>isReadOnly</name>
            <type>
                <name>boolean</name>
                <namespace>http://www.w3.org/2001/XMLSchema</namespace>
            </type>
        </namedTypedValue>
        <namedTypedValue>
            <name>pivotFilter</name>
            <type>
                <name>EAP_T_PivotFilter?list</name>
                <namespace>urn:com:appian:types:eap</namespace>
            </type>
        </namedTypedValue>
        <namedTypedValue>
            <name>masterLookup</name>
            <type>
                <name>EAP_T_RefMaster?list</name>
                <namespace>urn:com:appian:types:eap</namespace>
            </type>
        </namedTypedValue>
        <namedTypedValue>
            <name>actionId</name>
            <type>
                <name>int</name>
                <namespace>http://www.w3.org/2001/XMLSchema</namespace>
            </type>
        </namedTypedValue>
        <preferredEditor>legacy</preferredEditor>
        <offlineEnabled>false</offlineEnabled>
    </rule>
    <roleMap public="true">
        <role inherit="true" allowForAll="false" name="readers">
            <users/>
            <groups/>
        </role>
        <role inherit="true" allowForAll="false" name="authors">
            <users/>
            <groups/>
        </role>
        <role inherit="true" allowForAll="false" name="administrators">
            <users/>
            <groups/>
        </role>
        <role inherit="false" allowForAll="false" name="denyReaders">
            <users/>
            <groups/>
        </role>
        <role inherit="false" allowForAll="false" name="denyAuthors">
            <users/>
            <groups/>
        </role>
        <role inherit="false" allowForAll="false" name="denyAdministrators">
            <users/>
            <groups/>
        </role>
    </roleMap>
    <typedValue>
        <type>
            <name>RuleTestConfig?list</name>
            <namespace>http://www.appian.com/ae/types/2009</namespace>
        </type>
        <value>
            <el>
                <a:name>Handles null master lookup</a:name>
                <a:ruleInputTestConfigs>
                    <a:value xmlns:xsi="http://www.w3.org/2001/XMLSchema-instance" xsi:type="a:Expression">1</a:value>
                    <a:nameRef>index</a:nameRef>
                    <a:id>1</a:id>
                </a:ruleInputTestConfigs>
                <a:ruleInputTestConfigs>
                    <a:value xmlns:xsi="http://www.w3.org/2001/XMLSchema-instance" xsi:type="a:Expression">false</a:value>
                    <a:nameRef>isReadOnly</a:nameRef>
                    <a:id>2</a:id>
                </a:ruleInputTestConfigs>
                <a:ruleInputTestConfigs>
                    <a:value xmlns:xsi="http://www.w3.org/2001/XMLSchema-instance" xsi:type="a:Expression">{'type!{urn:com:appian:types:eap}EAP_T_PivotFilter'()}</a:value>
                    <a:nameRef>pivotFilter</a:nameRef>
                    <a:id>3</a:id>
                </a:ruleInputTestConfigs>
                <a:ruleInputTestConfigs>
                    <a:value xmlns:xsi="http://www.w3.org/2001/XMLSchema-instance" xsi:type="a:Expression">null</a:value>
                    <a:nameRef>masterLookup</a:nameRef>
                    <a:id>4</a:id>
                </a:ruleInputTestConfigs>
                <a:ruleInputTestConfigs>
                    <a:value xmlns:xsi="http://www.w3.org/2001/XMLSchema-instance" xsi:type="a:Expression">1</a:value>
                    <a:nameRef>actionId</a:nameRef>
                    <a:id>5</a:id>
                </a:ruleInputTestConfigs>
                <a:assertions xmlns:xsi="http://www.w3.org/2001/XMLSchema-instance" xsi:nil="true"/>
                <a:isDefault>false</a:isDefault>
            </el>
            <el>
                <a:name>Handles single pivot filter row</a:name>
                <a:ruleInputTestConfigs>
                    <a:value xmlns:xsi="http://www.w3.org/2001/XMLSchema-instance" xsi:type="a:Expression">1</a:value>
                    <a:nameRef>index</a:nameRef>
                    <a:id>1</a:id>
                </a:ruleInputTestConfigs>
                <a:ruleInputTestConfigs>
                    <a:value xmlns:xsi="http://www.w3.org/2001/XMLSchema-instance" xsi:type="a:Expression">false</a:value>
                    <a:nameRef>isReadOnly</a:nameRef>
                    <a:id>2</a:id>
                </a:ruleInputTestConfigs>
                <a:ruleInputTestConfigs>
                    <a:value xmlns:xsi="http://www.w3.org/2001/XMLSchema-instance" xsi:type="a:Expression">{'type!{urn:com:appian:types:eap}EAP_T_PivotFilter'(pivot_filter_id: 1,wf_action_id: 1,sheet_name: "Sheet1",pivot_name: "Pivot1",filter_type: "Filter1",is_active: 1,created_by: "user1",created_on: datetime(2023, 5, 1, 10, 0, 0),modified_by: "user1",modified_on: datetime(2023, 5, 1, 10, 0, 0))}</a:value>
                    <a:nameRef>pivotFilter</a:nameRef>
                    <a:id>3</a:id>
                </a:ruleInputTestConfigs>
                <a:ruleInputTestConfigs>
                    <a:value xmlns:xsi="http://www.w3.org/2001/XMLSchema-instance" xsi:type="a:Expression">{'type!{urn:com:appian:types:eap}EAP_T_RefMaster'(reference_data_id: 1,type: "FilterType",code: "FT1",label: "Filter Type 1",sort_order: 1,is_active: 1,created_by: "user1",created_on: datetime(2023, 5, 1, 10, 0, 0),modified_by: "user1",modified_on: datetime(2023, 5, 1, 10, 0, 0),category_group: "TRANSFORMATION")}</a:value>
                    <a:nameRef>masterLookup</a:nameRef>
                    <a:id>4</a:id>
                </a:ruleInputTestConfigs>
                <a:ruleInputTestConfigs>
                    <a:value xmlns:xsi="http://www.w3.org/2001/XMLSchema-instance" xsi:type="a:Expression">1</a:value>
                    <a:nameRef>actionId</a:nameRef>
                    <a:id>5</a:id>
                </a:ruleInputTestConfigs>
                <a:assertions xmlns:xsi="http://www.w3.org/2001/XMLSchema-instance" xsi:nil="true"/>
                <a:isDefault>false</a:isDefault>
            </el>
            <el>
                <a:name>Handles move up for first row</a:name>
                <a:ruleInputTestConfigs>
                    <a:value xmlns:xsi="http://www.w3.org/2001/XMLSchema-instance" xsi:type="a:Expression">1</a:value>
                    <a:nameRef>index</a:nameRef>
                    <a:id>1</a:id>
                </a:ruleInputTestConfigs>
                <a:ruleInputTestConfigs>
                    <a:value xmlns:xsi="http://www.w3.org/2001/XMLSchema-instance" xsi:type="a:Expression">false</a:value>
                    <a:nameRef>isReadOnly</a:nameRef>
                    <a:id>2</a:id>
                </a:ruleInputTestConfigs>
                <a:ruleInputTestConfigs>
                    <a:value xmlns:xsi="http://www.w3.org/2001/XMLSchema-instance" xsi:type="a:Expression">{'type!{urn:com:appian:types:eap}EAP_T_PivotFilter'(pivot_filter_id: 1,wf_action_id: 1,sheet_name: "Sheet1",pivot_name: "Pivot1",filter_type: "Filter1",is_active: 1,created_by: "user1",created_on: datetime(2023, 5, 1, 10, 0, 0),modified_by: "user1",modified_on: datetime(2023, 5, 1, 10, 0, 0)), 'type!{urn:com:appian:types:eap}EAP_T_PivotFilter'(pivot_filter_id: 2,wf_action_id: 2,sheet_name: "Sheet2",pivot_name: "Pivot2",filter_type: "Filter2",is_active: 0,created_by: "user2",created_on: datetime(2023, 5, 2, 11, 0, 0),modified_by: "user2",modified_on: datetime(2023, 5, 2, 11, 0, 0))}</a:value>
                    <a:nameRef>pivotFilter</a:nameRef>
                    <a:id>3</a:id>
                </a:ruleInputTestConfigs>
                <a:ruleInputTestConfigs>
                    <a:value xmlns:xsi="http://www.w3.org/2001/XMLSchema-instance" xsi:type="a:Expression">{'type!{urn:com:appian:types:eap}EAP_T_RefMaster'(reference_data_id: 1,type: "FilterType",code: "FT1",label: "Filter Type 1",sort_order: 1,is_active: 1,created_by: "user1",created_on: datetime(2023, 5, 1, 10, 0, 0),modified_by: "user1",modified_on: datetime(2023, 5, 1, 10, 0, 0),category_group: "TRANSFORMATION")}</a:value>
                    <a:nameRef>masterLookup</a:nameRef>
                    <a:id>4</a:id>
                </a:ruleInputTestConfigs>
                <a:ruleInputTestConfigs>
                    <a:value xmlns:xsi="http://www.w3.org/2001/XMLSchema-instance" xsi:type="a:Expression">1</a:value>
                    <a:nameRef>actionId</a:nameRef>
                    <a:id>5</a:id>
                </a:ruleInputTestConfigs>
                <a:assertions xmlns:xsi="http://www.w3.org/2001/XMLSchema-instance" xsi:nil="true"/>
                <a:isDefault>false</a:isDefault>
            </el>
        </value>
    </typedValue>
    <history>
        <historyInfo versionUuid="_a-0000e4e9-ef8d-8000-5259-1bef901bef90_323817"/>
        <historyInfo versionUuid="_a-0000ed9a-d049-8000-9c18-011c48011c48_10184092"/>
    </history>
</contentHaul>
