<?xml version="1.0" encoding="UTF-8" standalone="yes"?>
<contentHaul xmlns:a="http://www.appian.com/ae/types/2009">
    <versionUuid>_a-0000edbc-05b5-8000-9c19-011c48011c48_10435505</versionUuid>
    <rule>
        <name>EAP_QE_processInFileParsingTrans</name>
        <uuid>_a-0000e4c3-ab68-8000-5250-1bef901bef90_8985</uuid>
        <description>Holds query rule for process in file parsing trans</description>
        <parentUuid>_a-0000e4c3-7a1b-8000-524f-1bef901bef90_6574</parentUuid>
        <visibility>
            <advertise>false</advertise>
            <hierarchy>true</hierarchy>
            <indexable>true</indexable>
            <quota>false</quota>
            <searchable>true</searchable>
            <system>false</system>
            <unlogged>false</unlogged>
        </visibility>
        <definition>if(
  and(
    #"_a-0000e4b2-6487-8000-2b63-01ef9001ef90_3233095"(
      ri!requestId
    ),
    #"_a-0000e4b2-6487-8000-2b63-01ef9001ef90_3233095"(
      ri!inFileTypeConfigId
    ),
    #"_a-0000e4b2-6487-8000-2b63-01ef9001ef90_3233095"(
      ri!parsingTransactionId
    )
  ),
  null,
  #"SYSTEM_SYSRULES_queryEntity_v1"(
    entity: #"_a-0000e4c3-ab68-8000-5250-1bef901bef90_9119",
    query: #"SYSTEM_SYSRULES_query"(
      logicalExpression: if(
        and(
          #"_a-0000e4b2-6487-8000-2b63-01ef9001ef90_3233095"(
            ri!inFileTypeConfigId
          ),
          #"_a-0000e4b2-6487-8000-2b63-01ef9001ef90_3233095"(
            ri!parsingTransactionId
          ),
          #"_a-0000e4b2-6487-8000-2b63-01ef9001ef90_3233095"(
            ri!requestId
          ),
          #"_a-0000e4b2-6487-8000-2b63-01ef9001ef90_3233095"(
            ri!runDate
          ),
          #"_a-0000e4b2-6487-8000-2b63-01ef9001ef90_3233095"(
            ri!systemTypeCode
          ),
          #"_a-0000e4b2-6487-8000-2b63-01ef9001ef90_3233095"(
            ri!parsingStatus
          ),
          #"_a-0000e4b2-6487-8000-2b63-01ef9001ef90_3233095"(
            ri!updatedOn
          ),
          #"_a-0000e4b2-6487-8000-2b63-01ef9001ef90_3233095"(
            ri!updatedBy
          ),
          #"_a-0000e4b2-6487-8000-2b63-01ef9001ef90_3233095"(
            ri!fileName
          ),
          #"_a-0000e4b2-6487-8000-2b63-01ef9001ef90_3233095"(
            ri!exceptionType
          ),
          #"_a-0000e4b2-6487-8000-2b63-01ef9001ef90_3233095"(
            ri!exceptionMessage
          ),
          #"_a-0000e4b2-6487-8000-2b63-01ef9001ef90_3233095"(
            ri!action
          )
        ),
        null,
        #"SYSTEM_SYSRULES_queryLogicalExpression"(
          operator: "AND",
          filters: {
            if(
              #"_a-0000e4b2-6487-8000-2b63-01ef9001ef90_3233095"(
                ri!parsingTransactionId
              ),
              {},
              #"SYSTEM_SYSRULES_queryFilter"(
                field: "parsing_transaction_id",
                operator: "IN",
                value: {
                  ri!parsingTransactionId
                }
              )
            ),
            if(
              #"_a-0000e4b2-6487-8000-2b63-01ef9001ef90_3233095"(
                ri!inFileTypeConfigId
              ),
              {},
              #"SYSTEM_SYSRULES_queryFilter"(
                field: "in_file_type_config_id",
                operator: "IN",
                value: {
                  ri!inFileTypeConfigId
                }
              )
            ),
            if(
              #"_a-0000e4b2-6487-8000-2b63-01ef9001ef90_3233095"(
                ri!requestId
              ),
              {},
              #"SYSTEM_SYSRULES_queryFilter"(
                field: "request_id",
                operator: "IN",
                value: {
                  ri!requestId
                }
              )
            ),
            if(
              #"_a-0000e4b2-6487-8000-2b63-01ef9001ef90_3233095"(
                ri!runDate
              ),
              {},
              #"SYSTEM_SYSRULES_queryFilter"(
                field: "run_date",
                operator: "IN",
                value: {
                  ri!runDate
                }
              )
            ),
            if(
              #"_a-0000e4b2-6487-8000-2b63-01ef9001ef90_3233095"(
                ri!systemTypeCode
              ),
              {},
              #"SYSTEM_SYSRULES_queryFilter"(
                field: "system_type_code",
                operator: "IN",
                value: {
                  ri!systemTypeCode
                }
              )
            ),
            if(
              #"_a-0000e4b2-6487-8000-2b63-01ef9001ef90_3233095"(
                ri!parsingStatus
              ),
              {},
              #"SYSTEM_SYSRULES_queryFilter"(
                field: "parsing_status",
                operator: "IN",
                value: {
                  ri!parsingStatus
                }
              )
            ),
            if(
              #"_a-0000e4b2-6487-8000-2b63-01ef9001ef90_3233095"(
                ri!updatedOn
              ),
              {},
              #"SYSTEM_SYSRULES_queryFilter"(
                field: "updated_on",
                operator: "IN",
                value: {
                  ri!updatedOn
                }
              )
            ),
            if(
              #"_a-0000e4b2-6487-8000-2b63-01ef9001ef90_3233095"(
                ri!updatedBy
              ),
              {},
              #"SYSTEM_SYSRULES_queryFilter"(
                field: "updated_by",
                operator: "IN",
                value: {
                  ri!updatedBy
                }
              )
            ),
            if(
              #"_a-0000e4b2-6487-8000-2b63-01ef9001ef90_3233095"(
                ri!fileName
              ),
              {},
              #"SYSTEM_SYSRULES_queryFilter"(
                field: "file_name",
                operator: "IN",
                value: {
                  ri!fileName
                }
              )
            ),
            if(
              #"_a-0000e4b2-6487-8000-2b63-01ef9001ef90_3233095"(
                ri!isFileNameNotNull
              ),
              {},
              #"SYSTEM_SYSRULES_queryFilter"(
                field: "file_name",
                operator: "not in",
                value: {"N/A"}
              )
            ),
            if(
              #"_a-0000e4b2-6487-8000-2b63-01ef9001ef90_3233095"(
                ri!exceptionType
              ),
              {},
              #"SYSTEM_SYSRULES_queryFilter"(
                field: "exception_type",
                operator: "IN",
                value: {
                  ri!exceptionType
                }
              )
            ),
            if(
              #"_a-0000e4b2-6487-8000-2b63-01ef9001ef90_3233095"(
                ri!exceptionMessage
              ),
              {},
              #"SYSTEM_SYSRULES_queryFilter"(
                field: "exception_message",
                operator: "IN",
                value: {
                  ri!exceptionMessage
                }
              )
            ),
            if(
              #"_a-0000e4b2-6487-8000-2b63-01ef9001ef90_3233095"(
                ri!action
              ),
              {},
              #"SYSTEM_SYSRULES_queryFilter"(
                field: "action",
                operator: "IN",
                value: {
                  ri!action
                }
              )
            )
          }
        )
      ),
      pagingInfo: if(
        #"_a-0000e4b2-6487-8000-2b63-01ef9001ef90_3233095"(
          ri!pagingInfo
        ),
        #"SYSTEM_SYSRULES_pagingInfo"(
          startIndex: 1,
          batchSize: - 1
        ),
        ri!pagingInfo
      )
    )
  ).data
)</definition>
        <namedTypedValue>
            <name>parsingTransactionId</name>
            <type>
                <name>Integer?list</name>
                <namespace>http://www.appian.com/ae/types/2009</namespace>
            </type>
        </namedTypedValue>
        <namedTypedValue>
            <name>requestId</name>
            <type>
                <name>Integer?list</name>
                <namespace>http://www.appian.com/ae/types/2009</namespace>
            </type>
        </namedTypedValue>
        <namedTypedValue>
            <name>runDate</name>
            <type>
                <name>Datetime?list</name>
                <namespace>http://www.appian.com/ae/types/2009</namespace>
            </type>
        </namedTypedValue>
        <namedTypedValue>
            <name>systemTypeCode</name>
            <type>
                <name>Text?list</name>
                <namespace>http://www.appian.com/ae/types/2009</namespace>
            </type>
        </namedTypedValue>
        <namedTypedValue>
            <name>parsingStatus</name>
            <type>
                <name>Text?list</name>
                <namespace>http://www.appian.com/ae/types/2009</namespace>
            </type>
        </namedTypedValue>
        <namedTypedValue>
            <name>updatedOn</name>
            <type>
                <name>Datetime?list</name>
                <namespace>http://www.appian.com/ae/types/2009</namespace>
            </type>
        </namedTypedValue>
        <namedTypedValue>
            <name>updatedBy</name>
            <type>
                <name>Text?list</name>
                <namespace>http://www.appian.com/ae/types/2009</namespace>
            </type>
        </namedTypedValue>
        <namedTypedValue>
            <name>fileName</name>
            <type>
                <name>Text?list</name>
                <namespace>http://www.appian.com/ae/types/2009</namespace>
            </type>
        </namedTypedValue>
        <namedTypedValue>
            <name>exceptionType</name>
            <type>
                <name>Text?list</name>
                <namespace>http://www.appian.com/ae/types/2009</namespace>
            </type>
        </namedTypedValue>
        <namedTypedValue>
            <name>exceptionMessage</name>
            <type>
                <name>Text?list</name>
                <namespace>http://www.appian.com/ae/types/2009</namespace>
            </type>
        </namedTypedValue>
        <namedTypedValue>
            <name>action</name>
            <type>
                <name>Text?list</name>
                <namespace>http://www.appian.com/ae/types/2009</namespace>
            </type>
        </namedTypedValue>
        <namedTypedValue>
            <name>pagingInfo</name>
            <type>
                <name>PagingInfo</name>
                <namespace>http://www.appian.com/ae/types/2009</namespace>
            </type>
        </namedTypedValue>
        <namedTypedValue>
            <name>inFileTypeConfigId</name>
            <type>
                <name>Integer?list</name>
                <namespace>http://www.appian.com/ae/types/2009</namespace>
            </type>
        </namedTypedValue>
        <namedTypedValue>
            <name>isFileNameNotNull</name>
            <type>
                <name>boolean</name>
                <namespace>http://www.w3.org/2001/XMLSchema</namespace>
            </type>
        </namedTypedValue>
        <preferredEditor>legacy</preferredEditor>
        <offlineEnabled>false</offlineEnabled>
    </rule>
    <roleMap public="true">
        <role inherit="true" allowForAll="false" name="readers">
            <users/>
            <groups/>
        </role>
        <role inherit="true" allowForAll="false" name="authors">
            <users/>
            <groups/>
        </role>
        <role inherit="true" allowForAll="false" name="administrators">
            <users/>
            <groups/>
        </role>
        <role inherit="false" allowForAll="false" name="denyReaders">
            <users/>
            <groups/>
        </role>
        <role inherit="false" allowForAll="false" name="denyAuthors">
            <users/>
            <groups/>
        </role>
        <role inherit="false" allowForAll="false" name="denyAdministrators">
            <users/>
            <groups/>
        </role>
    </roleMap>
    <typedValue>
        <type>
            <name>RuleTestConfig?list</name>
            <namespace>http://www.appian.com/ae/types/2009</namespace>
        </type>
        <value>
            <el>
                <a:name>Returns null when all input parameters are null</a:name>
                <a:ruleInputTestConfigs>
                    <a:value xmlns:xsi="http://www.w3.org/2001/XMLSchema-instance" xsi:type="a:Expression">null</a:value>
                    <a:nameRef>parsingTransactionId</a:nameRef>
                    <a:id>1</a:id>
                </a:ruleInputTestConfigs>
                <a:ruleInputTestConfigs>
                    <a:value xmlns:xsi="http://www.w3.org/2001/XMLSchema-instance" xsi:type="a:Expression">null</a:value>
                    <a:nameRef>requestId</a:nameRef>
                    <a:id>2</a:id>
                </a:ruleInputTestConfigs>
                <a:ruleInputTestConfigs>
                    <a:value xmlns:xsi="http://www.w3.org/2001/XMLSchema-instance" xsi:type="a:Expression">null</a:value>
                    <a:nameRef>runDate</a:nameRef>
                    <a:id>3</a:id>
                </a:ruleInputTestConfigs>
                <a:ruleInputTestConfigs>
                    <a:value xmlns:xsi="http://www.w3.org/2001/XMLSchema-instance" xsi:type="a:Expression">null</a:value>
                    <a:nameRef>systemTypeCode</a:nameRef>
                    <a:id>4</a:id>
                </a:ruleInputTestConfigs>
                <a:ruleInputTestConfigs>
                    <a:value xmlns:xsi="http://www.w3.org/2001/XMLSchema-instance" xsi:type="a:Expression">null</a:value>
                    <a:nameRef>parsingStatus</a:nameRef>
                    <a:id>5</a:id>
                </a:ruleInputTestConfigs>
                <a:ruleInputTestConfigs>
                    <a:value xmlns:xsi="http://www.w3.org/2001/XMLSchema-instance" xsi:type="a:Expression">null</a:value>
                    <a:nameRef>updatedOn</a:nameRef>
                    <a:id>6</a:id>
                </a:ruleInputTestConfigs>
                <a:ruleInputTestConfigs>
                    <a:value xmlns:xsi="http://www.w3.org/2001/XMLSchema-instance" xsi:type="a:Expression">null</a:value>
                    <a:nameRef>updatedBy</a:nameRef>
                    <a:id>7</a:id>
                </a:ruleInputTestConfigs>
                <a:ruleInputTestConfigs>
                    <a:value xmlns:xsi="http://www.w3.org/2001/XMLSchema-instance" xsi:type="a:Expression">null</a:value>
                    <a:nameRef>fileName</a:nameRef>
                    <a:id>8</a:id>
                </a:ruleInputTestConfigs>
                <a:ruleInputTestConfigs>
                    <a:value xmlns:xsi="http://www.w3.org/2001/XMLSchema-instance" xsi:type="a:Expression">null</a:value>
                    <a:nameRef>exceptionType</a:nameRef>
                    <a:id>9</a:id>
                </a:ruleInputTestConfigs>
                <a:ruleInputTestConfigs>
                    <a:value xmlns:xsi="http://www.w3.org/2001/XMLSchema-instance" xsi:type="a:Expression">null</a:value>
                    <a:nameRef>exceptionMessage</a:nameRef>
                    <a:id>10</a:id>
                </a:ruleInputTestConfigs>
                <a:ruleInputTestConfigs>
                    <a:value xmlns:xsi="http://www.w3.org/2001/XMLSchema-instance" xsi:type="a:Expression">null</a:value>
                    <a:nameRef>action</a:nameRef>
                    <a:id>11</a:id>
                </a:ruleInputTestConfigs>
                <a:ruleInputTestConfigs>
                    <a:value xmlns:xsi="http://www.w3.org/2001/XMLSchema-instance" xsi:type="a:Expression">null</a:value>
                    <a:nameRef>pagingInfo</a:nameRef>
                    <a:id>12</a:id>
                </a:ruleInputTestConfigs>
                <a:ruleInputTestConfigs>
                    <a:value xmlns:xsi="http://www.w3.org/2001/XMLSchema-instance" xsi:type="a:Expression">null</a:value>
                    <a:nameRef>inFileTypeConfigId</a:nameRef>
                    <a:id>13</a:id>
                </a:ruleInputTestConfigs>
                <a:ruleInputTestConfigs>
                    <a:value xmlns:xsi="http://www.w3.org/2001/XMLSchema-instance" xsi:nil="true"/>
                    <a:nameRef>isFileNameNotNull</a:nameRef>
                    <a:id>14</a:id>
                </a:ruleInputTestConfigs>
                <a:assertions>
                    <a:expectedOutput>
                        <a:type a:uuid="{http://www.appian.com/ae/types/2009}Null"/>
                        <a:runtimeType a:uuid="{http://www.appian.com/ae/types/2009}Null"/>
                    </a:expectedOutput>
                </a:assertions>
                <a:isDefault>false</a:isDefault>
            </el>
            <el>
                <a:name>Handles empty lists</a:name>
                <a:ruleInputTestConfigs>
                    <a:value xmlns:xsi="http://www.w3.org/2001/XMLSchema-instance" xsi:type="a:Expression">{}</a:value>
                    <a:nameRef>parsingTransactionId</a:nameRef>
                    <a:id>1</a:id>
                </a:ruleInputTestConfigs>
                <a:ruleInputTestConfigs>
                    <a:value xmlns:xsi="http://www.w3.org/2001/XMLSchema-instance" xsi:type="a:Expression">{}</a:value>
                    <a:nameRef>requestId</a:nameRef>
                    <a:id>2</a:id>
                </a:ruleInputTestConfigs>
                <a:ruleInputTestConfigs>
                    <a:value xmlns:xsi="http://www.w3.org/2001/XMLSchema-instance" xsi:type="a:Expression">{}</a:value>
                    <a:nameRef>runDate</a:nameRef>
                    <a:id>3</a:id>
                </a:ruleInputTestConfigs>
                <a:ruleInputTestConfigs>
                    <a:value xmlns:xsi="http://www.w3.org/2001/XMLSchema-instance" xsi:type="a:Expression">{}</a:value>
                    <a:nameRef>systemTypeCode</a:nameRef>
                    <a:id>4</a:id>
                </a:ruleInputTestConfigs>
                <a:ruleInputTestConfigs>
                    <a:value xmlns:xsi="http://www.w3.org/2001/XMLSchema-instance" xsi:type="a:Expression">{}</a:value>
                    <a:nameRef>parsingStatus</a:nameRef>
                    <a:id>5</a:id>
                </a:ruleInputTestConfigs>
                <a:ruleInputTestConfigs>
                    <a:value xmlns:xsi="http://www.w3.org/2001/XMLSchema-instance" xsi:type="a:Expression">{}</a:value>
                    <a:nameRef>updatedOn</a:nameRef>
                    <a:id>6</a:id>
                </a:ruleInputTestConfigs>
                <a:ruleInputTestConfigs>
                    <a:value xmlns:xsi="http://www.w3.org/2001/XMLSchema-instance" xsi:type="a:Expression">{}</a:value>
                    <a:nameRef>updatedBy</a:nameRef>
                    <a:id>7</a:id>
                </a:ruleInputTestConfigs>
                <a:ruleInputTestConfigs>
                    <a:value xmlns:xsi="http://www.w3.org/2001/XMLSchema-instance" xsi:type="a:Expression">{}</a:value>
                    <a:nameRef>fileName</a:nameRef>
                    <a:id>8</a:id>
                </a:ruleInputTestConfigs>
                <a:ruleInputTestConfigs>
                    <a:value xmlns:xsi="http://www.w3.org/2001/XMLSchema-instance" xsi:type="a:Expression">{}</a:value>
                    <a:nameRef>exceptionType</a:nameRef>
                    <a:id>9</a:id>
                </a:ruleInputTestConfigs>
                <a:ruleInputTestConfigs>
                    <a:value xmlns:xsi="http://www.w3.org/2001/XMLSchema-instance" xsi:type="a:Expression">{}</a:value>
                    <a:nameRef>exceptionMessage</a:nameRef>
                    <a:id>10</a:id>
                </a:ruleInputTestConfigs>
                <a:ruleInputTestConfigs>
                    <a:value xmlns:xsi="http://www.w3.org/2001/XMLSchema-instance" xsi:type="a:Expression">{}</a:value>
                    <a:nameRef>action</a:nameRef>
                    <a:id>11</a:id>
                </a:ruleInputTestConfigs>
                <a:ruleInputTestConfigs>
                    <a:value xmlns:xsi="http://www.w3.org/2001/XMLSchema-instance" xsi:type="a:Expression">null</a:value>
                    <a:nameRef>pagingInfo</a:nameRef>
                    <a:id>12</a:id>
                </a:ruleInputTestConfigs>
                <a:ruleInputTestConfigs>
                    <a:value xmlns:xsi="http://www.w3.org/2001/XMLSchema-instance" xsi:type="a:Expression">{}</a:value>
                    <a:nameRef>inFileTypeConfigId</a:nameRef>
                    <a:id>13</a:id>
                </a:ruleInputTestConfigs>
                <a:ruleInputTestConfigs>
                    <a:value xmlns:xsi="http://www.w3.org/2001/XMLSchema-instance" xsi:nil="true"/>
                    <a:nameRef>isFileNameNotNull</a:nameRef>
                    <a:id>14</a:id>
                </a:ruleInputTestConfigs>
                <a:assertions xmlns:xsi="http://www.w3.org/2001/XMLSchema-instance" xsi:nil="true"/>
                <a:isDefault>false</a:isDefault>
            </el>
        </value>
    </typedValue>
    <history>
        <historyInfo versionUuid="_a-0000e4c6-e892-8000-5254-1bef901bef90_41870"/>
        <historyInfo versionUuid="_a-0000e4cd-1af4-8000-5255-1bef901bef90_88446"/>
        <historyInfo versionUuid="_a-0000e4cd-1af4-8000-5255-1bef901bef90_192113"/>
        <historyInfo versionUuid="_a-0000e5c3-a65f-8000-5268-1bef901bef90_773646"/>
        <historyInfo versionUuid="_a-0000ed9a-d049-8000-9c18-011c48011c48_10179267"/>
        <historyInfo versionUuid="_a-0000edbc-05b5-8000-9c19-011c48011c48_10435505"/>
    </history>
</contentHaul>
