<?xml version="1.0" encoding="UTF-8" standalone="yes"?>
<contentHaul xmlns:a="http://www.appian.com/ae/types/2009">
    <versionUuid>_a-0000e5c2-2b10-8000-5267-1bef901bef90_755709</versionUuid>
    <interface>
        <name>EAP_EntityMappingEditableGrid</name>
        <uuid>_a-0000e4c3-ab68-8000-5250-1bef901bef90_10075</uuid>
        <description>Contains editable grid for entity mapping</description>
        <parentUuid>_a-0000e4c3-7a1b-8000-524f-1bef901bef90_6580</parentUuid>
        <visibility>
            <advertise>false</advertise>
            <hierarchy>true</hierarchy>
            <indexable>true</indexable>
            <quota>false</quota>
            <searchable>true</searchable>
            <system>false</system>
            <unlogged>false</unlogged>
        </visibility>
        <definition>a!localVariables(
  local!masterLookUpData: #"_a-0000e4c3-ab68-8000-5250-1bef901bef90_7827"(
    isActive: 1
  ),
  local!entityMappingData: if(
    #"_a-0000e4b2-6487-8000-2b63-01ef9001ef90_3233095"(
      index(
        ri!entityMapping,
        "process_id",
        {}
      )
    ),
    {},
    #"_a-0000e4cd-1af4-8000-5255-1bef901bef90_97641"(
      process_id: index(
        ri!entityMapping,
        "process_id",
        {}
      ),
      
    )
  ),
  local!allTablesList: index(
    #"_a-0000e4c6-e892-8000-5254-1bef901bef90_25109"(
      IsUseLike: true(),
      pagingInfo: #"SYSTEM_SYSRULES_pagingInfo"(
        startIndex: 1,
        batchSize: - 1
      )
    ),
    "tableName",
    null
  ),
  {
    #"SYSTEM_SYSRULES_richTextDisplayField"(
      labelPosition: "COLLAPSED",
      value: {
        #"SYSTEM_SYSRULES_richTextItem_v1"(
          text: "Manage Entity Name",
          size: "MEDIUM_PLUS",
          color: "ACCENT",
          style: "STRONG"
        )
      }
    ),
    #"SYSTEM_SYSRULES_gridLayout"(
      label: "",
      shadeAlternateRows: false(),
      headerCells: {
        #"SYSTEM_SYSRULES_gridLayoutHeaderCell"(
          helpTooltip: #"_a-0000e4e9-ef8d-8000-5259-1bef901bef90_259403"(
            categoryGroup: #"_a-0000e4b2-6487-8000-2b63-01ef9001ef90_3238117"[4],
            uniqueKey: #"_a-0000e4cd-1af4-8000-5255-1bef901bef90_108148"[12]
          ),
          label: "Entity Type",
          align: "LEFT"
        ),
        #"SYSTEM_SYSRULES_gridLayoutHeaderCell"(
          label: "Entity Name",
          align: "LEFT"
        ),
        #"SYSTEM_SYSRULES_gridLayoutHeaderCell"(
          label: "Entity Description",
          align: "LEFT"
        ),
        #"SYSTEM_SYSRULES_gridLayoutHeaderCell"(
          label: "Is Active",
          align: "CENTER"
        ),
        #"SYSTEM_SYSRULES_gridLayoutHeaderCell"(
          align: "LEFT",
          showWhen: if(
            or(
              ri!isReadOnly = true()
            ),
            false(),
            true()
          )
        )
      },
      columnConfigs: {
        #"SYSTEM_SYSRULES_gridLayoutColumnConfig"(
          width: "DISTRIBUTE",
          weight: 4
        ),
        #"SYSTEM_SYSRULES_gridLayoutColumnConfig"(
          width: "DISTRIBUTE",
          weight: 5
        ),
        #"SYSTEM_SYSRULES_gridLayoutColumnConfig"(
          width: "DISTRIBUTE",
          weight: 6
        ),
        #"SYSTEM_SYSRULES_gridLayoutColumnConfig"(
          width: "DISTRIBUTE",
          weight: 1
        ),
        #"SYSTEM_SYSRULES_gridLayoutColumnConfig"(
          width: "ICON",
          showWhen: if(
            or(
              ri!isReadOnly = true()
            ),
            false(),
            true()
          )
        )
      },
      rows: {
        #"SYSTEM_SYSRULES_applyComponents"(
          function: #"_a-0000e4c3-ab68-8000-5250-1bef901bef90_10090"(
            isReadOnly: ri!isReadOnly,
            index: _,
            allTablesList: local!allTablesList,
            entityMapping: local!entityMappingData,
            masterLookUpData: local!masterLookUpData
          ),
          array: if(
            or(
              #"_a-0000e4b2-6487-8000-2b63-01ef9001ef90_3233095"(
                local!entityMappingData
              ),
              count(
                local!entityMappingData
              ) = 0
            ),
            null,
            tointeger(
              enumerate(
                count(
                  local!entityMappingData
                )
              ) + 1
            )
          )
        )
      },
      selectionSaveInto: {},
      addRowLink: if(
        ri!isReadOnly,
        {},
        #"SYSTEM_SYSRULES_dynamicLink"(
          label: "Add line items",
          value: 'type!{urn:com:appian:types:eap}EAP_T_EntityMapping'(
            process_id: index(
              ri!entityMapping,
              "process_id",
              {}
            ),
            is_active: 1,
            created_by: loggedInUser(),
            created_on: now(),
            modified_by: loggedInUser(),
            modified_on: now()
          ),
          saveInto: {
            a!save(
              local!entityMappingData,
              append(
                local!entityMappingData,
                save!value
              )
            )
          }
        )
      ),
      /*Validation for duplicate entity type and name*/
      validations: {
        if(
          contains(
            toboolean(
              #"SYSTEM_SYSRULES_forEach"(
                items: local!entityMappingData,
                expression: a!localVariables(
                  local!data: fv!item,
                  contains(
                    toboolean(
                      #"SYSTEM_SYSRULES_forEach"(
                        items: remove(
                          local!entityMappingData,
                          fv!index
                        ),
                        expression: and(
                          tostring(
                            index(
                              fv!item,
                              "entity_type",
                              null
                            )
                          ) = tostring(
                            index(
                              local!data,
                              "entity_type",
                              null
                            )
                          ),
                          tostring(
                            index(
                              fv!item,
                              "entity_name",
                              null
                            )
                          ) = tostring(
                            index(
                              local!data,
                              "entity_name",
                              null
                            )
                          )
                        )
                      )
                    ),
                    true()
                  )
                )
              )
            ),
            true()
          ),
          "Duplicate Combination For Entity Type And Entity Names Found",
          {}
        )
      }
    ),
    #"SYSTEM_SYSRULES_ButtonLayout"(
      primaryButtons: {
        #"SYSTEM_SYSRULES_ButtonWidget"(
          label: "SUBMIT",
          style: "PRIMARY",
          submit: true(),
          saveInto: {
            a!save(
              ri!entityMapping,
              local!entityMappingData
            ),
            a!save(
              ri!buttonAction,
              #"_a-0000e4c3-ab68-8000-5250-1bef901bef90_13888"[1]
            )
          },
          validate: true()
        )
      },
      secondaryButtons: {
        #"SYSTEM_SYSRULES_ButtonWidget"(
          label: "CANCEL",
          submit: true(),
          validate: false(),
          saveInto: {
            a!save(
              ri!buttonAction,
              #"_a-0000e4c3-ab68-8000-5250-1bef901bef90_13888"[2]
            )
          }
        )
      }
    )
  }
)</definition>
        <namedTypedValue>
            <name>entityMapping</name>
            <type>
                <name>EAP_T_EntityMapping?list</name>
                <namespace>urn:com:appian:types:eap</namespace>
            </type>
        </namedTypedValue>
        <namedTypedValue>
            <name>isReadOnly</name>
            <type>
                <name>boolean</name>
                <namespace>http://www.w3.org/2001/XMLSchema</namespace>
            </type>
        </namedTypedValue>
        <namedTypedValue>
            <name>buttonAction</name>
            <type>
                <name>string</name>
                <namespace>http://www.w3.org/2001/XMLSchema</namespace>
            </type>
            <value/>
        </namedTypedValue>
        <preferredEditor>interface</preferredEditor>
        <offlineEnabled>false</offlineEnabled>
        <isCustom>false</isCustom>
    </interface>
    <roleMap public="true">
        <role inherit="true" allowForAll="false" name="readers">
            <users/>
            <groups/>
        </role>
        <role inherit="true" allowForAll="false" name="authors">
            <users/>
            <groups/>
        </role>
        <role inherit="true" allowForAll="false" name="administrators">
            <users/>
            <groups/>
        </role>
        <role inherit="false" allowForAll="false" name="denyReaders">
            <users/>
            <groups/>
        </role>
        <role inherit="false" allowForAll="false" name="denyAuthors">
            <users/>
            <groups/>
        </role>
        <role inherit="false" allowForAll="false" name="denyAdministrators">
            <users/>
            <groups/>
        </role>
    </roleMap>
    <typedValue>
        <type>
            <name>RuleTestConfig?list</name>
            <namespace>http://www.appian.com/ae/types/2009</namespace>
        </type>
        <value>
            <el>
                <a:name/>
                <a:ruleInputTestConfigs>
                    <a:value xmlns:xsi="http://www.w3.org/2001/XMLSchema-instance" xsi:nil="true"/>
                    <a:nameRef>entityMapping</a:nameRef>
                    <a:id>1</a:id>
                </a:ruleInputTestConfigs>
                <a:ruleInputTestConfigs>
                    <a:value xmlns:xsd="http://www.w3.org/2001/XMLSchema" xmlns:xsi="http://www.w3.org/2001/XMLSchema-instance" xsi:type="xsd:boolean">false</a:value>
                    <a:nameRef>isReadOnly</a:nameRef>
                    <a:id>2</a:id>
                </a:ruleInputTestConfigs>
                <a:ruleInputTestConfigs>
                    <a:value xmlns:xsd="http://www.w3.org/2001/XMLSchema" xmlns:xsi="http://www.w3.org/2001/XMLSchema-instance" xsi:type="xsd:string"/>
                    <a:nameRef>buttonAction</a:nameRef>
                    <a:id>3</a:id>
                </a:ruleInputTestConfigs>
                <a:assertions xmlns:xsi="http://www.w3.org/2001/XMLSchema-instance" xsi:nil="true"/>
            </el>
        </value>
    </typedValue>
    <history>
        <historyInfo versionUuid="_a-0000e4cd-1af4-8000-5255-1bef901bef90_80965"/>
        <historyInfo versionUuid="_a-0000e4cd-1af4-8000-5255-1bef901bef90_93627"/>
        <historyInfo versionUuid="_a-0000e4cd-1af4-8000-5255-1bef901bef90_161004"/>
        <historyInfo versionUuid="_a-0000e4cd-1af4-8000-5255-1bef901bef90_191591"/>
        <historyInfo versionUuid="_a-0000e4e9-ef8d-8000-5259-1bef901bef90_280421"/>
        <historyInfo versionUuid="_a-0000e5c2-2b10-8000-5267-1bef901bef90_755709"/>
    </history>
</contentHaul>
