<?xml version="1.0" encoding="UTF-8" standalone="yes"?>
<contentHaul xmlns:a="http://www.appian.com/ae/types/2009">
    <versionUuid>_a-0000ed9a-d049-8000-9c18-011c48011c48_10191840</versionUuid>
    <rule>
        <name>EAP_QE_wfMacroExecution</name>
        <uuid>_a-0000e518-940a-8000-525e-1bef901bef90_493562</uuid>
        <description>Hold QE to get the data for  wf Macro Execution</description>
        <parentUuid>_a-0000e4c3-7a1b-8000-524f-1bef901bef90_6574</parentUuid>
        <visibility>
            <advertise>false</advertise>
            <hierarchy>true</hierarchy>
            <indexable>true</indexable>
            <quota>false</quota>
            <searchable>true</searchable>
            <system>false</system>
            <unlogged>false</unlogged>
        </visibility>
        <definition>#"SYSTEM_SYSRULES_queryEntity_v1"(
  entity: #"_a-0000e518-940a-8000-525e-1bef901bef90_493591",
  query: #"SYSTEM_SYSRULES_query"(
    logicalExpression: if(
      and(
        #"_a-0000e4b2-6487-8000-2b63-01ef9001ef90_3233095"(
          ri!wfActionId
        ),
        #"_a-0000e4b2-6487-8000-2b63-01ef9001ef90_3233095"(
          ri!wfMacroExecutionId
        ),
        #"_a-0000e4b2-6487-8000-2b63-01ef9001ef90_3233095"(
          ri!isWorkbookExecution
        ),
        #"_a-0000e4b2-6487-8000-2b63-01ef9001ef90_3233095"(
          ri!sheetName
        ),
        #"_a-0000e4b2-6487-8000-2b63-01ef9001ef90_3233095"(
          ri!isActive
        ),
        #"_a-0000e4b2-6487-8000-2b63-01ef9001ef90_3233095"(
          ri!createdBy
        ),
        #"_a-0000e4b2-6487-8000-2b63-01ef9001ef90_3233095"(
          ri!createdOn
        ),
        #"_a-0000e4b2-6487-8000-2b63-01ef9001ef90_3233095"(
          ri!modifiedBy
        ),
        #"_a-0000e4b2-6487-8000-2b63-01ef9001ef90_3233095"(
          ri!modifiedOn
        ),
        #"_a-0000e4b2-6487-8000-2b63-01ef9001ef90_3233095"(
          ri!sequenceOrder
        ),
        #"_a-0000e4b2-6487-8000-2b63-01ef9001ef90_3233095"(
          ri!macroName
        )
      ),
      null,
      #"SYSTEM_SYSRULES_queryLogicalExpression"(
        operator: "AND",
        filters: {
          if(
            #"_a-0000e4b2-6487-8000-2b63-01ef9001ef90_3233095"(
              ri!wfActionId
            ),
            {},
            #"SYSTEM_SYSRULES_queryFilter"(
              field: "wf_action_id",
              operator: "IN",
              value: {
                ri!wfActionId
              }
            )
          ),
          if(
            #"_a-0000e4b2-6487-8000-2b63-01ef9001ef90_3233095"(
              ri!wfMacroExecutionId
            ),
            {},
            #"SYSTEM_SYSRULES_queryFilter"(
              field: "wf_macro_execution_id",
              operator: "IN",
              value: {
                ri!wfMacroExecutionId
              }
            )
          ),
          if(
            #"_a-0000e4b2-6487-8000-2b63-01ef9001ef90_3233095"(
              ri!isWorkbookExecution
            ),
            {},
            #"SYSTEM_SYSRULES_queryFilter"(
              field: "is_workbook_execution",
              operator: "IN",
              value: {
                ri!isWorkbookExecution
              }
            )
          ),
          if(
            #"_a-0000e4b2-6487-8000-2b63-01ef9001ef90_3233095"(
              ri!sheetName
            ),
            {},
            #"SYSTEM_SYSRULES_queryFilter"(
              field: "sheet_name",
              operator: "IN",
              value: {
                ri!sheetName
              }
            )
          ),
          if(
            #"_a-0000e4b2-6487-8000-2b63-01ef9001ef90_3233095"(
              ri!isActive
            ),
            {},
            #"SYSTEM_SYSRULES_queryFilter"(
              field: "isactive",
              operator: "IN",
              value: {
                ri!isActive
              }
            )
          ),
          if(
            #"_a-0000e4b2-6487-8000-2b63-01ef9001ef90_3233095"(
              ri!createdBy
            ),
            {},
            #"SYSTEM_SYSRULES_queryFilter"(
              field: "created_by",
              operator: "IN",
              value: {
                ri!createdBy
              }
            )
          ),
          if(
            #"_a-0000e4b2-6487-8000-2b63-01ef9001ef90_3233095"(
              ri!createdOn
            ),
            {},
            #"SYSTEM_SYSRULES_queryFilter"(
              field: "created_on",
              operator: "IN",
              value: {
                ri!createdOn
              }
            )
          ),
          if(
            #"_a-0000e4b2-6487-8000-2b63-01ef9001ef90_3233095"(
              ri!modifiedBy
            ),
            {},
            #"SYSTEM_SYSRULES_queryFilter"(
              field: "modified_by",
              operator: "IN",
              value: {
                ri!modifiedBy
              }
            )
          ),
          if(
            #"_a-0000e4b2-6487-8000-2b63-01ef9001ef90_3233095"(
              ri!modifiedOn
            ),
            {},
            #"SYSTEM_SYSRULES_queryFilter"(
              field: "modified_on",
              operator: "IN",
              value: {
                ri!modifiedOn
              }
            )
          ),
          if(
            #"_a-0000e4b2-6487-8000-2b63-01ef9001ef90_3233095"(
              ri!sequenceOrder
            ),
            {},
            #"SYSTEM_SYSRULES_queryFilter"(
              field: "sequence_order",
              operator: "IN",
              value: {
                ri!sequenceOrder
              }
            )
          ),
          if(
            #"_a-0000e4b2-6487-8000-2b63-01ef9001ef90_3233095"(
              ri!macroName
            ),
            {},
            #"SYSTEM_SYSRULES_queryFilter"(
              field: "macro_name",
              operator: "IN",
              value: {
                ri!macroName
              }
            )
          )
        }
      )
    ),
    pagingInfo: if(
      #"_a-0000e4b2-6487-8000-2b63-01ef9001ef90_3233095"(
        ri!pagingInfo
      ),
      #"SYSTEM_SYSRULES_pagingInfo"(
        startIndex: 1,
        batchSize: - 1
      ),
      ri!pagingInfo
    )
  )
).data</definition>
        <namedTypedValue>
            <name>wfMacroExecutionId</name>
            <type>
                <name>Integer?list</name>
                <namespace>http://www.appian.com/ae/types/2009</namespace>
            </type>
        </namedTypedValue>
        <namedTypedValue>
            <name>wfActionId</name>
            <type>
                <name>Integer?list</name>
                <namespace>http://www.appian.com/ae/types/2009</namespace>
            </type>
        </namedTypedValue>
        <namedTypedValue>
            <name>isWorkbookExecution</name>
            <type>
                <name>Integer?list</name>
                <namespace>http://www.appian.com/ae/types/2009</namespace>
            </type>
        </namedTypedValue>
        <namedTypedValue>
            <name>sheetName</name>
            <type>
                <name>Text?list</name>
                <namespace>http://www.appian.com/ae/types/2009</namespace>
            </type>
        </namedTypedValue>
        <namedTypedValue>
            <name>isActive</name>
            <type>
                <name>Integer?list</name>
                <namespace>http://www.appian.com/ae/types/2009</namespace>
            </type>
        </namedTypedValue>
        <namedTypedValue>
            <name>createdBy</name>
            <type>
                <name>Text?list</name>
                <namespace>http://www.appian.com/ae/types/2009</namespace>
            </type>
        </namedTypedValue>
        <namedTypedValue>
            <name>createdOn</name>
            <type>
                <name>Datetime?list</name>
                <namespace>http://www.appian.com/ae/types/2009</namespace>
            </type>
        </namedTypedValue>
        <namedTypedValue>
            <name>modifiedBy</name>
            <type>
                <name>Text?list</name>
                <namespace>http://www.appian.com/ae/types/2009</namespace>
            </type>
        </namedTypedValue>
        <namedTypedValue>
            <name>modifiedOn</name>
            <type>
                <name>Datetime?list</name>
                <namespace>http://www.appian.com/ae/types/2009</namespace>
            </type>
        </namedTypedValue>
        <namedTypedValue>
            <name>sequenceOrder</name>
            <type>
                <name>Integer?list</name>
                <namespace>http://www.appian.com/ae/types/2009</namespace>
            </type>
        </namedTypedValue>
        <namedTypedValue>
            <name>macroName</name>
            <type>
                <name>Text?list</name>
                <namespace>http://www.appian.com/ae/types/2009</namespace>
            </type>
        </namedTypedValue>
        <namedTypedValue>
            <name>pagingInfo</name>
            <type>
                <name>PagingInfo</name>
                <namespace>http://www.appian.com/ae/types/2009</namespace>
            </type>
        </namedTypedValue>
        <preferredEditor>legacy</preferredEditor>
        <offlineEnabled>false</offlineEnabled>
    </rule>
    <roleMap public="true">
        <role inherit="true" allowForAll="false" name="readers">
            <users/>
            <groups/>
        </role>
        <role inherit="true" allowForAll="false" name="authors">
            <users/>
            <groups/>
        </role>
        <role inherit="true" allowForAll="false" name="administrators">
            <users/>
            <groups/>
        </role>
        <role inherit="false" allowForAll="false" name="denyReaders">
            <users/>
            <groups/>
        </role>
        <role inherit="false" allowForAll="false" name="denyAuthors">
            <users/>
            <groups/>
        </role>
        <role inherit="false" allowForAll="false" name="denyAdministrators">
            <users/>
            <groups/>
        </role>
    </roleMap>
    <typedValue>
        <type>
            <name>RuleTestConfig?list</name>
            <namespace>http://www.appian.com/ae/types/2009</namespace>
        </type>
        <value>
            <el>
                <a:name>No inputs provided</a:name>
                <a:ruleInputTestConfigs>
                    <a:value xmlns:xsi="http://www.w3.org/2001/XMLSchema-instance" xsi:type="a:Expression">null</a:value>
                    <a:nameRef>wfMacroExecutionId</a:nameRef>
                    <a:id>1</a:id>
                </a:ruleInputTestConfigs>
                <a:ruleInputTestConfigs>
                    <a:value xmlns:xsi="http://www.w3.org/2001/XMLSchema-instance" xsi:type="a:Expression">null</a:value>
                    <a:nameRef>wfActionId</a:nameRef>
                    <a:id>2</a:id>
                </a:ruleInputTestConfigs>
                <a:ruleInputTestConfigs>
                    <a:value xmlns:xsi="http://www.w3.org/2001/XMLSchema-instance" xsi:type="a:Expression">null</a:value>
                    <a:nameRef>isWorkbookExecution</a:nameRef>
                    <a:id>3</a:id>
                </a:ruleInputTestConfigs>
                <a:ruleInputTestConfigs>
                    <a:value xmlns:xsi="http://www.w3.org/2001/XMLSchema-instance" xsi:type="a:Expression">null</a:value>
                    <a:nameRef>sheetName</a:nameRef>
                    <a:id>4</a:id>
                </a:ruleInputTestConfigs>
                <a:ruleInputTestConfigs>
                    <a:value xmlns:xsi="http://www.w3.org/2001/XMLSchema-instance" xsi:type="a:Expression">null</a:value>
                    <a:nameRef>isActive</a:nameRef>
                    <a:id>5</a:id>
                </a:ruleInputTestConfigs>
                <a:ruleInputTestConfigs>
                    <a:value xmlns:xsi="http://www.w3.org/2001/XMLSchema-instance" xsi:type="a:Expression">null</a:value>
                    <a:nameRef>createdBy</a:nameRef>
                    <a:id>6</a:id>
                </a:ruleInputTestConfigs>
                <a:ruleInputTestConfigs>
                    <a:value xmlns:xsi="http://www.w3.org/2001/XMLSchema-instance" xsi:type="a:Expression">null</a:value>
                    <a:nameRef>createdOn</a:nameRef>
                    <a:id>7</a:id>
                </a:ruleInputTestConfigs>
                <a:ruleInputTestConfigs>
                    <a:value xmlns:xsi="http://www.w3.org/2001/XMLSchema-instance" xsi:type="a:Expression">null</a:value>
                    <a:nameRef>modifiedBy</a:nameRef>
                    <a:id>8</a:id>
                </a:ruleInputTestConfigs>
                <a:ruleInputTestConfigs>
                    <a:value xmlns:xsi="http://www.w3.org/2001/XMLSchema-instance" xsi:type="a:Expression">null</a:value>
                    <a:nameRef>modifiedOn</a:nameRef>
                    <a:id>9</a:id>
                </a:ruleInputTestConfigs>
                <a:ruleInputTestConfigs>
                    <a:value xmlns:xsi="http://www.w3.org/2001/XMLSchema-instance" xsi:type="a:Expression">null</a:value>
                    <a:nameRef>sequenceOrder</a:nameRef>
                    <a:id>10</a:id>
                </a:ruleInputTestConfigs>
                <a:ruleInputTestConfigs>
                    <a:value xmlns:xsi="http://www.w3.org/2001/XMLSchema-instance" xsi:type="a:Expression">null</a:value>
                    <a:nameRef>macroName</a:nameRef>
                    <a:id>11</a:id>
                </a:ruleInputTestConfigs>
                <a:ruleInputTestConfigs>
                    <a:value xmlns:xsi="http://www.w3.org/2001/XMLSchema-instance" xsi:type="a:Expression">null</a:value>
                    <a:nameRef>pagingInfo</a:nameRef>
                    <a:id>12</a:id>
                </a:ruleInputTestConfigs>
                <a:assertions xmlns:xsi="http://www.w3.org/2001/XMLSchema-instance" xsi:nil="true"/>
                <a:isDefault>false</a:isDefault>
            </el>
            <el>
                <a:name>Multiple filters</a:name>
                <a:ruleInputTestConfigs>
                    <a:value xmlns:xsi="http://www.w3.org/2001/XMLSchema-instance" xsi:type="a:Expression">{1}</a:value>
                    <a:nameRef>wfMacroExecutionId</a:nameRef>
                    <a:id>1</a:id>
                </a:ruleInputTestConfigs>
                <a:ruleInputTestConfigs>
                    <a:value xmlns:xsi="http://www.w3.org/2001/XMLSchema-instance" xsi:type="a:Expression">{2}</a:value>
                    <a:nameRef>wfActionId</a:nameRef>
                    <a:id>2</a:id>
                </a:ruleInputTestConfigs>
                <a:ruleInputTestConfigs>
                    <a:value xmlns:xsi="http://www.w3.org/2001/XMLSchema-instance" xsi:type="a:Expression">{0}</a:value>
                    <a:nameRef>isWorkbookExecution</a:nameRef>
                    <a:id>3</a:id>
                </a:ruleInputTestConfigs>
                <a:ruleInputTestConfigs>
                    <a:value xmlns:xsi="http://www.w3.org/2001/XMLSchema-instance" xsi:type="a:Expression">{"Sheet1"}</a:value>
                    <a:nameRef>sheetName</a:nameRef>
                    <a:id>4</a:id>
                </a:ruleInputTestConfigs>
                <a:ruleInputTestConfigs>
                    <a:value xmlns:xsi="http://www.w3.org/2001/XMLSchema-instance" xsi:type="a:Expression">{1}</a:value>
                    <a:nameRef>isActive</a:nameRef>
                    <a:id>5</a:id>
                </a:ruleInputTestConfigs>
                <a:ruleInputTestConfigs>
                    <a:value xmlns:xsi="http://www.w3.org/2001/XMLSchema-instance" xsi:type="a:Expression">{"user1"}</a:value>
                    <a:nameRef>createdBy</a:nameRef>
                    <a:id>6</a:id>
                </a:ruleInputTestConfigs>
                <a:ruleInputTestConfigs>
                    <a:value xmlns:xsi="http://www.w3.org/2001/XMLSchema-instance" xsi:type="a:Expression">{datetime(2023,1,1,0,0,0)}</a:value>
                    <a:nameRef>createdOn</a:nameRef>
                    <a:id>7</a:id>
                </a:ruleInputTestConfigs>
                <a:ruleInputTestConfigs>
                    <a:value xmlns:xsi="http://www.w3.org/2001/XMLSchema-instance" xsi:type="a:Expression">{"user2"}</a:value>
                    <a:nameRef>modifiedBy</a:nameRef>
                    <a:id>8</a:id>
                </a:ruleInputTestConfigs>
                <a:ruleInputTestConfigs>
                    <a:value xmlns:xsi="http://www.w3.org/2001/XMLSchema-instance" xsi:type="a:Expression">{datetime(2023,1,2,0,0,0)}</a:value>
                    <a:nameRef>modifiedOn</a:nameRef>
                    <a:id>9</a:id>
                </a:ruleInputTestConfigs>
                <a:ruleInputTestConfigs>
                    <a:value xmlns:xsi="http://www.w3.org/2001/XMLSchema-instance" xsi:type="a:Expression">{3}</a:value>
                    <a:nameRef>sequenceOrder</a:nameRef>
                    <a:id>10</a:id>
                </a:ruleInputTestConfigs>
                <a:ruleInputTestConfigs>
                    <a:value xmlns:xsi="http://www.w3.org/2001/XMLSchema-instance" xsi:type="a:Expression">{"Macro3"}</a:value>
                    <a:nameRef>macroName</a:nameRef>
                    <a:id>11</a:id>
                </a:ruleInputTestConfigs>
                <a:ruleInputTestConfigs>
                    <a:value xmlns:xsi="http://www.w3.org/2001/XMLSchema-instance" xsi:type="a:Expression">null</a:value>
                    <a:nameRef>pagingInfo</a:nameRef>
                    <a:id>12</a:id>
                </a:ruleInputTestConfigs>
                <a:assertions xmlns:xsi="http://www.w3.org/2001/XMLSchema-instance" xsi:nil="true"/>
                <a:isDefault>false</a:isDefault>
            </el>
            <el>
                <a:name>Custom pagingInfo</a:name>
                <a:ruleInputTestConfigs>
                    <a:value xmlns:xsi="http://www.w3.org/2001/XMLSchema-instance" xsi:type="a:Expression">null</a:value>
                    <a:nameRef>wfMacroExecutionId</a:nameRef>
                    <a:id>1</a:id>
                </a:ruleInputTestConfigs>
                <a:ruleInputTestConfigs>
                    <a:value xmlns:xsi="http://www.w3.org/2001/XMLSchema-instance" xsi:type="a:Expression">null</a:value>
                    <a:nameRef>wfActionId</a:nameRef>
                    <a:id>2</a:id>
                </a:ruleInputTestConfigs>
                <a:ruleInputTestConfigs>
                    <a:value xmlns:xsi="http://www.w3.org/2001/XMLSchema-instance" xsi:type="a:Expression">null</a:value>
                    <a:nameRef>isWorkbookExecution</a:nameRef>
                    <a:id>3</a:id>
                </a:ruleInputTestConfigs>
                <a:ruleInputTestConfigs>
                    <a:value xmlns:xsi="http://www.w3.org/2001/XMLSchema-instance" xsi:type="a:Expression">null</a:value>
                    <a:nameRef>sheetName</a:nameRef>
                    <a:id>4</a:id>
                </a:ruleInputTestConfigs>
                <a:ruleInputTestConfigs>
                    <a:value xmlns:xsi="http://www.w3.org/2001/XMLSchema-instance" xsi:type="a:Expression">null</a:value>
                    <a:nameRef>isActive</a:nameRef>
                    <a:id>5</a:id>
                </a:ruleInputTestConfigs>
                <a:ruleInputTestConfigs>
                    <a:value xmlns:xsi="http://www.w3.org/2001/XMLSchema-instance" xsi:type="a:Expression">null</a:value>
                    <a:nameRef>createdBy</a:nameRef>
                    <a:id>6</a:id>
                </a:ruleInputTestConfigs>
                <a:ruleInputTestConfigs>
                    <a:value xmlns:xsi="http://www.w3.org/2001/XMLSchema-instance" xsi:type="a:Expression">null</a:value>
                    <a:nameRef>createdOn</a:nameRef>
                    <a:id>7</a:id>
                </a:ruleInputTestConfigs>
                <a:ruleInputTestConfigs>
                    <a:value xmlns:xsi="http://www.w3.org/2001/XMLSchema-instance" xsi:type="a:Expression">null</a:value>
                    <a:nameRef>modifiedBy</a:nameRef>
                    <a:id>8</a:id>
                </a:ruleInputTestConfigs>
                <a:ruleInputTestConfigs>
                    <a:value xmlns:xsi="http://www.w3.org/2001/XMLSchema-instance" xsi:type="a:Expression">null</a:value>
                    <a:nameRef>modifiedOn</a:nameRef>
                    <a:id>9</a:id>
                </a:ruleInputTestConfigs>
                <a:ruleInputTestConfigs>
                    <a:value xmlns:xsi="http://www.w3.org/2001/XMLSchema-instance" xsi:type="a:Expression">null</a:value>
                    <a:nameRef>sequenceOrder</a:nameRef>
                    <a:id>10</a:id>
                </a:ruleInputTestConfigs>
                <a:ruleInputTestConfigs>
                    <a:value xmlns:xsi="http://www.w3.org/2001/XMLSchema-instance" xsi:type="a:Expression">null</a:value>
                    <a:nameRef>macroName</a:nameRef>
                    <a:id>11</a:id>
                </a:ruleInputTestConfigs>
                <a:ruleInputTestConfigs>
                    <a:value xmlns:xsi="http://www.w3.org/2001/XMLSchema-instance" xsi:type="a:Expression">{"startIndex":10,"batchSize":20}</a:value>
                    <a:nameRef>pagingInfo</a:nameRef>
                    <a:id>12</a:id>
                </a:ruleInputTestConfigs>
                <a:assertions xmlns:xsi="http://www.w3.org/2001/XMLSchema-instance" xsi:nil="true"/>
                <a:isDefault>false</a:isDefault>
            </el>
        </value>
    </typedValue>
    <history>
        <historyInfo versionUuid="_a-0000e518-940a-8000-525e-1bef901bef90_493604"/>
        <historyInfo versionUuid="_a-0000ed9a-d049-8000-9c18-011c48011c48_10191840"/>
    </history>
</contentHaul>
