<?xml version="1.0" encoding="UTF-8" standalone="yes"?>
<contentHaul xmlns:a="http://www.appian.com/ae/types/2009">
    <versionUuid>_a-0000ed9a-d049-8000-9c18-011c48011c48_10191971</versionUuid>
    <rule>
        <name>EAP_fixedCellsFiltersGridRowLayout</name>
        <uuid>_a-0000e4dd-0d8b-8000-5257-1bef901bef90_216412</uuid>
        <description>Hold grid row layout rule</description>
        <parentUuid>_a-0000e4c3-7a1b-8000-524f-1bef901bef90_6574</parentUuid>
        <visibility>
            <advertise>false</advertise>
            <hierarchy>true</hierarchy>
            <indexable>true</indexable>
            <quota>false</quota>
            <searchable>true</searchable>
            <system>false</system>
            <unlogged>false</unlogged>
        </visibility>
        <definition>#"SYSTEM_SYSRULES_gridRowLayout"(
  contents: {
    /*entity_filter_column_name*/
    if(
      ri!isReadOnly=true(),
      #"_a-0000e4e9-ef8d-8000-5259-1bef901bef90_285963"(
        value:index(
          ri!fixedCellsFilters[ri!index],
          "entity_filter_column_name",
          {}
        ),
        readOnly: true()
      ),
      #"_a-0000e4e9-ef8d-8000-5259-1bef901bef90_287171"(
        label: "Entity Filter Column Name"  ,
        placeholderLabel:"--Select entity filter column name--",
        choiceLabels: touniformstring(ri!entityNames),
        choiceValues: touniformstring(ri!entityNames),
        value:if(
          #"_a-0000e4c6-e892-8000-5254-1bef901bef90_47169"(
            value:  index(
              ri!fixedCellsFilters[ri!index],
              "entity_filter_column_name",
              {}
            ) ,
            choiceValue: ri!entityNames
          ),
          index(
            ri!fixedCellsFilters[ri!index],
            "entity_filter_column_name",
            {}
          ),
          null
        ),
        saveInto: {
          a!save(
            ri!fixedCellsFilters[ri!index].entity_filter_column_name,
            save!value
          ),
          a!save(
            ri!fixedCellsFilters[ri!index].modified_by,
            loggedInUser()
          ),
          a!save(
            ri!fixedCellsFilters[ri!index].modified_on,
            now()
          )

        },
        required: if(
          ri!isReadOnly=true(),
          false(),true()
        )
      )
    ),
  
    /*filter_generation*/
    if(
      ri!isReadOnly=true(),
      #"_a-0000e4e9-ef8d-8000-5259-1bef901bef90_285963"(
        value:index(
          ri!fixedCellsFilters[ri!index],
          "filter_generation",
          {}
        ),
        readOnly: true()
      ),
      #"_a-0000e4e9-ef8d-8000-5259-1bef901bef90_287171"(
        label: "Filter Generation"  ,
        placeholderLabel:"--Select Filter Generation--",
        choiceLabels: if(
          #"_a-0000e4b2-6487-8000-2b63-01ef9001ef90_3233095"(
            ri!masterLookUpData
          ),
          null,
          touniformstring(
            #"_a-0000e4c3-ab68-8000-5250-1bef901bef90_12255"(
              MasterLookup: ri!masterLookUpData,
              UniqueKey:#"_a-0000e4cd-1af4-8000-5255-1bef901bef90_108148"[15],
              Column: #"_a-0000e4c3-ab68-8000-5250-1bef901bef90_16271"[2]
            )
          )
        ),
        choiceValues: if(
          #"_a-0000e4b2-6487-8000-2b63-01ef9001ef90_3233095"(
            ri!masterLookUpData
          ),
          null,
          touniformstring(
            #"_a-0000e4c3-ab68-8000-5250-1bef901bef90_12255"(
              MasterLookup: ri!masterLookUpData,
              UniqueKey: #"_a-0000e4cd-1af4-8000-5255-1bef901bef90_108148"[15],
              Column: #"_a-0000e4c3-ab68-8000-5250-1bef901bef90_16271"[3]
            )
          )
        ),
        value:if(
          #"_a-0000e4c6-e892-8000-5254-1bef901bef90_47169"(
            value:  index(
              ri!fixedCellsFilters[ri!index],
              "filter_generation",
              {}
            ) ,
            choiceValue: if(
              #"_a-0000e4b2-6487-8000-2b63-01ef9001ef90_3233095"(
                ri!masterLookUpData
              ),
              null,
              touniformstring(
                #"_a-0000e4c3-ab68-8000-5250-1bef901bef90_12255"(
                  MasterLookup: ri!masterLookUpData,
                  UniqueKey: #"_a-0000e4cd-1af4-8000-5255-1bef901bef90_108148"[15],
                  Column: #"_a-0000e4c3-ab68-8000-5250-1bef901bef90_16271"[3]
                )
              )
            )
          ),
          index(
            ri!fixedCellsFilters[ri!index],
            "filter_generation",
            {}
          ),
          null
        ),
        saveInto: {
          a!save(
            ri!fixedCellsFilters[ri!index].filter_generation,
            save!value
          ),
          a!save(
            ri!fixedCellsFilters[ri!index].modified_by,
            loggedInUser()
          ),
          a!save(
            ri!fixedCellsFilters[ri!index].modified_on,
            now()
          )

        },
        required: if(
          ri!isReadOnly=true(),
          false(),true()
        )
      )
    ),

    /*filter_operator*/
    if(
      ri!isReadOnly=true(),
      #"_a-0000e4e9-ef8d-8000-5259-1bef901bef90_285963"(
        value:index(
          ri!fixedCellsFilters[ri!index],
          "filter_operator",
          {}
        ),
        readOnly: true()
      ),
      #"_a-0000e4e9-ef8d-8000-5259-1bef901bef90_287171"(
        label: "Filter Operator"  ,
        placeholderLabel:"--Select Filter Operator name--",
        choiceLabels: if(
          #"_a-0000e4b2-6487-8000-2b63-01ef9001ef90_3233095"(
            ri!masterLookUpData
          ),
          null,
          touniformstring(
            #"_a-0000e4c3-ab68-8000-5250-1bef901bef90_12255"(
              MasterLookup: ri!masterLookUpData,
              UniqueKey: #"_a-0000e4cd-1af4-8000-5255-1bef901bef90_108148"[3],
              Column: #"_a-0000e4c3-ab68-8000-5250-1bef901bef90_16271"[2]
            )
          )
        ),
        choiceValues: if(
          #"_a-0000e4b2-6487-8000-2b63-01ef9001ef90_3233095"(
            ri!masterLookUpData
          ),
          null,
          touniformstring(
            #"_a-0000e4c3-ab68-8000-5250-1bef901bef90_12255"(
              MasterLookup: ri!masterLookUpData,
              UniqueKey: #"_a-0000e4cd-1af4-8000-5255-1bef901bef90_108148"[3],
              Column: #"_a-0000e4c3-ab68-8000-5250-1bef901bef90_16271"[3]
            )
          )
        ),
        value:if(
          #"_a-0000e4c6-e892-8000-5254-1bef901bef90_47169"(
            value:  index(
              ri!fixedCellsFilters[ri!index],
              "filter_operator",
              {}
            ) ,
            choiceValue: if(
              #"_a-0000e4b2-6487-8000-2b63-01ef9001ef90_3233095"(
                ri!masterLookUpData
              ),
              null,
              touniformstring(
                #"_a-0000e4c3-ab68-8000-5250-1bef901bef90_12255"(
                  MasterLookup: ri!masterLookUpData,
                  UniqueKey:#"_a-0000e4cd-1af4-8000-5255-1bef901bef90_108148"[3],
                  Column: #"_a-0000e4c3-ab68-8000-5250-1bef901bef90_16271"[3]
                )
              )
            )
          ),
          index(
            ri!fixedCellsFilters[ri!index],
            "filter_operator",
            {}
          ),
          null
        ),
        saveInto: {
          a!save(
            ri!fixedCellsFilters[ri!index].filter_operator,
            save!value
          ),
          a!save(
            ri!fixedCellsFilters[ri!index].modified_by,
            loggedInUser()
          ),
          a!save(
            ri!fixedCellsFilters[ri!index].modified_on,
            now()
          )

        },
        required: if(
          ri!isReadOnly=true(),
          false(),true()
        )
      )
    ),

    /*filter_value*/
    if(
      or(
        tostring(
          index(
            ri!fixedCellsFilters[ri!index],
            "filter_generation",
            {}
          )
        ) = #"_a-0000e4cd-1af4-8000-5255-1bef901bef90_99991"[1]
      ),
      #"_a-0000e4e9-ef8d-8000-5259-1bef901bef90_285963"(
        disabled: #"_a-0000e4b2-6487-8000-2b63-01ef9001ef90_3233095"(
          index(
            ri!fixedCellsFilters[ri!index],
            "filter_generation",
            {}
          )
        ),
        value: index(
          ri!fixedCellsFilters[ri!index],
          "filter_value",
          {}
        ),
        saveInto: {a!save(
          ri!fixedCellsFilters[ri!index].filter_value,
          save!value
        ),
        a!save(
          ri!fixedCellsFilters[ri!index].modified_by,
          loggedInUser()
        ),
        a!save(
          ri!fixedCellsFilters[ri!index].modified_on,
          now()
        )
        },
        placeholder: "--Enter Filter Value --",
        readOnly: ri!isReadOnly,
        validations: {
          if(
            ri!isReadOnly,
            {},
            #"_a-0000e4b2-6487-8000-2b63-01ef9001ef90_3251505"(
              value: index(
                ri!fixedCellsFilters[ri!index],
                "filter_value",
                {}
              ),
              ValidationLength: #"_a-0000e4c6-e892-8000-5254-1bef901bef90_42536"[8]
            )
          )
        },
        required: if(
          ri!isReadOnly=true(),
          false(),
          true()
        )

      ),
      #"_a-0000e4e9-ef8d-8000-5259-1bef901bef90_287171"(
        disabled: or(
          #"_a-0000e4b2-6487-8000-2b63-01ef9001ef90_3233095"(
            index(
              ri!fixedCellsFilters[ri!index],
              "filter_generation",
              {}
            )
          ),
          ri!isReadOnly = true()
        ),
        placeholderLabel: "--Select Filter Value--",
        choiceLabels:if(#"_a-0000e4b2-6487-8000-2b63-01ef9001ef90_3233095"(ri!runtimeConfigs),
        null,
        touniformstring(ri!runtimeConfigs)
        ),
        choiceValues:if(#"_a-0000e4b2-6487-8000-2b63-01ef9001ef90_3233095"(ri!runtimeConfigs),
        null,
        touniformstring(ri!runtimeConfigs)
        ),
        value: if(
          #"_a-0000e4c6-e892-8000-5254-1bef901bef90_47169"(
            value: index(
              ri!fixedCellsFilters[ri!index],
              "filter_value",
              {}
            ),
            choiceValue: ri!runtimeConfigs
          ),
          index(
            ri!fixedCellsFilters[ri!index],
            "filter_value",
            {}
          ),
          null
        ),
        saveInto: {a!save(
          ri!fixedCellsFilters[ri!index].filter_value,
          save!value
        ),

        a!save(
          ri!fixedCellsFilters[ri!index].modified_by,
          loggedInUser()
        ),
        a!save(
          ri!fixedCellsFilters[ri!index].modified_on,
          now()
        )},
        validations: {
          if(
            ri!isReadOnly,
            {},
            #"_a-0000e4b2-6487-8000-2b63-01ef9001ef90_3251505"(
              value: index(
                ri!fixedCellsFilters[ri!index],
                "filter_value",
                {}
              ),
              ValidationLength: #"_a-0000e4c6-e892-8000-5254-1bef901bef90_42536"[8]
            )
          )
        },
        required: if(
          ri!isReadOnly=true(),
          false(),
          true()
        )
      )
    ),
   
    /*isactive*/
    #"SYSTEM_SYSRULES_richTextDisplayField"(
      align: "CENTER",
      value: {
        if(
          or(
            tointeger(
              index(
                ri!fixedCellsFilters[ri!index],
                "is_active",
                {}
              )
            ) = 1
          ),
          #"SYSTEM_SYSRULES_richTextIcon"(
            linkStyle: "STANDALONE",
            icon: "toggle-on",
            caption: "Yes",
            link: #"SYSTEM_SYSRULES_dynamicLink"(
              value: 1,
              showWhen: if(
                or(
                  ri!isReadOnly
                ),
                false(),
                true()
              ),
              saveInto: {a!save(
                ri!fixedCellsFilters[ri!index].is_active,
                0
              ),
              a!save(
                ri!fixedCellsFilters[ri!index].modified_by,
                loggedInUser()
              ),
              a!save(
                ri!fixedCellsFilters[ri!index].modified_on,
                now()
              )
              },
            ),
            size: "MEDIUM_PLUS",
            color: "ACCENT"
          ),
          #"SYSTEM_SYSRULES_richTextIcon"(
            linkStyle: "STANDALONE",
            icon: "toggle-off",
            caption: "No",
            link: #"SYSTEM_SYSRULES_dynamicLink"(
              value: 0,
              showWhen: if(
                or(
                  ri!isReadOnly
                ),
                false(),
                true()
              ),
              saveInto: {a!save(
                ri!fixedCellsFilters[ri!index].is_active,
                1
              ),

              a!save(
                ri!fixedCellsFilters[ri!index].modified_by,
                loggedInUser()
              ),
              a!save(
                ri!fixedCellsFilters[ri!index].modified_on,
                now()
              )}
            ),
            size: "MEDIUM_PLUS",
            color: "ACCENT"
          )
        )
      }
    ),
    /*remove*/
    if(
      not( #"_a-0000e4b2-6487-8000-2b63-01ef9001ef90_3233095"(
        index(
          ri!fixedCellsFilters[ri!index],
          "gt_out_fixed_cell_filter_id",
          {}
        )
      )),
      if(
        ri!isReadOnly = true(),
        {},
        #"SYSTEM_SYSRULES_richTextDisplayField"()
      ),
      if(
        ri!isReadonly = true(),
        {},
        #"SYSTEM_SYSRULES_imageField_v1"(
          label: "delete ",
          images: #"SYSTEM_SYSRULES_documentImage"(
            document: #"SYSTEM_SYSRULES_iconIndicator"(
              "REMOVE"
            ),
            altText: "Remove",
            caption: "Remove",
            link: #"SYSTEM_SYSRULES_dynamicLink"(
              value: ri!index,
              saveInto: {
                a!save(
                  ri!fixedCellsFilters,
                  remove(
                    ri!fixedCellsFilters,
                    ri!index
                  )
                )
              }
            )
          ),
          size: "ICON"
        )
      )
    )
  }
)</definition>
        <namedTypedValue>
            <name>index</name>
            <type>
                <name>int</name>
                <namespace>http://www.w3.org/2001/XMLSchema</namespace>
            </type>
        </namedTypedValue>
        <namedTypedValue>
            <name>isReadOnly</name>
            <type>
                <name>boolean</name>
                <namespace>http://www.w3.org/2001/XMLSchema</namespace>
            </type>
        </namedTypedValue>
        <namedTypedValue>
            <name>fixedCellsFilters</name>
            <type>
                <name>EAP_T_GtFixedCellsFilters?list</name>
                <namespace>urn:com:appian:types:eap</namespace>
            </type>
        </namedTypedValue>
        <namedTypedValue>
            <name>masterLookUpData</name>
            <type>
                <name>EAP_T_RefMaster?list</name>
                <namespace>urn:com:appian:types:eap</namespace>
            </type>
        </namedTypedValue>
        <namedTypedValue>
            <name>entityNames</name>
            <type>
                <name>Text?list</name>
                <namespace>http://www.appian.com/ae/types/2009</namespace>
            </type>
        </namedTypedValue>
        <namedTypedValue>
            <name>runtimeConfigs</name>
            <type>
                <name>Text?list</name>
                <namespace>http://www.appian.com/ae/types/2009</namespace>
            </type>
        </namedTypedValue>
        <preferredEditor>legacy</preferredEditor>
        <offlineEnabled>false</offlineEnabled>
    </rule>
    <roleMap public="true">
        <role inherit="true" allowForAll="false" name="readers">
            <users/>
            <groups/>
        </role>
        <role inherit="true" allowForAll="false" name="authors">
            <users/>
            <groups/>
        </role>
        <role inherit="true" allowForAll="false" name="administrators">
            <users/>
            <groups/>
        </role>
        <role inherit="false" allowForAll="false" name="denyReaders">
            <users/>
            <groups/>
        </role>
        <role inherit="false" allowForAll="false" name="denyAuthors">
            <users/>
            <groups/>
        </role>
        <role inherit="false" allowForAll="false" name="denyAdministrators">
            <users/>
            <groups/>
        </role>
    </roleMap>
    <typedValue>
        <type>
            <name>RuleTestConfig?list</name>
            <namespace>http://www.appian.com/ae/types/2009</namespace>
        </type>
        <value>
            <el>
                <a:name>Fixed cells filters exist</a:name>
                <a:ruleInputTestConfigs>
                    <a:value xmlns:xsi="http://www.w3.org/2001/XMLSchema-instance" xsi:type="a:Expression">1</a:value>
                    <a:nameRef>index</a:nameRef>
                    <a:id>1</a:id>
                </a:ruleInputTestConfigs>
                <a:ruleInputTestConfigs>
                    <a:value xmlns:xsi="http://www.w3.org/2001/XMLSchema-instance" xsi:type="a:Expression">false</a:value>
                    <a:nameRef>isReadOnly</a:nameRef>
                    <a:id>2</a:id>
                </a:ruleInputTestConfigs>
                <a:ruleInputTestConfigs>
                    <a:value xmlns:xsi="http://www.w3.org/2001/XMLSchema-instance" xsi:type="a:Expression">{'type!{urn:com:appian:types:eap}EAP_T_GtFixedCellsFilters'(gt_out_fixed_cell_filter_id: 1,process_id: 1,out_file_entity_mapping_id: 1,entity_filter_column_name: "ColumnA",filter_generation: "Static",filter_operator: "Equals",filter_value: "Value1",is_active: 1,created_by: "user1",created_on: datetime(2023,1,1,1,1,1),modified_by: "user1",modified_on: datetime(2023,1,1,1,1,1)), 'type!{urn:com:appian:types:eap}EAP_T_GtFixedCellsFilters'(gt_out_fixed_cell_filter_id: 2,process_id: 1,out_file_entity_mapping_id: 1,entity_filter_column_name: "ColumnB",filter_generation: "Runtime",filter_operator: "NotEquals",filter_value: "Value2",is_active: 0,created_by: "user1",created_on: datetime(2023,1,1,1,1,1),modified_by: "user1",modified_on: datetime(2023,1,1,1,1,1))}</a:value>
                    <a:nameRef>fixedCellsFilters</a:nameRef>
                    <a:id>3</a:id>
                </a:ruleInputTestConfigs>
                <a:ruleInputTestConfigs>
                    <a:value xmlns:xsi="http://www.w3.org/2001/XMLSchema-instance" xsi:type="a:Expression">{'type!{urn:com:appian:types:eap}EAP_T_RefMaster'(reference_data_id: 1,type: "Filter Generation",code: "Static",label: "Static",sort_order: 1,is_active: 1,created_by: "user1",created_on: datetime(2023,1,1,1,1,1),modified_by: "user1",modified_on: datetime(2023,1,1,1,1,1),category_group: "FILTER_GENERATION"), 'type!{urn:com:appian:types:eap}EAP_T_RefMaster'(reference_data_id: 2,type: "Filter Generation",code: "Runtime",label: "Runtime",sort_order: 2,is_active: 1,created_by: "user1",created_on: datetime(2023,1,1,1,1,1),modified_by: "user1",modified_on: datetime(2023,1,1,1,1,1),category_group: "FILTER_GENERATION"), 'type!{urn:com:appian:types:eap}EAP_T_RefMaster'(reference_data_id: 3,type: "Filter Operator",code: "Equals",label: "Equals",sort_order: 1,is_active: 1,created_by: "user1",created_on: datetime(2023,1,1,1,1,1),modified_by: "user1",modified_on: datetime(2023,1,1,1,1,1),category_group: "FILTER_OPERATOR"), 'type!{urn:com:appian:types:eap}EAP_T_RefMaster'(reference_data_id: 4,type: "Filter Operator",code: "NotEquals",label: "Not Equals",sort_order: 2,is_active: 1,created_by: "user1",created_on: datetime(2023,1,1,1,1,1),modified_by: "user1",modified_on: datetime(2023,1,1,1,1,1),category_group: "FILTER_OPERATOR")}</a:value>
                    <a:nameRef>masterLookUpData</a:nameRef>
                    <a:id>4</a:id>
                </a:ruleInputTestConfigs>
                <a:ruleInputTestConfigs>
                    <a:value xmlns:xsi="http://www.w3.org/2001/XMLSchema-instance" xsi:type="a:Expression">"ColumnA","ColumnB","ColumnC"</a:value>
                    <a:nameRef>entityNames</a:nameRef>
                    <a:id>5</a:id>
                </a:ruleInputTestConfigs>
                <a:ruleInputTestConfigs>
                    <a:value xmlns:xsi="http://www.w3.org/2001/XMLSchema-instance" xsi:type="a:Expression">"Value1","Value2","Value3"</a:value>
                    <a:nameRef>runtimeConfigs</a:nameRef>
                    <a:id>6</a:id>
                </a:ruleInputTestConfigs>
                <a:assertions xmlns:xsi="http://www.w3.org/2001/XMLSchema-instance" xsi:nil="true"/>
                <a:isDefault>false</a:isDefault>
            </el>
            <el>
                <a:name>Handles null or empty entity names</a:name>
                <a:ruleInputTestConfigs>
                    <a:value xmlns:xsi="http://www.w3.org/2001/XMLSchema-instance" xsi:type="a:Expression">1</a:value>
                    <a:nameRef>index</a:nameRef>
                    <a:id>1</a:id>
                </a:ruleInputTestConfigs>
                <a:ruleInputTestConfigs>
                    <a:value xmlns:xsi="http://www.w3.org/2001/XMLSchema-instance" xsi:type="a:Expression">false</a:value>
                    <a:nameRef>isReadOnly</a:nameRef>
                    <a:id>2</a:id>
                </a:ruleInputTestConfigs>
                <a:ruleInputTestConfigs>
                    <a:value xmlns:xsi="http://www.w3.org/2001/XMLSchema-instance" xsi:type="a:Expression">{'type!{urn:com:appian:types:eap}EAP_T_GtFixedCellsFilters'(gt_out_fixed_cell_filter_id: 1,process_id: 1,out_file_entity_mapping_id: 1,entity_filter_column_name: "ColumnA",filter_generation: "Static",filter_operator: "Equals",filter_value: "Value1",is_active: 1,created_by: "user1",created_on: datetime(2023,1,1,1,1,1),modified_by: "user1",modified_on: datetime(2023,1,1,1,1,1))}</a:value>
                    <a:nameRef>fixedCellsFilters</a:nameRef>
                    <a:id>3</a:id>
                </a:ruleInputTestConfigs>
                <a:ruleInputTestConfigs>
                    <a:value xmlns:xsi="http://www.w3.org/2001/XMLSchema-instance" xsi:type="a:Expression">{'type!{urn:com:appian:types:eap}EAP_T_RefMaster'(reference_data_id: 1,type: "Filter Generation",code: "Static",label: "Static",sort_order: 1,is_active: 1,created_by: "user1",created_on: datetime(2023,1,1,1,1,1),modified_by: "user1",modified_on: datetime(2023,1,1,1,1,1),category_group: "FILTER_GENERATION"), 'type!{urn:com:appian:types:eap}EAP_T_RefMaster'(reference_data_id: 3,type: "Filter Operator",code: "Equals",label: "Equals",sort_order: 1,is_active: 1,created_by: "user1",created_on: datetime(2023,1,1,1,1,1),modified_by: "user1",modified_on: datetime(2023,1,1,1,1,1),category_group: "FILTER_OPERATOR")}</a:value>
                    <a:nameRef>masterLookUpData</a:nameRef>
                    <a:id>4</a:id>
                </a:ruleInputTestConfigs>
                <a:ruleInputTestConfigs>
                    <a:value xmlns:xsi="http://www.w3.org/2001/XMLSchema-instance" xsi:type="a:Expression">{}</a:value>
                    <a:nameRef>entityNames</a:nameRef>
                    <a:id>5</a:id>
                </a:ruleInputTestConfigs>
                <a:ruleInputTestConfigs>
                    <a:value xmlns:xsi="http://www.w3.org/2001/XMLSchema-instance" xsi:type="a:Expression">"Value1","Value2","Value3"</a:value>
                    <a:nameRef>runtimeConfigs</a:nameRef>
                    <a:id>6</a:id>
                </a:ruleInputTestConfigs>
                <a:assertions xmlns:xsi="http://www.w3.org/2001/XMLSchema-instance" xsi:nil="true"/>
                <a:isDefault>false</a:isDefault>
            </el>
            <el>
                <a:name>Handles null or empty runtime configs</a:name>
                <a:ruleInputTestConfigs>
                    <a:value xmlns:xsi="http://www.w3.org/2001/XMLSchema-instance" xsi:type="a:Expression">1</a:value>
                    <a:nameRef>index</a:nameRef>
                    <a:id>1</a:id>
                </a:ruleInputTestConfigs>
                <a:ruleInputTestConfigs>
                    <a:value xmlns:xsi="http://www.w3.org/2001/XMLSchema-instance" xsi:type="a:Expression">false</a:value>
                    <a:nameRef>isReadOnly</a:nameRef>
                    <a:id>2</a:id>
                </a:ruleInputTestConfigs>
                <a:ruleInputTestConfigs>
                    <a:value xmlns:xsi="http://www.w3.org/2001/XMLSchema-instance" xsi:type="a:Expression">{'type!{urn:com:appian:types:eap}EAP_T_GtFixedCellsFilters'(gt_out_fixed_cell_filter_id: 1,process_id: 1,out_file_entity_mapping_id: 1,entity_filter_column_name: "ColumnA",filter_generation: "Runtime",filter_operator: "Equals",filter_value: "Value1",is_active: 1,created_by: "user1",created_on: datetime(2023,1,1,1,1,1),modified_by: "user1",modified_on: datetime(2023,1,1,1,1,1))}</a:value>
                    <a:nameRef>fixedCellsFilters</a:nameRef>
                    <a:id>3</a:id>
                </a:ruleInputTestConfigs>
                <a:ruleInputTestConfigs>
                    <a:value xmlns:xsi="http://www.w3.org/2001/XMLSchema-instance" xsi:type="a:Expression">{'type!{urn:com:appian:types:eap}EAP_T_RefMaster'(reference_data_id: 1,type: "Filter Generation",code: "Static",label: "Static",sort_order: 1,is_active: 1,created_by: "user1",created_on: datetime(2023,1,1,1,1,1),modified_by: "user1",modified_on: datetime(2023,1,1,1,1,1),category_group: "FILTER_GENERATION"), 'type!{urn:com:appian:types:eap}EAP_T_RefMaster'(reference_data_id: 2,type: "Filter Generation",code: "Runtime",label: "Runtime",sort_order: 2,is_active: 1,created_by: "user1",created_on: datetime(2023,1,1,1,1,1),modified_by: "user1",modified_on: datetime(2023,1,1,1,1,1),category_group: "FILTER_GENERATION"), 'type!{urn:com:appian:types:eap}EAP_T_RefMaster'(reference_data_id: 3,type: "Filter Operator",code: "Equals",label: "Equals",sort_order: 1,is_active: 1,created_by: "user1",created_on: datetime(2023,1,1,1,1,1),modified_by: "user1",modified_on: datetime(2023,1,1,1,1,1),category_group: "FILTER_OPERATOR")}</a:value>
                    <a:nameRef>masterLookUpData</a:nameRef>
                    <a:id>4</a:id>
                </a:ruleInputTestConfigs>
                <a:ruleInputTestConfigs>
                    <a:value xmlns:xsi="http://www.w3.org/2001/XMLSchema-instance" xsi:type="a:Expression">"ColumnA","ColumnB","ColumnC"</a:value>
                    <a:nameRef>entityNames</a:nameRef>
                    <a:id>5</a:id>
                </a:ruleInputTestConfigs>
                <a:ruleInputTestConfigs>
                    <a:value xmlns:xsi="http://www.w3.org/2001/XMLSchema-instance" xsi:type="a:Expression">{}</a:value>
                    <a:nameRef>runtimeConfigs</a:nameRef>
                    <a:id>6</a:id>
                </a:ruleInputTestConfigs>
                <a:assertions xmlns:xsi="http://www.w3.org/2001/XMLSchema-instance" xsi:nil="true"/>
                <a:isDefault>false</a:isDefault>
            </el>
        </value>
    </typedValue>
    <history>
        <historyInfo versionUuid="_a-0000e4dd-0d8b-8000-5257-1bef901bef90_228324"/>
        <historyInfo versionUuid="_a-0000e4e9-ef8d-8000-5259-1bef901bef90_299268"/>
        <historyInfo versionUuid="_a-0000e4e9-ef8d-8000-5259-1bef901bef90_380993"/>
        <historyInfo versionUuid="_a-0000ed9a-d049-8000-9c18-011c48011c48_10191971"/>
    </history>
</contentHaul>
