<?xml version="1.0" encoding="UTF-8" standalone="yes"?>
<groupHaul xmlns:a="http://www.appian.com/ae/types/2009">
    <versionUuid>_e-0000ee19-0777-8000-9b77-01075c01075c_7519</versionUuid>
    <group>
        <name>EAP Operations</name>
        <securityMap>SECURITYMAP_PUBLIC</securityMap>
        <uuid>_e-0000e753-0d97-8000-527e-1b1e941b1e94_537</uuid>
        <groupTypeUuid>_f-0000e42a-af2f-8000-d7f7-3b1e943b1e94_25</groupTypeUuid>
        <description>EUC Operations Group</description>
        <delegatedCreation>false</delegatedCreation>
        <memberPolicy>MEMBERPOLICY_CLOSED</memberPolicy>
        <viewingPolicy>VIEWINGPOLICY_LOW</viewingPolicy>
        <attributes/>
    </group>
    <members>
        <users/>
        <groups/>
    </members>
    <admins>
        <users/>
        <groups>
            <groupUuid>_e-0000e4c3-ab68-8000-5250-1b1e941b1e94_46</groupUuid>
        </groups>
    </admins>
    <ruleSet/>
    <history>
        <historyInfo versionUuid="_e-0000e753-0d97-8000-527e-1b1e941b1e94_538"/>
        <historyInfo versionUuid="_e-0000ed9a-ce73-8000-9b65-01075c01075c_7192"/>
        <historyInfo versionUuid="_e-0000ee19-0777-8000-9b77-01075c01075c_7519"/>
    </history>
</groupHaul>
