<?xml version="1.0" encoding="UTF-8" standalone="yes"?>
<groupHaul xmlns:a="http://www.appian.com/ae/types/2009">
    <versionUuid>_e-0000ed70-c7f1-8000-9b63-01075c01075c_7089</versionUuid>
    <group>
        <name>EAP Process Alerts</name>
        <securityMap>SECURITYMAP_TEAM</securityMap>
        <uuid>_e-0000e42a-af2f-8000-d7f7-3b1e943b1e94_1653</uuid>
        <groupTypeUuid>_f-0000e42a-af2f-8000-d7f7-3b1e943b1e94_27</groupTypeUuid>
        <description>Holds Technical Group - to Users who should receive the Process Alerts</description>
        <delegatedCreation>false</delegatedCreation>
        <memberPolicy>MEMBERPOLICY_CLOSED</memberPolicy>
        <viewingPolicy>VIEWINGPOLICY_LOW</viewingPolicy>
        <attributes/>
    </group>
    <members>
        <users/>
        <groups/>
    </members>
    <admins>
        <users/>
        <groups>
            <groupUuid>_e-0000e4c3-ab68-8000-5250-1b1e941b1e94_46</groupUuid>
        </groups>
    </admins>
    <ruleSet/>
    <history>
        <historyInfo versionUuid="_e-0000e42a-af2f-8000-d7f7-3b1e943b1e94_1654"/>
        <historyInfo versionUuid="_e-0000ed70-c7f1-8000-9b63-01075c01075c_7089"/>
    </history>
</groupHaul>
